ISO-10303-21;
HEADER;
FILE_DESCRIPTION(('KiCad electronic assembly'),'2;1');
FILE_NAME('outpost split flap thing.step','2026-07-07T14:08:05',(
    'Pcbnew'),('Kicad'),'Open CASCADE STEP processor 7.8',
  'KiCad to STEP converter','Unknown');
FILE_SCHEMA(('AUTOMOTIVE_DESIGN { 1 0 10303 214 1 1 1 1 }'));
ENDSEC;
DATA;
#1 = APPLICATION_PROTOCOL_DEFINITION('international standard',
  'automotive_design',2000,#2);
#2 = APPLICATION_CONTEXT(
  'core data for automotive mechanical design processes');
#3 = SHAPE_DEFINITION_REPRESENTATION(#4,#10);
#4 = PRODUCT_DEFINITION_SHAPE('','',#5);
#5 = PRODUCT_DEFINITION('design','',#6,#9);
#6 = PRODUCT_DEFINITION_FORMATION('','',#7);
#7 = PRODUCT('outpost split flap thing 1','outpost split flap thing 1',
  '',(#8));
#8 = PRODUCT_CONTEXT('',#2,'mechanical');
#9 = PRODUCT_DEFINITION_CONTEXT('part definition',#2,'design');
#10 = SHAPE_REPRESENTATION('',(#11,#15,#19,#23,#27,#31,#35,#39,#43,#47,
    #51,#55),#59);
#11 = AXIS2_PLACEMENT_3D('',#12,#13,#14);
#12 = CARTESIAN_POINT('',(0.,0.,0.));
#13 = DIRECTION('',(0.,0.,1.));
#14 = DIRECTION('',(1.,0.,-0.));
#15 = AXIS2_PLACEMENT_3D('',#16,#17,#18);
#16 = CARTESIAN_POINT('',(131.06,-106.5,1.595));
#17 = DIRECTION('',(-0.,0.,1.));
#18 = DIRECTION('',(1.110223024625E-16,-1.,0.));
#19 = AXIS2_PLACEMENT_3D('',#20,#21,#22);
#20 = CARTESIAN_POINT('',(107.04,-113.25,1.595));
#21 = DIRECTION('',(-0.,0.,1.));
#22 = DIRECTION('',(1.110223024625E-16,-1.,0.));
#23 = AXIS2_PLACEMENT_3D('',#24,#25,#26);
#24 = CARTESIAN_POINT('',(113.25,-111.225,1.595));
#25 = DIRECTION('',(0.,0.,1.));
#26 = DIRECTION('',(1.,0.,0.));
#27 = AXIS2_PLACEMENT_3D('',#28,#29,#30);
#28 = CARTESIAN_POINT('',(126.,-112.04,1.595));
#29 = DIRECTION('',(0.,-0.,1.));
#30 = DIRECTION('',(1.110223024625E-16,1.,0.));
#31 = AXIS2_PLACEMENT_3D('',#32,#33,#34);
#32 = CARTESIAN_POINT('',(117.71,-113.5,1.595));
#33 = DIRECTION('',(0.,0.,1.));
#34 = DIRECTION('',(1.,0.,0.));
#35 = AXIS2_PLACEMENT_3D('',#36,#37,#38);
#36 = CARTESIAN_POINT('',(106.69,-100.75,1.595));
#37 = DIRECTION('',(0.,-0.,1.));
#38 = DIRECTION('',(1.110223024625E-16,1.,0.));
#39 = AXIS2_PLACEMENT_3D('',#40,#41,#42);
#40 = CARTESIAN_POINT('',(138.5,-86.,1.595));
#41 = DIRECTION('',(0.,0.,1.));
#42 = DIRECTION('',(1.,0.,0.));
#43 = AXIS2_PLACEMENT_3D('',#44,#45,#46);
#44 = CARTESIAN_POINT('',(97.58,-86.04,1.595));
#45 = DIRECTION('',(0.,0.,1.));
#46 = DIRECTION('',(1.,0.,0.));
#47 = AXIS2_PLACEMENT_3D('',#48,#49,#50);
#48 = CARTESIAN_POINT('',(101.5,-85.92,1.595));
#49 = DIRECTION('',(0.,0.,1.));
#50 = DIRECTION('',(1.,0.,0.));
#51 = AXIS2_PLACEMENT_3D('',#52,#53,#54);
#52 = CARTESIAN_POINT('',(118.5,-108.25,1.595));
#53 = DIRECTION('',(0.,0.,1.));
#54 = DIRECTION('',(1.,0.,0.));
#55 = AXIS2_PLACEMENT_3D('',#56,#57,#58);
#56 = CARTESIAN_POINT('',(0.,0.,0.));
#57 = DIRECTION('',(0.,0.,1.));
#58 = DIRECTION('',(1.,0.,-0.));
#59 = ( GEOMETRIC_REPRESENTATION_CONTEXT(3) 
GLOBAL_UNCERTAINTY_ASSIGNED_CONTEXT((#63)) GLOBAL_UNIT_ASSIGNED_CONTEXT(
(#60,#61,#62)) REPRESENTATION_CONTEXT('Context #1',
  '3D Context with UNIT and UNCERTAINTY') );
#60 = ( LENGTH_UNIT() NAMED_UNIT(*) SI_UNIT(.MILLI.,.METRE.) );
#61 = ( NAMED_UNIT(*) PLANE_ANGLE_UNIT() SI_UNIT($,.RADIAN.) );
#62 = ( NAMED_UNIT(*) SI_UNIT($,.STERADIAN.) SOLID_ANGLE_UNIT() );
#63 = UNCERTAINTY_MEASURE_WITH_UNIT(LENGTH_MEASURE(1.E-07),#60,
  'distance_accuracy_value','confusion accuracy');
#64 = PRODUCT_RELATED_PRODUCT_CATEGORY('part',$,(#7));
#65 = SHAPE_DEFINITION_REPRESENTATION(#66,#72);
#66 = PRODUCT_DEFINITION_SHAPE('','',#67);
#67 = PRODUCT_DEFINITION('design','',#68,#71);
#68 = PRODUCT_DEFINITION_FORMATION('','',#69);
#69 = PRODUCT('PinHeader_1x04_P2.54mm_Vertical',
  'PinHeader_1x04_P2.54mm_Vertical','',(#70));
#70 = PRODUCT_CONTEXT('',#2,'mechanical');
#71 = PRODUCT_DEFINITION_CONTEXT('part definition',#2,'design');
#72 = ADVANCED_BREP_SHAPE_REPRESENTATION('',(#11,#73),#2853);
#73 = MANIFOLD_SOLID_BREP('',#74);
#74 = CLOSED_SHELL('',(#75,#115,#146,#177,#506,#835,#852,#869,#886,#903,
    #920,#937,#954,#971,#988,#1005,#1022,#1039,#1056,#1073,#1090,#1107,
    #1124,#1141,#1158,#1175,#1192,#1209,#1221,#1252,#1276,#1300,#1317,
    #1348,#1372,#1396,#1413,#1444,#1468,#1492,#1509,#1540,#1564,#1588,
    #1605,#1636,#1660,#1684,#1701,#1732,#1756,#1780,#1797,#1828,#1852,
    #1876,#1893,#1924,#1948,#1972,#1989,#2020,#2044,#2068,#2085,#2116,
    #2140,#2164,#2181,#2212,#2236,#2260,#2277,#2308,#2332,#2356,#2373,
    #2404,#2428,#2452,#2469,#2500,#2524,#2548,#2565,#2596,#2620,#2644,
    #2661,#2692,#2716,#2740,#2757,#2769,#2781,#2793,#2805,#2817,#2829,
    #2841));
#75 = ADVANCED_FACE('',(#76),#110,.F.);
#76 = FACE_BOUND('',#77,.F.);
#77 = EDGE_LOOP('',(#78,#88,#96,#104));
#78 = ORIENTED_EDGE('',*,*,#79,.T.);
#79 = EDGE_CURVE('',#80,#82,#84,.T.);
#80 = VERTEX_POINT('',#81);
#81 = CARTESIAN_POINT('',(-1.016,1.27,0.));
#82 = VERTEX_POINT('',#83);
#83 = CARTESIAN_POINT('',(-1.016,1.27,2.54));
#84 = LINE('',#85,#86);
#85 = CARTESIAN_POINT('',(-1.016,1.27,0.));
#86 = VECTOR('',#87,1.);
#87 = DIRECTION('',(0.,0.,1.));
#88 = ORIENTED_EDGE('',*,*,#89,.T.);
#89 = EDGE_CURVE('',#82,#90,#92,.T.);
#90 = VERTEX_POINT('',#91);
#91 = CARTESIAN_POINT('',(-1.27,1.016,2.54));
#92 = LINE('',#93,#94);
#93 = CARTESIAN_POINT('',(-1.016,1.27,2.54));
#94 = VECTOR('',#95,1.);
#95 = DIRECTION('',(-0.707106781187,-0.707106781187,0.));
#96 = ORIENTED_EDGE('',*,*,#97,.F.);
#97 = EDGE_CURVE('',#98,#90,#100,.T.);
#98 = VERTEX_POINT('',#99);
#99 = CARTESIAN_POINT('',(-1.27,1.016,0.));
#100 = LINE('',#101,#102);
#101 = CARTESIAN_POINT('',(-1.27,1.016,0.));
#102 = VECTOR('',#103,1.);
#103 = DIRECTION('',(0.,0.,1.));
#104 = ORIENTED_EDGE('',*,*,#105,.F.);
#105 = EDGE_CURVE('',#80,#98,#106,.T.);
#106 = LINE('',#107,#108);
#107 = CARTESIAN_POINT('',(-1.016,1.27,0.));
#108 = VECTOR('',#109,1.);
#109 = DIRECTION('',(-0.707106781187,-0.707106781187,0.));
#110 = PLANE('',#111);
#111 = AXIS2_PLACEMENT_3D('',#112,#113,#114);
#112 = CARTESIAN_POINT('',(-1.016,1.27,0.));
#113 = DIRECTION('',(0.707106781187,-0.707106781187,0.));
#114 = DIRECTION('',(-0.707106781187,-0.707106781187,0.));
#115 = ADVANCED_FACE('',(#116),#141,.F.);
#116 = FACE_BOUND('',#117,.F.);
#117 = EDGE_LOOP('',(#118,#128,#134,#135));
#118 = ORIENTED_EDGE('',*,*,#119,.T.);
#119 = EDGE_CURVE('',#120,#122,#124,.T.);
#120 = VERTEX_POINT('',#121);
#121 = CARTESIAN_POINT('',(1.016,1.27,0.));
#122 = VERTEX_POINT('',#123);
#123 = CARTESIAN_POINT('',(1.016,1.27,2.54));
#124 = LINE('',#125,#126);
#125 = CARTESIAN_POINT('',(1.016,1.27,0.));
#126 = VECTOR('',#127,1.);
#127 = DIRECTION('',(0.,0.,1.));
#128 = ORIENTED_EDGE('',*,*,#129,.T.);
#129 = EDGE_CURVE('',#122,#82,#130,.T.);
#130 = LINE('',#131,#132);
#131 = CARTESIAN_POINT('',(1.016,1.27,2.54));
#132 = VECTOR('',#133,1.);
#133 = DIRECTION('',(-1.,0.,0.));
#134 = ORIENTED_EDGE('',*,*,#79,.F.);
#135 = ORIENTED_EDGE('',*,*,#136,.F.);
#136 = EDGE_CURVE('',#120,#80,#137,.T.);
#137 = LINE('',#138,#139);
#138 = CARTESIAN_POINT('',(1.016,1.27,0.));
#139 = VECTOR('',#140,1.);
#140 = DIRECTION('',(-1.,0.,0.));
#141 = PLANE('',#142);
#142 = AXIS2_PLACEMENT_3D('',#143,#144,#145);
#143 = CARTESIAN_POINT('',(1.016,1.27,0.));
#144 = DIRECTION('',(0.,-1.,0.));
#145 = DIRECTION('',(-1.,0.,0.));
#146 = ADVANCED_FACE('',(#147),#172,.F.);
#147 = FACE_BOUND('',#148,.F.);
#148 = EDGE_LOOP('',(#149,#150,#158,#166));
#149 = ORIENTED_EDGE('',*,*,#97,.T.);
#150 = ORIENTED_EDGE('',*,*,#151,.T.);
#151 = EDGE_CURVE('',#90,#152,#154,.T.);
#152 = VERTEX_POINT('',#153);
#153 = CARTESIAN_POINT('',(-1.27,-1.016,2.54));
#154 = LINE('',#155,#156);
#155 = CARTESIAN_POINT('',(-1.27,1.016,2.54));
#156 = VECTOR('',#157,1.);
#157 = DIRECTION('',(0.,-1.,0.));
#158 = ORIENTED_EDGE('',*,*,#159,.F.);
#159 = EDGE_CURVE('',#160,#152,#162,.T.);
#160 = VERTEX_POINT('',#161);
#161 = CARTESIAN_POINT('',(-1.27,-1.016,0.));
#162 = LINE('',#163,#164);
#163 = CARTESIAN_POINT('',(-1.27,-1.016,0.));
#164 = VECTOR('',#165,1.);
#165 = DIRECTION('',(0.,0.,1.));
#166 = ORIENTED_EDGE('',*,*,#167,.F.);
#167 = EDGE_CURVE('',#98,#160,#168,.T.);
#168 = LINE('',#169,#170);
#169 = CARTESIAN_POINT('',(-1.27,1.016,0.));
#170 = VECTOR('',#171,1.);
#171 = DIRECTION('',(0.,-1.,0.));
#172 = PLANE('',#173);
#173 = AXIS2_PLACEMENT_3D('',#174,#175,#176);
#174 = CARTESIAN_POINT('',(-1.27,1.016,0.));
#175 = DIRECTION('',(1.,0.,0.));
#176 = DIRECTION('',(0.,-1.,0.));
#177 = ADVANCED_FACE('',(#178,#365,#399,#433,#467),#501,.F.);
#178 = FACE_BOUND('',#179,.F.);
#179 = EDGE_LOOP('',(#180,#181,#182,#190,#198,#206,#214,#222,#230,#238,
    #246,#254,#262,#270,#278,#286,#294,#302,#310,#318,#326,#334,#342,
    #350,#358,#364));
#180 = ORIENTED_EDGE('',*,*,#105,.T.);
#181 = ORIENTED_EDGE('',*,*,#167,.T.);
#182 = ORIENTED_EDGE('',*,*,#183,.T.);
#183 = EDGE_CURVE('',#160,#184,#186,.T.);
#184 = VERTEX_POINT('',#185);
#185 = CARTESIAN_POINT('',(-1.016,-1.27,0.));
#186 = LINE('',#187,#188);
#187 = CARTESIAN_POINT('',(-1.27,-1.016,0.));
#188 = VECTOR('',#189,1.);
#189 = DIRECTION('',(0.707106781187,-0.707106781187,0.));
#190 = ORIENTED_EDGE('',*,*,#191,.T.);
#191 = EDGE_CURVE('',#184,#192,#194,.T.);
#192 = VERTEX_POINT('',#193);
#193 = CARTESIAN_POINT('',(-1.27,-1.524,0.));
#194 = LINE('',#195,#196);
#195 = CARTESIAN_POINT('',(-1.016,-1.27,0.));
#196 = VECTOR('',#197,1.);
#197 = DIRECTION('',(-0.707106781187,-0.707106781187,0.));
#198 = ORIENTED_EDGE('',*,*,#199,.T.);
#199 = EDGE_CURVE('',#192,#200,#202,.T.);
#200 = VERTEX_POINT('',#201);
#201 = CARTESIAN_POINT('',(-1.27,-3.556,0.));
#202 = LINE('',#203,#204);
#203 = CARTESIAN_POINT('',(-1.27,-1.524,0.));
#204 = VECTOR('',#205,1.);
#205 = DIRECTION('',(0.,-1.,0.));
#206 = ORIENTED_EDGE('',*,*,#207,.T.);
#207 = EDGE_CURVE('',#200,#208,#210,.T.);
#208 = VERTEX_POINT('',#209);
#209 = CARTESIAN_POINT('',(-1.016,-3.81,0.));
#210 = LINE('',#211,#212);
#211 = CARTESIAN_POINT('',(-1.27,-3.556,0.));
#212 = VECTOR('',#213,1.);
#213 = DIRECTION('',(0.707106781187,-0.707106781187,0.));
#214 = ORIENTED_EDGE('',*,*,#215,.T.);
#215 = EDGE_CURVE('',#208,#216,#218,.T.);
#216 = VERTEX_POINT('',#217);
#217 = CARTESIAN_POINT('',(-1.27,-4.064,0.));
#218 = LINE('',#219,#220);
#219 = CARTESIAN_POINT('',(-1.016,-3.81,0.));
#220 = VECTOR('',#221,1.);
#221 = DIRECTION('',(-0.707106781187,-0.707106781187,0.));
#222 = ORIENTED_EDGE('',*,*,#223,.T.);
#223 = EDGE_CURVE('',#216,#224,#226,.T.);
#224 = VERTEX_POINT('',#225);
#225 = CARTESIAN_POINT('',(-1.27,-6.096,0.));
#226 = LINE('',#227,#228);
#227 = CARTESIAN_POINT('',(-1.27,-4.064,0.));
#228 = VECTOR('',#229,1.);
#229 = DIRECTION('',(0.,-1.,0.));
#230 = ORIENTED_EDGE('',*,*,#231,.T.);
#231 = EDGE_CURVE('',#224,#232,#234,.T.);
#232 = VERTEX_POINT('',#233);
#233 = CARTESIAN_POINT('',(-1.016,-6.35,0.));
#234 = LINE('',#235,#236);
#235 = CARTESIAN_POINT('',(-1.27,-6.096,0.));
#236 = VECTOR('',#237,1.);
#237 = DIRECTION('',(0.707106781187,-0.707106781187,0.));
#238 = ORIENTED_EDGE('',*,*,#239,.T.);
#239 = EDGE_CURVE('',#232,#240,#242,.T.);
#240 = VERTEX_POINT('',#241);
#241 = CARTESIAN_POINT('',(-1.27,-6.604,0.));
#242 = LINE('',#243,#244);
#243 = CARTESIAN_POINT('',(-1.016,-6.35,0.));
#244 = VECTOR('',#245,1.);
#245 = DIRECTION('',(-0.707106781187,-0.707106781187,0.));
#246 = ORIENTED_EDGE('',*,*,#247,.T.);
#247 = EDGE_CURVE('',#240,#248,#250,.T.);
#248 = VERTEX_POINT('',#249);
#249 = CARTESIAN_POINT('',(-1.27,-8.636,0.));
#250 = LINE('',#251,#252);
#251 = CARTESIAN_POINT('',(-1.27,-6.604,0.));
#252 = VECTOR('',#253,1.);
#253 = DIRECTION('',(0.,-1.,0.));
#254 = ORIENTED_EDGE('',*,*,#255,.T.);
#255 = EDGE_CURVE('',#248,#256,#258,.T.);
#256 = VERTEX_POINT('',#257);
#257 = CARTESIAN_POINT('',(-1.016,-8.89,0.));
#258 = LINE('',#259,#260);
#259 = CARTESIAN_POINT('',(-1.27,-8.636,0.));
#260 = VECTOR('',#261,1.);
#261 = DIRECTION('',(0.707106781187,-0.707106781187,0.));
#262 = ORIENTED_EDGE('',*,*,#263,.T.);
#263 = EDGE_CURVE('',#256,#264,#266,.T.);
#264 = VERTEX_POINT('',#265);
#265 = CARTESIAN_POINT('',(1.016,-8.89,0.));
#266 = LINE('',#267,#268);
#267 = CARTESIAN_POINT('',(-1.016,-8.89,0.));
#268 = VECTOR('',#269,1.);
#269 = DIRECTION('',(1.,0.,0.));
#270 = ORIENTED_EDGE('',*,*,#271,.T.);
#271 = EDGE_CURVE('',#264,#272,#274,.T.);
#272 = VERTEX_POINT('',#273);
#273 = CARTESIAN_POINT('',(1.27,-8.636,0.));
#274 = LINE('',#275,#276);
#275 = CARTESIAN_POINT('',(1.016,-8.89,0.));
#276 = VECTOR('',#277,1.);
#277 = DIRECTION('',(0.707106781187,0.707106781187,0.));
#278 = ORIENTED_EDGE('',*,*,#279,.T.);
#279 = EDGE_CURVE('',#272,#280,#282,.T.);
#280 = VERTEX_POINT('',#281);
#281 = CARTESIAN_POINT('',(1.27,-6.604,0.));
#282 = LINE('',#283,#284);
#283 = CARTESIAN_POINT('',(1.27,-8.636,0.));
#284 = VECTOR('',#285,1.);
#285 = DIRECTION('',(0.,1.,0.));
#286 = ORIENTED_EDGE('',*,*,#287,.T.);
#287 = EDGE_CURVE('',#280,#288,#290,.T.);
#288 = VERTEX_POINT('',#289);
#289 = CARTESIAN_POINT('',(1.016,-6.35,0.));
#290 = LINE('',#291,#292);
#291 = CARTESIAN_POINT('',(1.27,-6.604,0.));
#292 = VECTOR('',#293,1.);
#293 = DIRECTION('',(-0.707106781187,0.707106781187,0.));
#294 = ORIENTED_EDGE('',*,*,#295,.T.);
#295 = EDGE_CURVE('',#288,#296,#298,.T.);
#296 = VERTEX_POINT('',#297);
#297 = CARTESIAN_POINT('',(1.27,-6.096,0.));
#298 = LINE('',#299,#300);
#299 = CARTESIAN_POINT('',(1.016,-6.35,0.));
#300 = VECTOR('',#301,1.);
#301 = DIRECTION('',(0.707106781187,0.707106781187,0.));
#302 = ORIENTED_EDGE('',*,*,#303,.T.);
#303 = EDGE_CURVE('',#296,#304,#306,.T.);
#304 = VERTEX_POINT('',#305);
#305 = CARTESIAN_POINT('',(1.27,-4.064,0.));
#306 = LINE('',#307,#308);
#307 = CARTESIAN_POINT('',(1.27,-6.096,0.));
#308 = VECTOR('',#309,1.);
#309 = DIRECTION('',(0.,1.,0.));
#310 = ORIENTED_EDGE('',*,*,#311,.T.);
#311 = EDGE_CURVE('',#304,#312,#314,.T.);
#312 = VERTEX_POINT('',#313);
#313 = CARTESIAN_POINT('',(1.016,-3.81,0.));
#314 = LINE('',#315,#316);
#315 = CARTESIAN_POINT('',(1.27,-4.064,0.));
#316 = VECTOR('',#317,1.);
#317 = DIRECTION('',(-0.707106781187,0.707106781187,0.));
#318 = ORIENTED_EDGE('',*,*,#319,.T.);
#319 = EDGE_CURVE('',#312,#320,#322,.T.);
#320 = VERTEX_POINT('',#321);
#321 = CARTESIAN_POINT('',(1.27,-3.556,0.));
#322 = LINE('',#323,#324);
#323 = CARTESIAN_POINT('',(1.016,-3.81,0.));
#324 = VECTOR('',#325,1.);
#325 = DIRECTION('',(0.707106781187,0.707106781187,0.));
#326 = ORIENTED_EDGE('',*,*,#327,.T.);
#327 = EDGE_CURVE('',#320,#328,#330,.T.);
#328 = VERTEX_POINT('',#329);
#329 = CARTESIAN_POINT('',(1.27,-1.524,0.));
#330 = LINE('',#331,#332);
#331 = CARTESIAN_POINT('',(1.27,-3.556,0.));
#332 = VECTOR('',#333,1.);
#333 = DIRECTION('',(0.,1.,0.));
#334 = ORIENTED_EDGE('',*,*,#335,.T.);
#335 = EDGE_CURVE('',#328,#336,#338,.T.);
#336 = VERTEX_POINT('',#337);
#337 = CARTESIAN_POINT('',(1.016,-1.27,0.));
#338 = LINE('',#339,#340);
#339 = CARTESIAN_POINT('',(1.27,-1.524,0.));
#340 = VECTOR('',#341,1.);
#341 = DIRECTION('',(-0.707106781187,0.707106781187,0.));
#342 = ORIENTED_EDGE('',*,*,#343,.T.);
#343 = EDGE_CURVE('',#336,#344,#346,.T.);
#344 = VERTEX_POINT('',#345);
#345 = CARTESIAN_POINT('',(1.27,-1.016,0.));
#346 = LINE('',#347,#348);
#347 = CARTESIAN_POINT('',(1.016,-1.27,0.));
#348 = VECTOR('',#349,1.);
#349 = DIRECTION('',(0.707106781187,0.707106781187,0.));
#350 = ORIENTED_EDGE('',*,*,#351,.T.);
#351 = EDGE_CURVE('',#344,#352,#354,.T.);
#352 = VERTEX_POINT('',#353);
#353 = CARTESIAN_POINT('',(1.27,1.016,0.));
#354 = LINE('',#355,#356);
#355 = CARTESIAN_POINT('',(1.27,-1.016,0.));
#356 = VECTOR('',#357,1.);
#357 = DIRECTION('',(0.,1.,0.));
#358 = ORIENTED_EDGE('',*,*,#359,.T.);
#359 = EDGE_CURVE('',#352,#120,#360,.T.);
#360 = LINE('',#361,#362);
#361 = CARTESIAN_POINT('',(1.27,1.016,0.));
#362 = VECTOR('',#363,1.);
#363 = DIRECTION('',(-0.707106781187,0.707106781187,0.));
#364 = ORIENTED_EDGE('',*,*,#136,.T.);
#365 = FACE_BOUND('',#366,.F.);
#366 = EDGE_LOOP('',(#367,#377,#385,#393));
#367 = ORIENTED_EDGE('',*,*,#368,.F.);
#368 = EDGE_CURVE('',#369,#371,#373,.T.);
#369 = VERTEX_POINT('',#370);
#370 = CARTESIAN_POINT('',(0.32,-4.76,0.));
#371 = VERTEX_POINT('',#372);
#372 = CARTESIAN_POINT('',(-0.32,-4.76,0.));
#373 = LINE('',#374,#375);
#374 = CARTESIAN_POINT('',(-0.16,-4.76,0.));
#375 = VECTOR('',#376,1.);
#376 = DIRECTION('',(-1.,0.,0.));
#377 = ORIENTED_EDGE('',*,*,#378,.F.);
#378 = EDGE_CURVE('',#379,#369,#381,.T.);
#379 = VERTEX_POINT('',#380);
#380 = CARTESIAN_POINT('',(0.32,-5.4,0.));
#381 = LINE('',#382,#383);
#382 = CARTESIAN_POINT('',(0.32,-4.605,0.));
#383 = VECTOR('',#384,1.);
#384 = DIRECTION('',(0.,1.,0.));
#385 = ORIENTED_EDGE('',*,*,#386,.T.);
#386 = EDGE_CURVE('',#379,#387,#389,.T.);
#387 = VERTEX_POINT('',#388);
#388 = CARTESIAN_POINT('',(-0.32,-5.4,0.));
#389 = LINE('',#390,#391);
#390 = CARTESIAN_POINT('',(-0.16,-5.4,0.));
#391 = VECTOR('',#392,1.);
#392 = DIRECTION('',(-1.,0.,0.));
#393 = ORIENTED_EDGE('',*,*,#394,.T.);
#394 = EDGE_CURVE('',#387,#371,#395,.T.);
#395 = LINE('',#396,#397);
#396 = CARTESIAN_POINT('',(-0.32,-4.605,0.));
#397 = VECTOR('',#398,1.);
#398 = DIRECTION('',(0.,1.,0.));
#399 = FACE_BOUND('',#400,.F.);
#400 = EDGE_LOOP('',(#401,#411,#419,#427));
#401 = ORIENTED_EDGE('',*,*,#402,.F.);
#402 = EDGE_CURVE('',#403,#405,#407,.T.);
#403 = VERTEX_POINT('',#404);
#404 = CARTESIAN_POINT('',(0.32,-7.94,0.));
#405 = VERTEX_POINT('',#406);
#406 = CARTESIAN_POINT('',(0.32,-7.3,0.));
#407 = LINE('',#408,#409);
#408 = CARTESIAN_POINT('',(0.32,-5.875,0.));
#409 = VECTOR('',#410,1.);
#410 = DIRECTION('',(0.,1.,0.));
#411 = ORIENTED_EDGE('',*,*,#412,.T.);
#412 = EDGE_CURVE('',#403,#413,#415,.T.);
#413 = VERTEX_POINT('',#414);
#414 = CARTESIAN_POINT('',(-0.32,-7.94,0.));
#415 = LINE('',#416,#417);
#416 = CARTESIAN_POINT('',(-0.16,-7.94,0.));
#417 = VECTOR('',#418,1.);
#418 = DIRECTION('',(-1.,0.,0.));
#419 = ORIENTED_EDGE('',*,*,#420,.T.);
#420 = EDGE_CURVE('',#413,#421,#423,.T.);
#421 = VERTEX_POINT('',#422);
#422 = CARTESIAN_POINT('',(-0.32,-7.3,0.));
#423 = LINE('',#424,#425);
#424 = CARTESIAN_POINT('',(-0.32,-5.875,0.));
#425 = VECTOR('',#426,1.);
#426 = DIRECTION('',(0.,1.,0.));
#427 = ORIENTED_EDGE('',*,*,#428,.F.);
#428 = EDGE_CURVE('',#405,#421,#429,.T.);
#429 = LINE('',#430,#431);
#430 = CARTESIAN_POINT('',(-0.16,-7.3,0.));
#431 = VECTOR('',#432,1.);
#432 = DIRECTION('',(-1.,0.,0.));
#433 = FACE_BOUND('',#434,.F.);
#434 = EDGE_LOOP('',(#435,#445,#453,#461));
#435 = ORIENTED_EDGE('',*,*,#436,.F.);
#436 = EDGE_CURVE('',#437,#439,#441,.T.);
#437 = VERTEX_POINT('',#438);
#438 = CARTESIAN_POINT('',(0.32,-0.32,0.));
#439 = VERTEX_POINT('',#440);
#440 = CARTESIAN_POINT('',(0.32,0.32,0.));
#441 = LINE('',#442,#443);
#442 = CARTESIAN_POINT('',(0.32,-2.065,0.));
#443 = VECTOR('',#444,1.);
#444 = DIRECTION('',(0.,1.,0.));
#445 = ORIENTED_EDGE('',*,*,#446,.T.);
#446 = EDGE_CURVE('',#437,#447,#449,.T.);
#447 = VERTEX_POINT('',#448);
#448 = CARTESIAN_POINT('',(-0.32,-0.32,0.));
#449 = LINE('',#450,#451);
#450 = CARTESIAN_POINT('',(-0.16,-0.32,0.));
#451 = VECTOR('',#452,1.);
#452 = DIRECTION('',(-1.,0.,0.));
#453 = ORIENTED_EDGE('',*,*,#454,.T.);
#454 = EDGE_CURVE('',#447,#455,#457,.T.);
#455 = VERTEX_POINT('',#456);
#456 = CARTESIAN_POINT('',(-0.32,0.32,0.));
#457 = LINE('',#458,#459);
#458 = CARTESIAN_POINT('',(-0.32,-2.065,0.));
#459 = VECTOR('',#460,1.);
#460 = DIRECTION('',(0.,1.,0.));
#461 = ORIENTED_EDGE('',*,*,#462,.F.);
#462 = EDGE_CURVE('',#439,#455,#463,.T.);
#463 = LINE('',#464,#465);
#464 = CARTESIAN_POINT('',(-0.16,0.32,0.));
#465 = VECTOR('',#466,1.);
#466 = DIRECTION('',(-1.,0.,0.));
#467 = FACE_BOUND('',#468,.F.);
#468 = EDGE_LOOP('',(#469,#479,#487,#495));
#469 = ORIENTED_EDGE('',*,*,#470,.F.);
#470 = EDGE_CURVE('',#471,#473,#475,.T.);
#471 = VERTEX_POINT('',#472);
#472 = CARTESIAN_POINT('',(0.32,-2.22,0.));
#473 = VERTEX_POINT('',#474);
#474 = CARTESIAN_POINT('',(-0.32,-2.22,0.));
#475 = LINE('',#476,#477);
#476 = CARTESIAN_POINT('',(-0.16,-2.22,0.));
#477 = VECTOR('',#478,1.);
#478 = DIRECTION('',(-1.,0.,0.));
#479 = ORIENTED_EDGE('',*,*,#480,.F.);
#480 = EDGE_CURVE('',#481,#471,#483,.T.);
#481 = VERTEX_POINT('',#482);
#482 = CARTESIAN_POINT('',(0.32,-2.86,0.));
#483 = LINE('',#484,#485);
#484 = CARTESIAN_POINT('',(0.32,-3.335,0.));
#485 = VECTOR('',#486,1.);
#486 = DIRECTION('',(0.,1.,0.));
#487 = ORIENTED_EDGE('',*,*,#488,.T.);
#488 = EDGE_CURVE('',#481,#489,#491,.T.);
#489 = VERTEX_POINT('',#490);
#490 = CARTESIAN_POINT('',(-0.32,-2.86,0.));
#491 = LINE('',#492,#493);
#492 = CARTESIAN_POINT('',(-0.16,-2.86,0.));
#493 = VECTOR('',#494,1.);
#494 = DIRECTION('',(-1.,0.,0.));
#495 = ORIENTED_EDGE('',*,*,#496,.T.);
#496 = EDGE_CURVE('',#489,#473,#497,.T.);
#497 = LINE('',#498,#499);
#498 = CARTESIAN_POINT('',(-0.32,-3.335,0.));
#499 = VECTOR('',#500,1.);
#500 = DIRECTION('',(0.,1.,0.));
#501 = PLANE('',#502);
#502 = AXIS2_PLACEMENT_3D('',#503,#504,#505);
#503 = CARTESIAN_POINT('',(4.259053689278E-17,-3.81,0.));
#504 = DIRECTION('',(0.,0.,1.));
#505 = DIRECTION('',(1.,0.,-0.));
#506 = ADVANCED_FACE('',(#507,#694,#728,#762,#796),#830,.T.);
#507 = FACE_BOUND('',#508,.T.);
#508 = EDGE_LOOP('',(#509,#510,#511,#519,#527,#535,#543,#551,#559,#567,
    #575,#583,#591,#599,#607,#615,#623,#631,#639,#647,#655,#663,#671,
    #679,#687,#693));
#509 = ORIENTED_EDGE('',*,*,#89,.T.);
#510 = ORIENTED_EDGE('',*,*,#151,.T.);
#511 = ORIENTED_EDGE('',*,*,#512,.T.);
#512 = EDGE_CURVE('',#152,#513,#515,.T.);
#513 = VERTEX_POINT('',#514);
#514 = CARTESIAN_POINT('',(-1.016,-1.27,2.54));
#515 = LINE('',#516,#517);
#516 = CARTESIAN_POINT('',(-1.27,-1.016,2.54));
#517 = VECTOR('',#518,1.);
#518 = DIRECTION('',(0.707106781187,-0.707106781187,0.));
#519 = ORIENTED_EDGE('',*,*,#520,.T.);
#520 = EDGE_CURVE('',#513,#521,#523,.T.);
#521 = VERTEX_POINT('',#522);
#522 = CARTESIAN_POINT('',(-1.27,-1.524,2.54));
#523 = LINE('',#524,#525);
#524 = CARTESIAN_POINT('',(-1.016,-1.27,2.54));
#525 = VECTOR('',#526,1.);
#526 = DIRECTION('',(-0.707106781187,-0.707106781187,0.));
#527 = ORIENTED_EDGE('',*,*,#528,.T.);
#528 = EDGE_CURVE('',#521,#529,#531,.T.);
#529 = VERTEX_POINT('',#530);
#530 = CARTESIAN_POINT('',(-1.27,-3.556,2.54));
#531 = LINE('',#532,#533);
#532 = CARTESIAN_POINT('',(-1.27,-1.524,2.54));
#533 = VECTOR('',#534,1.);
#534 = DIRECTION('',(0.,-1.,0.));
#535 = ORIENTED_EDGE('',*,*,#536,.T.);
#536 = EDGE_CURVE('',#529,#537,#539,.T.);
#537 = VERTEX_POINT('',#538);
#538 = CARTESIAN_POINT('',(-1.016,-3.81,2.54));
#539 = LINE('',#540,#541);
#540 = CARTESIAN_POINT('',(-1.27,-3.556,2.54));
#541 = VECTOR('',#542,1.);
#542 = DIRECTION('',(0.707106781187,-0.707106781187,0.));
#543 = ORIENTED_EDGE('',*,*,#544,.T.);
#544 = EDGE_CURVE('',#537,#545,#547,.T.);
#545 = VERTEX_POINT('',#546);
#546 = CARTESIAN_POINT('',(-1.27,-4.064,2.54));
#547 = LINE('',#548,#549);
#548 = CARTESIAN_POINT('',(-1.016,-3.81,2.54));
#549 = VECTOR('',#550,1.);
#550 = DIRECTION('',(-0.707106781187,-0.707106781187,0.));
#551 = ORIENTED_EDGE('',*,*,#552,.T.);
#552 = EDGE_CURVE('',#545,#553,#555,.T.);
#553 = VERTEX_POINT('',#554);
#554 = CARTESIAN_POINT('',(-1.27,-6.096,2.54));
#555 = LINE('',#556,#557);
#556 = CARTESIAN_POINT('',(-1.27,-4.064,2.54));
#557 = VECTOR('',#558,1.);
#558 = DIRECTION('',(0.,-1.,0.));
#559 = ORIENTED_EDGE('',*,*,#560,.T.);
#560 = EDGE_CURVE('',#553,#561,#563,.T.);
#561 = VERTEX_POINT('',#562);
#562 = CARTESIAN_POINT('',(-1.016,-6.35,2.54));
#563 = LINE('',#564,#565);
#564 = CARTESIAN_POINT('',(-1.27,-6.096,2.54));
#565 = VECTOR('',#566,1.);
#566 = DIRECTION('',(0.707106781187,-0.707106781187,0.));
#567 = ORIENTED_EDGE('',*,*,#568,.T.);
#568 = EDGE_CURVE('',#561,#569,#571,.T.);
#569 = VERTEX_POINT('',#570);
#570 = CARTESIAN_POINT('',(-1.27,-6.604,2.54));
#571 = LINE('',#572,#573);
#572 = CARTESIAN_POINT('',(-1.016,-6.35,2.54));
#573 = VECTOR('',#574,1.);
#574 = DIRECTION('',(-0.707106781187,-0.707106781187,0.));
#575 = ORIENTED_EDGE('',*,*,#576,.T.);
#576 = EDGE_CURVE('',#569,#577,#579,.T.);
#577 = VERTEX_POINT('',#578);
#578 = CARTESIAN_POINT('',(-1.27,-8.636,2.54));
#579 = LINE('',#580,#581);
#580 = CARTESIAN_POINT('',(-1.27,-6.604,2.54));
#581 = VECTOR('',#582,1.);
#582 = DIRECTION('',(0.,-1.,0.));
#583 = ORIENTED_EDGE('',*,*,#584,.T.);
#584 = EDGE_CURVE('',#577,#585,#587,.T.);
#585 = VERTEX_POINT('',#586);
#586 = CARTESIAN_POINT('',(-1.016,-8.89,2.54));
#587 = LINE('',#588,#589);
#588 = CARTESIAN_POINT('',(-1.27,-8.636,2.54));
#589 = VECTOR('',#590,1.);
#590 = DIRECTION('',(0.707106781187,-0.707106781187,0.));
#591 = ORIENTED_EDGE('',*,*,#592,.T.);
#592 = EDGE_CURVE('',#585,#593,#595,.T.);
#593 = VERTEX_POINT('',#594);
#594 = CARTESIAN_POINT('',(1.016,-8.89,2.54));
#595 = LINE('',#596,#597);
#596 = CARTESIAN_POINT('',(-1.016,-8.89,2.54));
#597 = VECTOR('',#598,1.);
#598 = DIRECTION('',(1.,0.,0.));
#599 = ORIENTED_EDGE('',*,*,#600,.T.);
#600 = EDGE_CURVE('',#593,#601,#603,.T.);
#601 = VERTEX_POINT('',#602);
#602 = CARTESIAN_POINT('',(1.27,-8.636,2.54));
#603 = LINE('',#604,#605);
#604 = CARTESIAN_POINT('',(1.016,-8.89,2.54));
#605 = VECTOR('',#606,1.);
#606 = DIRECTION('',(0.707106781187,0.707106781187,0.));
#607 = ORIENTED_EDGE('',*,*,#608,.T.);
#608 = EDGE_CURVE('',#601,#609,#611,.T.);
#609 = VERTEX_POINT('',#610);
#610 = CARTESIAN_POINT('',(1.27,-6.604,2.54));
#611 = LINE('',#612,#613);
#612 = CARTESIAN_POINT('',(1.27,-8.636,2.54));
#613 = VECTOR('',#614,1.);
#614 = DIRECTION('',(0.,1.,0.));
#615 = ORIENTED_EDGE('',*,*,#616,.T.);
#616 = EDGE_CURVE('',#609,#617,#619,.T.);
#617 = VERTEX_POINT('',#618);
#618 = CARTESIAN_POINT('',(1.016,-6.35,2.54));
#619 = LINE('',#620,#621);
#620 = CARTESIAN_POINT('',(1.27,-6.604,2.54));
#621 = VECTOR('',#622,1.);
#622 = DIRECTION('',(-0.707106781187,0.707106781187,0.));
#623 = ORIENTED_EDGE('',*,*,#624,.T.);
#624 = EDGE_CURVE('',#617,#625,#627,.T.);
#625 = VERTEX_POINT('',#626);
#626 = CARTESIAN_POINT('',(1.27,-6.096,2.54));
#627 = LINE('',#628,#629);
#628 = CARTESIAN_POINT('',(1.016,-6.35,2.54));
#629 = VECTOR('',#630,1.);
#630 = DIRECTION('',(0.707106781187,0.707106781187,0.));
#631 = ORIENTED_EDGE('',*,*,#632,.T.);
#632 = EDGE_CURVE('',#625,#633,#635,.T.);
#633 = VERTEX_POINT('',#634);
#634 = CARTESIAN_POINT('',(1.27,-4.064,2.54));
#635 = LINE('',#636,#637);
#636 = CARTESIAN_POINT('',(1.27,-6.096,2.54));
#637 = VECTOR('',#638,1.);
#638 = DIRECTION('',(0.,1.,0.));
#639 = ORIENTED_EDGE('',*,*,#640,.T.);
#640 = EDGE_CURVE('',#633,#641,#643,.T.);
#641 = VERTEX_POINT('',#642);
#642 = CARTESIAN_POINT('',(1.016,-3.81,2.54));
#643 = LINE('',#644,#645);
#644 = CARTESIAN_POINT('',(1.27,-4.064,2.54));
#645 = VECTOR('',#646,1.);
#646 = DIRECTION('',(-0.707106781187,0.707106781187,0.));
#647 = ORIENTED_EDGE('',*,*,#648,.T.);
#648 = EDGE_CURVE('',#641,#649,#651,.T.);
#649 = VERTEX_POINT('',#650);
#650 = CARTESIAN_POINT('',(1.27,-3.556,2.54));
#651 = LINE('',#652,#653);
#652 = CARTESIAN_POINT('',(1.016,-3.81,2.54));
#653 = VECTOR('',#654,1.);
#654 = DIRECTION('',(0.707106781187,0.707106781187,0.));
#655 = ORIENTED_EDGE('',*,*,#656,.T.);
#656 = EDGE_CURVE('',#649,#657,#659,.T.);
#657 = VERTEX_POINT('',#658);
#658 = CARTESIAN_POINT('',(1.27,-1.524,2.54));
#659 = LINE('',#660,#661);
#660 = CARTESIAN_POINT('',(1.27,-3.556,2.54));
#661 = VECTOR('',#662,1.);
#662 = DIRECTION('',(0.,1.,0.));
#663 = ORIENTED_EDGE('',*,*,#664,.T.);
#664 = EDGE_CURVE('',#657,#665,#667,.T.);
#665 = VERTEX_POINT('',#666);
#666 = CARTESIAN_POINT('',(1.016,-1.27,2.54));
#667 = LINE('',#668,#669);
#668 = CARTESIAN_POINT('',(1.27,-1.524,2.54));
#669 = VECTOR('',#670,1.);
#670 = DIRECTION('',(-0.707106781187,0.707106781187,0.));
#671 = ORIENTED_EDGE('',*,*,#672,.T.);
#672 = EDGE_CURVE('',#665,#673,#675,.T.);
#673 = VERTEX_POINT('',#674);
#674 = CARTESIAN_POINT('',(1.27,-1.016,2.54));
#675 = LINE('',#676,#677);
#676 = CARTESIAN_POINT('',(1.016,-1.27,2.54));
#677 = VECTOR('',#678,1.);
#678 = DIRECTION('',(0.707106781187,0.707106781187,0.));
#679 = ORIENTED_EDGE('',*,*,#680,.T.);
#680 = EDGE_CURVE('',#673,#681,#683,.T.);
#681 = VERTEX_POINT('',#682);
#682 = CARTESIAN_POINT('',(1.27,1.016,2.54));
#683 = LINE('',#684,#685);
#684 = CARTESIAN_POINT('',(1.27,-1.016,2.54));
#685 = VECTOR('',#686,1.);
#686 = DIRECTION('',(0.,1.,0.));
#687 = ORIENTED_EDGE('',*,*,#688,.T.);
#688 = EDGE_CURVE('',#681,#122,#689,.T.);
#689 = LINE('',#690,#691);
#690 = CARTESIAN_POINT('',(1.27,1.016,2.54));
#691 = VECTOR('',#692,1.);
#692 = DIRECTION('',(-0.707106781187,0.707106781187,0.));
#693 = ORIENTED_EDGE('',*,*,#129,.T.);
#694 = FACE_BOUND('',#695,.T.);
#695 = EDGE_LOOP('',(#696,#706,#714,#722));
#696 = ORIENTED_EDGE('',*,*,#697,.F.);
#697 = EDGE_CURVE('',#698,#700,#702,.T.);
#698 = VERTEX_POINT('',#699);
#699 = CARTESIAN_POINT('',(0.32,-4.76,2.54));
#700 = VERTEX_POINT('',#701);
#701 = CARTESIAN_POINT('',(-0.32,-4.76,2.54));
#702 = LINE('',#703,#704);
#703 = CARTESIAN_POINT('',(-0.16,-4.76,2.54));
#704 = VECTOR('',#705,1.);
#705 = DIRECTION('',(-1.,0.,0.));
#706 = ORIENTED_EDGE('',*,*,#707,.F.);
#707 = EDGE_CURVE('',#708,#698,#710,.T.);
#708 = VERTEX_POINT('',#709);
#709 = CARTESIAN_POINT('',(0.32,-5.4,2.54));
#710 = LINE('',#711,#712);
#711 = CARTESIAN_POINT('',(0.32,-4.605,2.54));
#712 = VECTOR('',#713,1.);
#713 = DIRECTION('',(0.,1.,0.));
#714 = ORIENTED_EDGE('',*,*,#715,.T.);
#715 = EDGE_CURVE('',#708,#716,#718,.T.);
#716 = VERTEX_POINT('',#717);
#717 = CARTESIAN_POINT('',(-0.32,-5.4,2.54));
#718 = LINE('',#719,#720);
#719 = CARTESIAN_POINT('',(-0.16,-5.4,2.54));
#720 = VECTOR('',#721,1.);
#721 = DIRECTION('',(-1.,0.,0.));
#722 = ORIENTED_EDGE('',*,*,#723,.T.);
#723 = EDGE_CURVE('',#716,#700,#724,.T.);
#724 = LINE('',#725,#726);
#725 = CARTESIAN_POINT('',(-0.32,-4.605,2.54));
#726 = VECTOR('',#727,1.);
#727 = DIRECTION('',(0.,1.,0.));
#728 = FACE_BOUND('',#729,.T.);
#729 = EDGE_LOOP('',(#730,#740,#748,#756));
#730 = ORIENTED_EDGE('',*,*,#731,.F.);
#731 = EDGE_CURVE('',#732,#734,#736,.T.);
#732 = VERTEX_POINT('',#733);
#733 = CARTESIAN_POINT('',(0.32,-7.94,2.54));
#734 = VERTEX_POINT('',#735);
#735 = CARTESIAN_POINT('',(0.32,-7.3,2.54));
#736 = LINE('',#737,#738);
#737 = CARTESIAN_POINT('',(0.32,-5.875,2.54));
#738 = VECTOR('',#739,1.);
#739 = DIRECTION('',(0.,1.,0.));
#740 = ORIENTED_EDGE('',*,*,#741,.T.);
#741 = EDGE_CURVE('',#732,#742,#744,.T.);
#742 = VERTEX_POINT('',#743);
#743 = CARTESIAN_POINT('',(-0.32,-7.94,2.54));
#744 = LINE('',#745,#746);
#745 = CARTESIAN_POINT('',(-0.16,-7.94,2.54));
#746 = VECTOR('',#747,1.);
#747 = DIRECTION('',(-1.,0.,0.));
#748 = ORIENTED_EDGE('',*,*,#749,.T.);
#749 = EDGE_CURVE('',#742,#750,#752,.T.);
#750 = VERTEX_POINT('',#751);
#751 = CARTESIAN_POINT('',(-0.32,-7.3,2.54));
#752 = LINE('',#753,#754);
#753 = CARTESIAN_POINT('',(-0.32,-5.875,2.54));
#754 = VECTOR('',#755,1.);
#755 = DIRECTION('',(0.,1.,0.));
#756 = ORIENTED_EDGE('',*,*,#757,.F.);
#757 = EDGE_CURVE('',#734,#750,#758,.T.);
#758 = LINE('',#759,#760);
#759 = CARTESIAN_POINT('',(-0.16,-7.3,2.54));
#760 = VECTOR('',#761,1.);
#761 = DIRECTION('',(-1.,0.,0.));
#762 = FACE_BOUND('',#763,.T.);
#763 = EDGE_LOOP('',(#764,#774,#782,#790));
#764 = ORIENTED_EDGE('',*,*,#765,.F.);
#765 = EDGE_CURVE('',#766,#768,#770,.T.);
#766 = VERTEX_POINT('',#767);
#767 = CARTESIAN_POINT('',(0.32,-0.32,2.54));
#768 = VERTEX_POINT('',#769);
#769 = CARTESIAN_POINT('',(0.32,0.32,2.54));
#770 = LINE('',#771,#772);
#771 = CARTESIAN_POINT('',(0.32,-2.065,2.54));
#772 = VECTOR('',#773,1.);
#773 = DIRECTION('',(0.,1.,0.));
#774 = ORIENTED_EDGE('',*,*,#775,.T.);
#775 = EDGE_CURVE('',#766,#776,#778,.T.);
#776 = VERTEX_POINT('',#777);
#777 = CARTESIAN_POINT('',(-0.32,-0.32,2.54));
#778 = LINE('',#779,#780);
#779 = CARTESIAN_POINT('',(-0.16,-0.32,2.54));
#780 = VECTOR('',#781,1.);
#781 = DIRECTION('',(-1.,0.,0.));
#782 = ORIENTED_EDGE('',*,*,#783,.T.);
#783 = EDGE_CURVE('',#776,#784,#786,.T.);
#784 = VERTEX_POINT('',#785);
#785 = CARTESIAN_POINT('',(-0.32,0.32,2.54));
#786 = LINE('',#787,#788);
#787 = CARTESIAN_POINT('',(-0.32,-2.065,2.54));
#788 = VECTOR('',#789,1.);
#789 = DIRECTION('',(0.,1.,0.));
#790 = ORIENTED_EDGE('',*,*,#791,.F.);
#791 = EDGE_CURVE('',#768,#784,#792,.T.);
#792 = LINE('',#793,#794);
#793 = CARTESIAN_POINT('',(-0.16,0.32,2.54));
#794 = VECTOR('',#795,1.);
#795 = DIRECTION('',(-1.,0.,0.));
#796 = FACE_BOUND('',#797,.T.);
#797 = EDGE_LOOP('',(#798,#808,#816,#824));
#798 = ORIENTED_EDGE('',*,*,#799,.F.);
#799 = EDGE_CURVE('',#800,#802,#804,.T.);
#800 = VERTEX_POINT('',#801);
#801 = CARTESIAN_POINT('',(0.32,-2.22,2.54));
#802 = VERTEX_POINT('',#803);
#803 = CARTESIAN_POINT('',(-0.32,-2.22,2.54));
#804 = LINE('',#805,#806);
#805 = CARTESIAN_POINT('',(-0.16,-2.22,2.54));
#806 = VECTOR('',#807,1.);
#807 = DIRECTION('',(-1.,0.,0.));
#808 = ORIENTED_EDGE('',*,*,#809,.F.);
#809 = EDGE_CURVE('',#810,#800,#812,.T.);
#810 = VERTEX_POINT('',#811);
#811 = CARTESIAN_POINT('',(0.32,-2.86,2.54));
#812 = LINE('',#813,#814);
#813 = CARTESIAN_POINT('',(0.32,-3.335,2.54));
#814 = VECTOR('',#815,1.);
#815 = DIRECTION('',(0.,1.,0.));
#816 = ORIENTED_EDGE('',*,*,#817,.T.);
#817 = EDGE_CURVE('',#810,#818,#820,.T.);
#818 = VERTEX_POINT('',#819);
#819 = CARTESIAN_POINT('',(-0.32,-2.86,2.54));
#820 = LINE('',#821,#822);
#821 = CARTESIAN_POINT('',(-0.16,-2.86,2.54));
#822 = VECTOR('',#823,1.);
#823 = DIRECTION('',(-1.,0.,0.));
#824 = ORIENTED_EDGE('',*,*,#825,.T.);
#825 = EDGE_CURVE('',#818,#802,#826,.T.);
#826 = LINE('',#827,#828);
#827 = CARTESIAN_POINT('',(-0.32,-3.335,2.54));
#828 = VECTOR('',#829,1.);
#829 = DIRECTION('',(0.,1.,0.));
#830 = PLANE('',#831);
#831 = AXIS2_PLACEMENT_3D('',#832,#833,#834);
#832 = CARTESIAN_POINT('',(4.259053689278E-17,-3.81,2.54));
#833 = DIRECTION('',(0.,0.,1.));
#834 = DIRECTION('',(1.,0.,-0.));
#835 = ADVANCED_FACE('',(#836),#847,.F.);
#836 = FACE_BOUND('',#837,.F.);
#837 = EDGE_LOOP('',(#838,#844,#845,#846));
#838 = ORIENTED_EDGE('',*,*,#839,.T.);
#839 = EDGE_CURVE('',#352,#681,#840,.T.);
#840 = LINE('',#841,#842);
#841 = CARTESIAN_POINT('',(1.27,1.016,0.));
#842 = VECTOR('',#843,1.);
#843 = DIRECTION('',(0.,0.,1.));
#844 = ORIENTED_EDGE('',*,*,#688,.T.);
#845 = ORIENTED_EDGE('',*,*,#119,.F.);
#846 = ORIENTED_EDGE('',*,*,#359,.F.);
#847 = PLANE('',#848);
#848 = AXIS2_PLACEMENT_3D('',#849,#850,#851);
#849 = CARTESIAN_POINT('',(1.27,1.016,0.));
#850 = DIRECTION('',(-0.707106781187,-0.707106781187,0.));
#851 = DIRECTION('',(-0.707106781187,0.707106781187,0.));
#852 = ADVANCED_FACE('',(#853),#864,.F.);
#853 = FACE_BOUND('',#854,.F.);
#854 = EDGE_LOOP('',(#855,#856,#857,#863));
#855 = ORIENTED_EDGE('',*,*,#159,.T.);
#856 = ORIENTED_EDGE('',*,*,#512,.T.);
#857 = ORIENTED_EDGE('',*,*,#858,.F.);
#858 = EDGE_CURVE('',#184,#513,#859,.T.);
#859 = LINE('',#860,#861);
#860 = CARTESIAN_POINT('',(-1.016,-1.27,0.));
#861 = VECTOR('',#862,1.);
#862 = DIRECTION('',(0.,0.,1.));
#863 = ORIENTED_EDGE('',*,*,#183,.F.);
#864 = PLANE('',#865);
#865 = AXIS2_PLACEMENT_3D('',#866,#867,#868);
#866 = CARTESIAN_POINT('',(-1.27,-1.016,0.));
#867 = DIRECTION('',(0.707106781187,0.707106781187,0.));
#868 = DIRECTION('',(0.707106781187,-0.707106781187,0.));
#869 = ADVANCED_FACE('',(#870),#881,.F.);
#870 = FACE_BOUND('',#871,.F.);
#871 = EDGE_LOOP('',(#872,#878,#879,#880));
#872 = ORIENTED_EDGE('',*,*,#873,.T.);
#873 = EDGE_CURVE('',#344,#673,#874,.T.);
#874 = LINE('',#875,#876);
#875 = CARTESIAN_POINT('',(1.27,-1.016,0.));
#876 = VECTOR('',#877,1.);
#877 = DIRECTION('',(0.,0.,1.));
#878 = ORIENTED_EDGE('',*,*,#680,.T.);
#879 = ORIENTED_EDGE('',*,*,#839,.F.);
#880 = ORIENTED_EDGE('',*,*,#351,.F.);
#881 = PLANE('',#882);
#882 = AXIS2_PLACEMENT_3D('',#883,#884,#885);
#883 = CARTESIAN_POINT('',(1.27,-1.016,0.));
#884 = DIRECTION('',(-1.,0.,0.));
#885 = DIRECTION('',(0.,1.,0.));
#886 = ADVANCED_FACE('',(#887),#898,.F.);
#887 = FACE_BOUND('',#888,.F.);
#888 = EDGE_LOOP('',(#889,#890,#891,#897));
#889 = ORIENTED_EDGE('',*,*,#858,.T.);
#890 = ORIENTED_EDGE('',*,*,#520,.T.);
#891 = ORIENTED_EDGE('',*,*,#892,.F.);
#892 = EDGE_CURVE('',#192,#521,#893,.T.);
#893 = LINE('',#894,#895);
#894 = CARTESIAN_POINT('',(-1.27,-1.524,0.));
#895 = VECTOR('',#896,1.);
#896 = DIRECTION('',(0.,0.,1.));
#897 = ORIENTED_EDGE('',*,*,#191,.F.);
#898 = PLANE('',#899);
#899 = AXIS2_PLACEMENT_3D('',#900,#901,#902);
#900 = CARTESIAN_POINT('',(-1.016,-1.27,0.));
#901 = DIRECTION('',(0.707106781187,-0.707106781187,0.));
#902 = DIRECTION('',(-0.707106781187,-0.707106781187,0.));
#903 = ADVANCED_FACE('',(#904),#915,.F.);
#904 = FACE_BOUND('',#905,.F.);
#905 = EDGE_LOOP('',(#906,#912,#913,#914));
#906 = ORIENTED_EDGE('',*,*,#907,.T.);
#907 = EDGE_CURVE('',#336,#665,#908,.T.);
#908 = LINE('',#909,#910);
#909 = CARTESIAN_POINT('',(1.016,-1.27,0.));
#910 = VECTOR('',#911,1.);
#911 = DIRECTION('',(0.,0.,1.));
#912 = ORIENTED_EDGE('',*,*,#672,.T.);
#913 = ORIENTED_EDGE('',*,*,#873,.F.);
#914 = ORIENTED_EDGE('',*,*,#343,.F.);
#915 = PLANE('',#916);
#916 = AXIS2_PLACEMENT_3D('',#917,#918,#919);
#917 = CARTESIAN_POINT('',(1.016,-1.27,0.));
#918 = DIRECTION('',(-0.707106781187,0.707106781187,0.));
#919 = DIRECTION('',(0.707106781187,0.707106781187,0.));
#920 = ADVANCED_FACE('',(#921),#932,.F.);
#921 = FACE_BOUND('',#922,.F.);
#922 = EDGE_LOOP('',(#923,#924,#925,#931));
#923 = ORIENTED_EDGE('',*,*,#892,.T.);
#924 = ORIENTED_EDGE('',*,*,#528,.T.);
#925 = ORIENTED_EDGE('',*,*,#926,.F.);
#926 = EDGE_CURVE('',#200,#529,#927,.T.);
#927 = LINE('',#928,#929);
#928 = CARTESIAN_POINT('',(-1.27,-3.556,0.));
#929 = VECTOR('',#930,1.);
#930 = DIRECTION('',(0.,0.,1.));
#931 = ORIENTED_EDGE('',*,*,#199,.F.);
#932 = PLANE('',#933);
#933 = AXIS2_PLACEMENT_3D('',#934,#935,#936);
#934 = CARTESIAN_POINT('',(-1.27,-1.524,0.));
#935 = DIRECTION('',(1.,0.,0.));
#936 = DIRECTION('',(0.,-1.,0.));
#937 = ADVANCED_FACE('',(#938),#949,.F.);
#938 = FACE_BOUND('',#939,.F.);
#939 = EDGE_LOOP('',(#940,#946,#947,#948));
#940 = ORIENTED_EDGE('',*,*,#941,.T.);
#941 = EDGE_CURVE('',#328,#657,#942,.T.);
#942 = LINE('',#943,#944);
#943 = CARTESIAN_POINT('',(1.27,-1.524,0.));
#944 = VECTOR('',#945,1.);
#945 = DIRECTION('',(0.,0.,1.));
#946 = ORIENTED_EDGE('',*,*,#664,.T.);
#947 = ORIENTED_EDGE('',*,*,#907,.F.);
#948 = ORIENTED_EDGE('',*,*,#335,.F.);
#949 = PLANE('',#950);
#950 = AXIS2_PLACEMENT_3D('',#951,#952,#953);
#951 = CARTESIAN_POINT('',(1.27,-1.524,0.));
#952 = DIRECTION('',(-0.707106781187,-0.707106781187,0.));
#953 = DIRECTION('',(-0.707106781187,0.707106781187,0.));
#954 = ADVANCED_FACE('',(#955),#966,.F.);
#955 = FACE_BOUND('',#956,.F.);
#956 = EDGE_LOOP('',(#957,#958,#959,#965));
#957 = ORIENTED_EDGE('',*,*,#926,.T.);
#958 = ORIENTED_EDGE('',*,*,#536,.T.);
#959 = ORIENTED_EDGE('',*,*,#960,.F.);
#960 = EDGE_CURVE('',#208,#537,#961,.T.);
#961 = LINE('',#962,#963);
#962 = CARTESIAN_POINT('',(-1.016,-3.81,0.));
#963 = VECTOR('',#964,1.);
#964 = DIRECTION('',(0.,0.,1.));
#965 = ORIENTED_EDGE('',*,*,#207,.F.);
#966 = PLANE('',#967);
#967 = AXIS2_PLACEMENT_3D('',#968,#969,#970);
#968 = CARTESIAN_POINT('',(-1.27,-3.556,0.));
#969 = DIRECTION('',(0.707106781187,0.707106781187,0.));
#970 = DIRECTION('',(0.707106781187,-0.707106781187,0.));
#971 = ADVANCED_FACE('',(#972),#983,.F.);
#972 = FACE_BOUND('',#973,.F.);
#973 = EDGE_LOOP('',(#974,#980,#981,#982));
#974 = ORIENTED_EDGE('',*,*,#975,.T.);
#975 = EDGE_CURVE('',#320,#649,#976,.T.);
#976 = LINE('',#977,#978);
#977 = CARTESIAN_POINT('',(1.27,-3.556,0.));
#978 = VECTOR('',#979,1.);
#979 = DIRECTION('',(0.,0.,1.));
#980 = ORIENTED_EDGE('',*,*,#656,.T.);
#981 = ORIENTED_EDGE('',*,*,#941,.F.);
#982 = ORIENTED_EDGE('',*,*,#327,.F.);
#983 = PLANE('',#984);
#984 = AXIS2_PLACEMENT_3D('',#985,#986,#987);
#985 = CARTESIAN_POINT('',(1.27,-3.556,0.));
#986 = DIRECTION('',(-1.,0.,0.));
#987 = DIRECTION('',(0.,1.,0.));
#988 = ADVANCED_FACE('',(#989),#1000,.F.);
#989 = FACE_BOUND('',#990,.F.);
#990 = EDGE_LOOP('',(#991,#992,#993,#999));
#991 = ORIENTED_EDGE('',*,*,#960,.T.);
#992 = ORIENTED_EDGE('',*,*,#544,.T.);
#993 = ORIENTED_EDGE('',*,*,#994,.F.);
#994 = EDGE_CURVE('',#216,#545,#995,.T.);
#995 = LINE('',#996,#997);
#996 = CARTESIAN_POINT('',(-1.27,-4.064,0.));
#997 = VECTOR('',#998,1.);
#998 = DIRECTION('',(0.,0.,1.));
#999 = ORIENTED_EDGE('',*,*,#215,.F.);
#1000 = PLANE('',#1001);
#1001 = AXIS2_PLACEMENT_3D('',#1002,#1003,#1004);
#1002 = CARTESIAN_POINT('',(-1.016,-3.81,0.));
#1003 = DIRECTION('',(0.707106781187,-0.707106781187,0.));
#1004 = DIRECTION('',(-0.707106781187,-0.707106781187,0.));
#1005 = ADVANCED_FACE('',(#1006),#1017,.F.);
#1006 = FACE_BOUND('',#1007,.F.);
#1007 = EDGE_LOOP('',(#1008,#1014,#1015,#1016));
#1008 = ORIENTED_EDGE('',*,*,#1009,.T.);
#1009 = EDGE_CURVE('',#312,#641,#1010,.T.);
#1010 = LINE('',#1011,#1012);
#1011 = CARTESIAN_POINT('',(1.016,-3.81,0.));
#1012 = VECTOR('',#1013,1.);
#1013 = DIRECTION('',(0.,0.,1.));
#1014 = ORIENTED_EDGE('',*,*,#648,.T.);
#1015 = ORIENTED_EDGE('',*,*,#975,.F.);
#1016 = ORIENTED_EDGE('',*,*,#319,.F.);
#1017 = PLANE('',#1018);
#1018 = AXIS2_PLACEMENT_3D('',#1019,#1020,#1021);
#1019 = CARTESIAN_POINT('',(1.016,-3.81,0.));
#1020 = DIRECTION('',(-0.707106781187,0.707106781187,0.));
#1021 = DIRECTION('',(0.707106781187,0.707106781187,0.));
#1022 = ADVANCED_FACE('',(#1023),#1034,.F.);
#1023 = FACE_BOUND('',#1024,.F.);
#1024 = EDGE_LOOP('',(#1025,#1026,#1027,#1033));
#1025 = ORIENTED_EDGE('',*,*,#994,.T.);
#1026 = ORIENTED_EDGE('',*,*,#552,.T.);
#1027 = ORIENTED_EDGE('',*,*,#1028,.F.);
#1028 = EDGE_CURVE('',#224,#553,#1029,.T.);
#1029 = LINE('',#1030,#1031);
#1030 = CARTESIAN_POINT('',(-1.27,-6.096,0.));
#1031 = VECTOR('',#1032,1.);
#1032 = DIRECTION('',(0.,0.,1.));
#1033 = ORIENTED_EDGE('',*,*,#223,.F.);
#1034 = PLANE('',#1035);
#1035 = AXIS2_PLACEMENT_3D('',#1036,#1037,#1038);
#1036 = CARTESIAN_POINT('',(-1.27,-4.064,0.));
#1037 = DIRECTION('',(1.,0.,0.));
#1038 = DIRECTION('',(0.,-1.,0.));
#1039 = ADVANCED_FACE('',(#1040),#1051,.F.);
#1040 = FACE_BOUND('',#1041,.F.);
#1041 = EDGE_LOOP('',(#1042,#1048,#1049,#1050));
#1042 = ORIENTED_EDGE('',*,*,#1043,.T.);
#1043 = EDGE_CURVE('',#304,#633,#1044,.T.);
#1044 = LINE('',#1045,#1046);
#1045 = CARTESIAN_POINT('',(1.27,-4.064,0.));
#1046 = VECTOR('',#1047,1.);
#1047 = DIRECTION('',(0.,0.,1.));
#1048 = ORIENTED_EDGE('',*,*,#640,.T.);
#1049 = ORIENTED_EDGE('',*,*,#1009,.F.);
#1050 = ORIENTED_EDGE('',*,*,#311,.F.);
#1051 = PLANE('',#1052);
#1052 = AXIS2_PLACEMENT_3D('',#1053,#1054,#1055);
#1053 = CARTESIAN_POINT('',(1.27,-4.064,0.));
#1054 = DIRECTION('',(-0.707106781187,-0.707106781187,0.));
#1055 = DIRECTION('',(-0.707106781187,0.707106781187,0.));
#1056 = ADVANCED_FACE('',(#1057),#1068,.F.);
#1057 = FACE_BOUND('',#1058,.F.);
#1058 = EDGE_LOOP('',(#1059,#1060,#1061,#1067));
#1059 = ORIENTED_EDGE('',*,*,#1028,.T.);
#1060 = ORIENTED_EDGE('',*,*,#560,.T.);
#1061 = ORIENTED_EDGE('',*,*,#1062,.F.);
#1062 = EDGE_CURVE('',#232,#561,#1063,.T.);
#1063 = LINE('',#1064,#1065);
#1064 = CARTESIAN_POINT('',(-1.016,-6.35,0.));
#1065 = VECTOR('',#1066,1.);
#1066 = DIRECTION('',(0.,0.,1.));
#1067 = ORIENTED_EDGE('',*,*,#231,.F.);
#1068 = PLANE('',#1069);
#1069 = AXIS2_PLACEMENT_3D('',#1070,#1071,#1072);
#1070 = CARTESIAN_POINT('',(-1.27,-6.096,0.));
#1071 = DIRECTION('',(0.707106781187,0.707106781187,0.));
#1072 = DIRECTION('',(0.707106781187,-0.707106781187,0.));
#1073 = ADVANCED_FACE('',(#1074),#1085,.F.);
#1074 = FACE_BOUND('',#1075,.F.);
#1075 = EDGE_LOOP('',(#1076,#1082,#1083,#1084));
#1076 = ORIENTED_EDGE('',*,*,#1077,.T.);
#1077 = EDGE_CURVE('',#296,#625,#1078,.T.);
#1078 = LINE('',#1079,#1080);
#1079 = CARTESIAN_POINT('',(1.27,-6.096,0.));
#1080 = VECTOR('',#1081,1.);
#1081 = DIRECTION('',(0.,0.,1.));
#1082 = ORIENTED_EDGE('',*,*,#632,.T.);
#1083 = ORIENTED_EDGE('',*,*,#1043,.F.);
#1084 = ORIENTED_EDGE('',*,*,#303,.F.);
#1085 = PLANE('',#1086);
#1086 = AXIS2_PLACEMENT_3D('',#1087,#1088,#1089);
#1087 = CARTESIAN_POINT('',(1.27,-6.096,0.));
#1088 = DIRECTION('',(-1.,0.,0.));
#1089 = DIRECTION('',(0.,1.,0.));
#1090 = ADVANCED_FACE('',(#1091),#1102,.F.);
#1091 = FACE_BOUND('',#1092,.F.);
#1092 = EDGE_LOOP('',(#1093,#1094,#1095,#1101));
#1093 = ORIENTED_EDGE('',*,*,#1062,.T.);
#1094 = ORIENTED_EDGE('',*,*,#568,.T.);
#1095 = ORIENTED_EDGE('',*,*,#1096,.F.);
#1096 = EDGE_CURVE('',#240,#569,#1097,.T.);
#1097 = LINE('',#1098,#1099);
#1098 = CARTESIAN_POINT('',(-1.27,-6.604,0.));
#1099 = VECTOR('',#1100,1.);
#1100 = DIRECTION('',(0.,0.,1.));
#1101 = ORIENTED_EDGE('',*,*,#239,.F.);
#1102 = PLANE('',#1103);
#1103 = AXIS2_PLACEMENT_3D('',#1104,#1105,#1106);
#1104 = CARTESIAN_POINT('',(-1.016,-6.35,0.));
#1105 = DIRECTION('',(0.707106781187,-0.707106781187,0.));
#1106 = DIRECTION('',(-0.707106781187,-0.707106781187,0.));
#1107 = ADVANCED_FACE('',(#1108),#1119,.F.);
#1108 = FACE_BOUND('',#1109,.F.);
#1109 = EDGE_LOOP('',(#1110,#1116,#1117,#1118));
#1110 = ORIENTED_EDGE('',*,*,#1111,.T.);
#1111 = EDGE_CURVE('',#288,#617,#1112,.T.);
#1112 = LINE('',#1113,#1114);
#1113 = CARTESIAN_POINT('',(1.016,-6.35,0.));
#1114 = VECTOR('',#1115,1.);
#1115 = DIRECTION('',(0.,0.,1.));
#1116 = ORIENTED_EDGE('',*,*,#624,.T.);
#1117 = ORIENTED_EDGE('',*,*,#1077,.F.);
#1118 = ORIENTED_EDGE('',*,*,#295,.F.);
#1119 = PLANE('',#1120);
#1120 = AXIS2_PLACEMENT_3D('',#1121,#1122,#1123);
#1121 = CARTESIAN_POINT('',(1.016,-6.35,0.));
#1122 = DIRECTION('',(-0.707106781187,0.707106781187,0.));
#1123 = DIRECTION('',(0.707106781187,0.707106781187,0.));
#1124 = ADVANCED_FACE('',(#1125),#1136,.F.);
#1125 = FACE_BOUND('',#1126,.F.);
#1126 = EDGE_LOOP('',(#1127,#1128,#1129,#1135));
#1127 = ORIENTED_EDGE('',*,*,#1096,.T.);
#1128 = ORIENTED_EDGE('',*,*,#576,.T.);
#1129 = ORIENTED_EDGE('',*,*,#1130,.F.);
#1130 = EDGE_CURVE('',#248,#577,#1131,.T.);
#1131 = LINE('',#1132,#1133);
#1132 = CARTESIAN_POINT('',(-1.27,-8.636,0.));
#1133 = VECTOR('',#1134,1.);
#1134 = DIRECTION('',(0.,0.,1.));
#1135 = ORIENTED_EDGE('',*,*,#247,.F.);
#1136 = PLANE('',#1137);
#1137 = AXIS2_PLACEMENT_3D('',#1138,#1139,#1140);
#1138 = CARTESIAN_POINT('',(-1.27,-6.604,0.));
#1139 = DIRECTION('',(1.,0.,0.));
#1140 = DIRECTION('',(0.,-1.,0.));
#1141 = ADVANCED_FACE('',(#1142),#1153,.F.);
#1142 = FACE_BOUND('',#1143,.F.);
#1143 = EDGE_LOOP('',(#1144,#1150,#1151,#1152));
#1144 = ORIENTED_EDGE('',*,*,#1145,.T.);
#1145 = EDGE_CURVE('',#280,#609,#1146,.T.);
#1146 = LINE('',#1147,#1148);
#1147 = CARTESIAN_POINT('',(1.27,-6.604,0.));
#1148 = VECTOR('',#1149,1.);
#1149 = DIRECTION('',(0.,0.,1.));
#1150 = ORIENTED_EDGE('',*,*,#616,.T.);
#1151 = ORIENTED_EDGE('',*,*,#1111,.F.);
#1152 = ORIENTED_EDGE('',*,*,#287,.F.);
#1153 = PLANE('',#1154);
#1154 = AXIS2_PLACEMENT_3D('',#1155,#1156,#1157);
#1155 = CARTESIAN_POINT('',(1.27,-6.604,0.));
#1156 = DIRECTION('',(-0.707106781187,-0.707106781187,0.));
#1157 = DIRECTION('',(-0.707106781187,0.707106781187,0.));
#1158 = ADVANCED_FACE('',(#1159),#1170,.F.);
#1159 = FACE_BOUND('',#1160,.F.);
#1160 = EDGE_LOOP('',(#1161,#1162,#1163,#1169));
#1161 = ORIENTED_EDGE('',*,*,#1130,.T.);
#1162 = ORIENTED_EDGE('',*,*,#584,.T.);
#1163 = ORIENTED_EDGE('',*,*,#1164,.F.);
#1164 = EDGE_CURVE('',#256,#585,#1165,.T.);
#1165 = LINE('',#1166,#1167);
#1166 = CARTESIAN_POINT('',(-1.016,-8.89,0.));
#1167 = VECTOR('',#1168,1.);
#1168 = DIRECTION('',(0.,0.,1.));
#1169 = ORIENTED_EDGE('',*,*,#255,.F.);
#1170 = PLANE('',#1171);
#1171 = AXIS2_PLACEMENT_3D('',#1172,#1173,#1174);
#1172 = CARTESIAN_POINT('',(-1.27,-8.636,0.));
#1173 = DIRECTION('',(0.707106781187,0.707106781187,0.));
#1174 = DIRECTION('',(0.707106781187,-0.707106781187,0.));
#1175 = ADVANCED_FACE('',(#1176),#1187,.F.);
#1176 = FACE_BOUND('',#1177,.F.);
#1177 = EDGE_LOOP('',(#1178,#1184,#1185,#1186));
#1178 = ORIENTED_EDGE('',*,*,#1179,.T.);
#1179 = EDGE_CURVE('',#272,#601,#1180,.T.);
#1180 = LINE('',#1181,#1182);
#1181 = CARTESIAN_POINT('',(1.27,-8.636,0.));
#1182 = VECTOR('',#1183,1.);
#1183 = DIRECTION('',(0.,0.,1.));
#1184 = ORIENTED_EDGE('',*,*,#608,.T.);
#1185 = ORIENTED_EDGE('',*,*,#1145,.F.);
#1186 = ORIENTED_EDGE('',*,*,#279,.F.);
#1187 = PLANE('',#1188);
#1188 = AXIS2_PLACEMENT_3D('',#1189,#1190,#1191);
#1189 = CARTESIAN_POINT('',(1.27,-8.636,0.));
#1190 = DIRECTION('',(-1.,0.,0.));
#1191 = DIRECTION('',(0.,1.,0.));
#1192 = ADVANCED_FACE('',(#1193),#1204,.F.);
#1193 = FACE_BOUND('',#1194,.F.);
#1194 = EDGE_LOOP('',(#1195,#1196,#1197,#1203));
#1195 = ORIENTED_EDGE('',*,*,#1164,.T.);
#1196 = ORIENTED_EDGE('',*,*,#592,.T.);
#1197 = ORIENTED_EDGE('',*,*,#1198,.F.);
#1198 = EDGE_CURVE('',#264,#593,#1199,.T.);
#1199 = LINE('',#1200,#1201);
#1200 = CARTESIAN_POINT('',(1.016,-8.89,0.));
#1201 = VECTOR('',#1202,1.);
#1202 = DIRECTION('',(0.,0.,1.));
#1203 = ORIENTED_EDGE('',*,*,#263,.F.);
#1204 = PLANE('',#1205);
#1205 = AXIS2_PLACEMENT_3D('',#1206,#1207,#1208);
#1206 = CARTESIAN_POINT('',(-1.016,-8.89,0.));
#1207 = DIRECTION('',(0.,1.,0.));
#1208 = DIRECTION('',(1.,0.,0.));
#1209 = ADVANCED_FACE('',(#1210),#1216,.F.);
#1210 = FACE_BOUND('',#1211,.F.);
#1211 = EDGE_LOOP('',(#1212,#1213,#1214,#1215));
#1212 = ORIENTED_EDGE('',*,*,#1198,.T.);
#1213 = ORIENTED_EDGE('',*,*,#600,.T.);
#1214 = ORIENTED_EDGE('',*,*,#1179,.F.);
#1215 = ORIENTED_EDGE('',*,*,#271,.F.);
#1216 = PLANE('',#1217);
#1217 = AXIS2_PLACEMENT_3D('',#1218,#1219,#1220);
#1218 = CARTESIAN_POINT('',(1.016,-8.89,0.));
#1219 = DIRECTION('',(-0.707106781187,0.707106781187,0.));
#1220 = DIRECTION('',(0.707106781187,0.707106781187,0.));
#1221 = ADVANCED_FACE('',(#1222),#1247,.T.);
#1222 = FACE_BOUND('',#1223,.T.);
#1223 = EDGE_LOOP('',(#1224,#1232,#1240,#1246));
#1224 = ORIENTED_EDGE('',*,*,#1225,.F.);
#1225 = EDGE_CURVE('',#1226,#369,#1228,.T.);
#1226 = VERTEX_POINT('',#1227);
#1227 = CARTESIAN_POINT('',(0.32,-4.76,-2.84));
#1228 = LINE('',#1229,#1230);
#1229 = CARTESIAN_POINT('',(0.32,-4.76,-3.));
#1230 = VECTOR('',#1231,1.);
#1231 = DIRECTION('',(0.,0.,1.));
#1232 = ORIENTED_EDGE('',*,*,#1233,.F.);
#1233 = EDGE_CURVE('',#1234,#1226,#1236,.T.);
#1234 = VERTEX_POINT('',#1235);
#1235 = CARTESIAN_POINT('',(-0.32,-4.76,-2.84));
#1236 = LINE('',#1237,#1238);
#1237 = CARTESIAN_POINT('',(-0.32,-4.76,-2.84));
#1238 = VECTOR('',#1239,1.);
#1239 = DIRECTION('',(1.,0.,0.));
#1240 = ORIENTED_EDGE('',*,*,#1241,.T.);
#1241 = EDGE_CURVE('',#1234,#371,#1242,.T.);
#1242 = LINE('',#1243,#1244);
#1243 = CARTESIAN_POINT('',(-0.32,-4.76,-3.));
#1244 = VECTOR('',#1245,1.);
#1245 = DIRECTION('',(0.,0.,1.));
#1246 = ORIENTED_EDGE('',*,*,#368,.F.);
#1247 = PLANE('',#1248);
#1248 = AXIS2_PLACEMENT_3D('',#1249,#1250,#1251);
#1249 = CARTESIAN_POINT('',(-0.32,-4.76,-3.));
#1250 = DIRECTION('',(0.,1.,0.));
#1251 = DIRECTION('',(0.,-0.,1.));
#1252 = ADVANCED_FACE('',(#1253),#1271,.F.);
#1253 = FACE_BOUND('',#1254,.F.);
#1254 = EDGE_LOOP('',(#1255,#1263,#1269,#1270));
#1255 = ORIENTED_EDGE('',*,*,#1256,.F.);
#1256 = EDGE_CURVE('',#1257,#387,#1259,.T.);
#1257 = VERTEX_POINT('',#1258);
#1258 = CARTESIAN_POINT('',(-0.32,-5.4,-2.84));
#1259 = LINE('',#1260,#1261);
#1260 = CARTESIAN_POINT('',(-0.32,-5.4,-3.));
#1261 = VECTOR('',#1262,1.);
#1262 = DIRECTION('',(0.,0.,1.));
#1263 = ORIENTED_EDGE('',*,*,#1264,.T.);
#1264 = EDGE_CURVE('',#1257,#1234,#1265,.T.);
#1265 = LINE('',#1266,#1267);
#1266 = CARTESIAN_POINT('',(-0.32,-5.4,-2.84));
#1267 = VECTOR('',#1268,1.);
#1268 = DIRECTION('',(0.,1.,0.));
#1269 = ORIENTED_EDGE('',*,*,#1241,.T.);
#1270 = ORIENTED_EDGE('',*,*,#394,.F.);
#1271 = PLANE('',#1272);
#1272 = AXIS2_PLACEMENT_3D('',#1273,#1274,#1275);
#1273 = CARTESIAN_POINT('',(-0.32,-5.4,-3.));
#1274 = DIRECTION('',(1.,0.,0.));
#1275 = DIRECTION('',(0.,0.,1.));
#1276 = ADVANCED_FACE('',(#1277),#1295,.F.);
#1277 = FACE_BOUND('',#1278,.F.);
#1278 = EDGE_LOOP('',(#1279,#1287,#1293,#1294));
#1279 = ORIENTED_EDGE('',*,*,#1280,.F.);
#1280 = EDGE_CURVE('',#1281,#379,#1283,.T.);
#1281 = VERTEX_POINT('',#1282);
#1282 = CARTESIAN_POINT('',(0.32,-5.4,-2.84));
#1283 = LINE('',#1284,#1285);
#1284 = CARTESIAN_POINT('',(0.32,-5.4,-3.));
#1285 = VECTOR('',#1286,1.);
#1286 = DIRECTION('',(0.,0.,1.));
#1287 = ORIENTED_EDGE('',*,*,#1288,.F.);
#1288 = EDGE_CURVE('',#1257,#1281,#1289,.T.);
#1289 = LINE('',#1290,#1291);
#1290 = CARTESIAN_POINT('',(-0.32,-5.4,-2.84));
#1291 = VECTOR('',#1292,1.);
#1292 = DIRECTION('',(1.,0.,0.));
#1293 = ORIENTED_EDGE('',*,*,#1256,.T.);
#1294 = ORIENTED_EDGE('',*,*,#386,.F.);
#1295 = PLANE('',#1296);
#1296 = AXIS2_PLACEMENT_3D('',#1297,#1298,#1299);
#1297 = CARTESIAN_POINT('',(-0.32,-5.4,-3.));
#1298 = DIRECTION('',(0.,1.,0.));
#1299 = DIRECTION('',(0.,-0.,1.));
#1300 = ADVANCED_FACE('',(#1301),#1312,.T.);
#1301 = FACE_BOUND('',#1302,.T.);
#1302 = EDGE_LOOP('',(#1303,#1304,#1310,#1311));
#1303 = ORIENTED_EDGE('',*,*,#1280,.F.);
#1304 = ORIENTED_EDGE('',*,*,#1305,.T.);
#1305 = EDGE_CURVE('',#1281,#1226,#1306,.T.);
#1306 = LINE('',#1307,#1308);
#1307 = CARTESIAN_POINT('',(0.32,-5.4,-2.84));
#1308 = VECTOR('',#1309,1.);
#1309 = DIRECTION('',(0.,1.,0.));
#1310 = ORIENTED_EDGE('',*,*,#1225,.T.);
#1311 = ORIENTED_EDGE('',*,*,#378,.F.);
#1312 = PLANE('',#1313);
#1313 = AXIS2_PLACEMENT_3D('',#1314,#1315,#1316);
#1314 = CARTESIAN_POINT('',(0.32,-5.4,-3.));
#1315 = DIRECTION('',(1.,0.,0.));
#1316 = DIRECTION('',(0.,0.,1.));
#1317 = ADVANCED_FACE('',(#1318),#1343,.T.);
#1318 = FACE_BOUND('',#1319,.T.);
#1319 = EDGE_LOOP('',(#1320,#1328,#1336,#1342));
#1320 = ORIENTED_EDGE('',*,*,#1321,.F.);
#1321 = EDGE_CURVE('',#1322,#403,#1324,.T.);
#1322 = VERTEX_POINT('',#1323);
#1323 = CARTESIAN_POINT('',(0.32,-7.94,-2.84));
#1324 = LINE('',#1325,#1326);
#1325 = CARTESIAN_POINT('',(0.32,-7.94,-3.));
#1326 = VECTOR('',#1327,1.);
#1327 = DIRECTION('',(0.,0.,1.));
#1328 = ORIENTED_EDGE('',*,*,#1329,.T.);
#1329 = EDGE_CURVE('',#1322,#1330,#1332,.T.);
#1330 = VERTEX_POINT('',#1331);
#1331 = CARTESIAN_POINT('',(0.32,-7.3,-2.84));
#1332 = LINE('',#1333,#1334);
#1333 = CARTESIAN_POINT('',(0.32,-7.94,-2.84));
#1334 = VECTOR('',#1335,1.);
#1335 = DIRECTION('',(0.,1.,0.));
#1336 = ORIENTED_EDGE('',*,*,#1337,.T.);
#1337 = EDGE_CURVE('',#1330,#405,#1338,.T.);
#1338 = LINE('',#1339,#1340);
#1339 = CARTESIAN_POINT('',(0.32,-7.3,-3.));
#1340 = VECTOR('',#1341,1.);
#1341 = DIRECTION('',(0.,0.,1.));
#1342 = ORIENTED_EDGE('',*,*,#402,.F.);
#1343 = PLANE('',#1344);
#1344 = AXIS2_PLACEMENT_3D('',#1345,#1346,#1347);
#1345 = CARTESIAN_POINT('',(0.32,-7.94,-3.));
#1346 = DIRECTION('',(1.,0.,0.));
#1347 = DIRECTION('',(0.,0.,1.));
#1348 = ADVANCED_FACE('',(#1349),#1367,.T.);
#1349 = FACE_BOUND('',#1350,.T.);
#1350 = EDGE_LOOP('',(#1351,#1352,#1360,#1366));
#1351 = ORIENTED_EDGE('',*,*,#1337,.F.);
#1352 = ORIENTED_EDGE('',*,*,#1353,.F.);
#1353 = EDGE_CURVE('',#1354,#1330,#1356,.T.);
#1354 = VERTEX_POINT('',#1355);
#1355 = CARTESIAN_POINT('',(-0.32,-7.3,-2.84));
#1356 = LINE('',#1357,#1358);
#1357 = CARTESIAN_POINT('',(-0.32,-7.3,-2.84));
#1358 = VECTOR('',#1359,1.);
#1359 = DIRECTION('',(1.,0.,0.));
#1360 = ORIENTED_EDGE('',*,*,#1361,.T.);
#1361 = EDGE_CURVE('',#1354,#421,#1362,.T.);
#1362 = LINE('',#1363,#1364);
#1363 = CARTESIAN_POINT('',(-0.32,-7.3,-3.));
#1364 = VECTOR('',#1365,1.);
#1365 = DIRECTION('',(0.,0.,1.));
#1366 = ORIENTED_EDGE('',*,*,#428,.F.);
#1367 = PLANE('',#1368);
#1368 = AXIS2_PLACEMENT_3D('',#1369,#1370,#1371);
#1369 = CARTESIAN_POINT('',(-0.32,-7.3,-3.));
#1370 = DIRECTION('',(0.,1.,0.));
#1371 = DIRECTION('',(0.,-0.,1.));
#1372 = ADVANCED_FACE('',(#1373),#1391,.F.);
#1373 = FACE_BOUND('',#1374,.F.);
#1374 = EDGE_LOOP('',(#1375,#1383,#1389,#1390));
#1375 = ORIENTED_EDGE('',*,*,#1376,.F.);
#1376 = EDGE_CURVE('',#1377,#413,#1379,.T.);
#1377 = VERTEX_POINT('',#1378);
#1378 = CARTESIAN_POINT('',(-0.32,-7.94,-2.84));
#1379 = LINE('',#1380,#1381);
#1380 = CARTESIAN_POINT('',(-0.32,-7.94,-3.));
#1381 = VECTOR('',#1382,1.);
#1382 = DIRECTION('',(0.,0.,1.));
#1383 = ORIENTED_EDGE('',*,*,#1384,.T.);
#1384 = EDGE_CURVE('',#1377,#1354,#1385,.T.);
#1385 = LINE('',#1386,#1387);
#1386 = CARTESIAN_POINT('',(-0.32,-7.94,-2.84));
#1387 = VECTOR('',#1388,1.);
#1388 = DIRECTION('',(0.,1.,0.));
#1389 = ORIENTED_EDGE('',*,*,#1361,.T.);
#1390 = ORIENTED_EDGE('',*,*,#420,.F.);
#1391 = PLANE('',#1392);
#1392 = AXIS2_PLACEMENT_3D('',#1393,#1394,#1395);
#1393 = CARTESIAN_POINT('',(-0.32,-7.94,-3.));
#1394 = DIRECTION('',(1.,0.,0.));
#1395 = DIRECTION('',(0.,0.,1.));
#1396 = ADVANCED_FACE('',(#1397),#1408,.F.);
#1397 = FACE_BOUND('',#1398,.F.);
#1398 = EDGE_LOOP('',(#1399,#1400,#1406,#1407));
#1399 = ORIENTED_EDGE('',*,*,#1321,.F.);
#1400 = ORIENTED_EDGE('',*,*,#1401,.F.);
#1401 = EDGE_CURVE('',#1377,#1322,#1402,.T.);
#1402 = LINE('',#1403,#1404);
#1403 = CARTESIAN_POINT('',(-0.32,-7.94,-2.84));
#1404 = VECTOR('',#1405,1.);
#1405 = DIRECTION('',(1.,0.,0.));
#1406 = ORIENTED_EDGE('',*,*,#1376,.T.);
#1407 = ORIENTED_EDGE('',*,*,#412,.F.);
#1408 = PLANE('',#1409);
#1409 = AXIS2_PLACEMENT_3D('',#1410,#1411,#1412);
#1410 = CARTESIAN_POINT('',(-0.32,-7.94,-3.));
#1411 = DIRECTION('',(0.,1.,0.));
#1412 = DIRECTION('',(0.,-0.,1.));
#1413 = ADVANCED_FACE('',(#1414),#1439,.T.);
#1414 = FACE_BOUND('',#1415,.T.);
#1415 = EDGE_LOOP('',(#1416,#1424,#1432,#1438));
#1416 = ORIENTED_EDGE('',*,*,#1417,.F.);
#1417 = EDGE_CURVE('',#1418,#437,#1420,.T.);
#1418 = VERTEX_POINT('',#1419);
#1419 = CARTESIAN_POINT('',(0.32,-0.32,-2.84));
#1420 = LINE('',#1421,#1422);
#1421 = CARTESIAN_POINT('',(0.32,-0.32,-3.));
#1422 = VECTOR('',#1423,1.);
#1423 = DIRECTION('',(0.,0.,1.));
#1424 = ORIENTED_EDGE('',*,*,#1425,.T.);
#1425 = EDGE_CURVE('',#1418,#1426,#1428,.T.);
#1426 = VERTEX_POINT('',#1427);
#1427 = CARTESIAN_POINT('',(0.32,0.32,-2.84));
#1428 = LINE('',#1429,#1430);
#1429 = CARTESIAN_POINT('',(0.32,-0.32,-2.84));
#1430 = VECTOR('',#1431,1.);
#1431 = DIRECTION('',(0.,1.,0.));
#1432 = ORIENTED_EDGE('',*,*,#1433,.T.);
#1433 = EDGE_CURVE('',#1426,#439,#1434,.T.);
#1434 = LINE('',#1435,#1436);
#1435 = CARTESIAN_POINT('',(0.32,0.32,-3.));
#1436 = VECTOR('',#1437,1.);
#1437 = DIRECTION('',(0.,0.,1.));
#1438 = ORIENTED_EDGE('',*,*,#436,.F.);
#1439 = PLANE('',#1440);
#1440 = AXIS2_PLACEMENT_3D('',#1441,#1442,#1443);
#1441 = CARTESIAN_POINT('',(0.32,-0.32,-3.));
#1442 = DIRECTION('',(1.,0.,0.));
#1443 = DIRECTION('',(0.,0.,1.));
#1444 = ADVANCED_FACE('',(#1445),#1463,.T.);
#1445 = FACE_BOUND('',#1446,.T.);
#1446 = EDGE_LOOP('',(#1447,#1448,#1456,#1462));
#1447 = ORIENTED_EDGE('',*,*,#1433,.F.);
#1448 = ORIENTED_EDGE('',*,*,#1449,.F.);
#1449 = EDGE_CURVE('',#1450,#1426,#1452,.T.);
#1450 = VERTEX_POINT('',#1451);
#1451 = CARTESIAN_POINT('',(-0.32,0.32,-2.84));
#1452 = LINE('',#1453,#1454);
#1453 = CARTESIAN_POINT('',(-0.32,0.32,-2.84));
#1454 = VECTOR('',#1455,1.);
#1455 = DIRECTION('',(1.,0.,0.));
#1456 = ORIENTED_EDGE('',*,*,#1457,.T.);
#1457 = EDGE_CURVE('',#1450,#455,#1458,.T.);
#1458 = LINE('',#1459,#1460);
#1459 = CARTESIAN_POINT('',(-0.32,0.32,-3.));
#1460 = VECTOR('',#1461,1.);
#1461 = DIRECTION('',(0.,0.,1.));
#1462 = ORIENTED_EDGE('',*,*,#462,.F.);
#1463 = PLANE('',#1464);
#1464 = AXIS2_PLACEMENT_3D('',#1465,#1466,#1467);
#1465 = CARTESIAN_POINT('',(-0.32,0.32,-3.));
#1466 = DIRECTION('',(0.,1.,0.));
#1467 = DIRECTION('',(0.,-0.,1.));
#1468 = ADVANCED_FACE('',(#1469),#1487,.F.);
#1469 = FACE_BOUND('',#1470,.F.);
#1470 = EDGE_LOOP('',(#1471,#1479,#1485,#1486));
#1471 = ORIENTED_EDGE('',*,*,#1472,.F.);
#1472 = EDGE_CURVE('',#1473,#447,#1475,.T.);
#1473 = VERTEX_POINT('',#1474);
#1474 = CARTESIAN_POINT('',(-0.32,-0.32,-2.84));
#1475 = LINE('',#1476,#1477);
#1476 = CARTESIAN_POINT('',(-0.32,-0.32,-3.));
#1477 = VECTOR('',#1478,1.);
#1478 = DIRECTION('',(0.,0.,1.));
#1479 = ORIENTED_EDGE('',*,*,#1480,.T.);
#1480 = EDGE_CURVE('',#1473,#1450,#1481,.T.);
#1481 = LINE('',#1482,#1483);
#1482 = CARTESIAN_POINT('',(-0.32,-0.32,-2.84));
#1483 = VECTOR('',#1484,1.);
#1484 = DIRECTION('',(0.,1.,0.));
#1485 = ORIENTED_EDGE('',*,*,#1457,.T.);
#1486 = ORIENTED_EDGE('',*,*,#454,.F.);
#1487 = PLANE('',#1488);
#1488 = AXIS2_PLACEMENT_3D('',#1489,#1490,#1491);
#1489 = CARTESIAN_POINT('',(-0.32,-0.32,-3.));
#1490 = DIRECTION('',(1.,0.,0.));
#1491 = DIRECTION('',(0.,0.,1.));
#1492 = ADVANCED_FACE('',(#1493),#1504,.F.);
#1493 = FACE_BOUND('',#1494,.F.);
#1494 = EDGE_LOOP('',(#1495,#1496,#1502,#1503));
#1495 = ORIENTED_EDGE('',*,*,#1417,.F.);
#1496 = ORIENTED_EDGE('',*,*,#1497,.F.);
#1497 = EDGE_CURVE('',#1473,#1418,#1498,.T.);
#1498 = LINE('',#1499,#1500);
#1499 = CARTESIAN_POINT('',(-0.32,-0.32,-2.84));
#1500 = VECTOR('',#1501,1.);
#1501 = DIRECTION('',(1.,0.,0.));
#1502 = ORIENTED_EDGE('',*,*,#1472,.T.);
#1503 = ORIENTED_EDGE('',*,*,#446,.F.);
#1504 = PLANE('',#1505);
#1505 = AXIS2_PLACEMENT_3D('',#1506,#1507,#1508);
#1506 = CARTESIAN_POINT('',(-0.32,-0.32,-3.));
#1507 = DIRECTION('',(0.,1.,0.));
#1508 = DIRECTION('',(0.,-0.,1.));
#1509 = ADVANCED_FACE('',(#1510),#1535,.T.);
#1510 = FACE_BOUND('',#1511,.T.);
#1511 = EDGE_LOOP('',(#1512,#1520,#1528,#1534));
#1512 = ORIENTED_EDGE('',*,*,#1513,.F.);
#1513 = EDGE_CURVE('',#1514,#471,#1516,.T.);
#1514 = VERTEX_POINT('',#1515);
#1515 = CARTESIAN_POINT('',(0.32,-2.22,-2.84));
#1516 = LINE('',#1517,#1518);
#1517 = CARTESIAN_POINT('',(0.32,-2.22,-3.));
#1518 = VECTOR('',#1519,1.);
#1519 = DIRECTION('',(0.,0.,1.));
#1520 = ORIENTED_EDGE('',*,*,#1521,.F.);
#1521 = EDGE_CURVE('',#1522,#1514,#1524,.T.);
#1522 = VERTEX_POINT('',#1523);
#1523 = CARTESIAN_POINT('',(-0.32,-2.22,-2.84));
#1524 = LINE('',#1525,#1526);
#1525 = CARTESIAN_POINT('',(-0.32,-2.22,-2.84));
#1526 = VECTOR('',#1527,1.);
#1527 = DIRECTION('',(1.,0.,0.));
#1528 = ORIENTED_EDGE('',*,*,#1529,.T.);
#1529 = EDGE_CURVE('',#1522,#473,#1530,.T.);
#1530 = LINE('',#1531,#1532);
#1531 = CARTESIAN_POINT('',(-0.32,-2.22,-3.));
#1532 = VECTOR('',#1533,1.);
#1533 = DIRECTION('',(0.,0.,1.));
#1534 = ORIENTED_EDGE('',*,*,#470,.F.);
#1535 = PLANE('',#1536);
#1536 = AXIS2_PLACEMENT_3D('',#1537,#1538,#1539);
#1537 = CARTESIAN_POINT('',(-0.32,-2.22,-3.));
#1538 = DIRECTION('',(0.,1.,0.));
#1539 = DIRECTION('',(0.,-0.,1.));
#1540 = ADVANCED_FACE('',(#1541),#1559,.F.);
#1541 = FACE_BOUND('',#1542,.F.);
#1542 = EDGE_LOOP('',(#1543,#1551,#1557,#1558));
#1543 = ORIENTED_EDGE('',*,*,#1544,.F.);
#1544 = EDGE_CURVE('',#1545,#489,#1547,.T.);
#1545 = VERTEX_POINT('',#1546);
#1546 = CARTESIAN_POINT('',(-0.32,-2.86,-2.84));
#1547 = LINE('',#1548,#1549);
#1548 = CARTESIAN_POINT('',(-0.32,-2.86,-3.));
#1549 = VECTOR('',#1550,1.);
#1550 = DIRECTION('',(0.,0.,1.));
#1551 = ORIENTED_EDGE('',*,*,#1552,.T.);
#1552 = EDGE_CURVE('',#1545,#1522,#1553,.T.);
#1553 = LINE('',#1554,#1555);
#1554 = CARTESIAN_POINT('',(-0.32,-2.86,-2.84));
#1555 = VECTOR('',#1556,1.);
#1556 = DIRECTION('',(0.,1.,0.));
#1557 = ORIENTED_EDGE('',*,*,#1529,.T.);
#1558 = ORIENTED_EDGE('',*,*,#496,.F.);
#1559 = PLANE('',#1560);
#1560 = AXIS2_PLACEMENT_3D('',#1561,#1562,#1563);
#1561 = CARTESIAN_POINT('',(-0.32,-2.86,-3.));
#1562 = DIRECTION('',(1.,0.,0.));
#1563 = DIRECTION('',(0.,0.,1.));
#1564 = ADVANCED_FACE('',(#1565),#1583,.F.);
#1565 = FACE_BOUND('',#1566,.F.);
#1566 = EDGE_LOOP('',(#1567,#1575,#1581,#1582));
#1567 = ORIENTED_EDGE('',*,*,#1568,.F.);
#1568 = EDGE_CURVE('',#1569,#481,#1571,.T.);
#1569 = VERTEX_POINT('',#1570);
#1570 = CARTESIAN_POINT('',(0.32,-2.86,-2.84));
#1571 = LINE('',#1572,#1573);
#1572 = CARTESIAN_POINT('',(0.32,-2.86,-3.));
#1573 = VECTOR('',#1574,1.);
#1574 = DIRECTION('',(0.,0.,1.));
#1575 = ORIENTED_EDGE('',*,*,#1576,.F.);
#1576 = EDGE_CURVE('',#1545,#1569,#1577,.T.);
#1577 = LINE('',#1578,#1579);
#1578 = CARTESIAN_POINT('',(-0.32,-2.86,-2.84));
#1579 = VECTOR('',#1580,1.);
#1580 = DIRECTION('',(1.,0.,0.));
#1581 = ORIENTED_EDGE('',*,*,#1544,.T.);
#1582 = ORIENTED_EDGE('',*,*,#488,.F.);
#1583 = PLANE('',#1584);
#1584 = AXIS2_PLACEMENT_3D('',#1585,#1586,#1587);
#1585 = CARTESIAN_POINT('',(-0.32,-2.86,-3.));
#1586 = DIRECTION('',(0.,1.,0.));
#1587 = DIRECTION('',(0.,-0.,1.));
#1588 = ADVANCED_FACE('',(#1589),#1600,.T.);
#1589 = FACE_BOUND('',#1590,.T.);
#1590 = EDGE_LOOP('',(#1591,#1592,#1598,#1599));
#1591 = ORIENTED_EDGE('',*,*,#1568,.F.);
#1592 = ORIENTED_EDGE('',*,*,#1593,.T.);
#1593 = EDGE_CURVE('',#1569,#1514,#1594,.T.);
#1594 = LINE('',#1595,#1596);
#1595 = CARTESIAN_POINT('',(0.32,-2.86,-2.84));
#1596 = VECTOR('',#1597,1.);
#1597 = DIRECTION('',(0.,1.,0.));
#1598 = ORIENTED_EDGE('',*,*,#1513,.T.);
#1599 = ORIENTED_EDGE('',*,*,#480,.F.);
#1600 = PLANE('',#1601);
#1601 = AXIS2_PLACEMENT_3D('',#1602,#1603,#1604);
#1602 = CARTESIAN_POINT('',(0.32,-2.86,-3.));
#1603 = DIRECTION('',(1.,0.,0.));
#1604 = DIRECTION('',(0.,0.,1.));
#1605 = ADVANCED_FACE('',(#1606),#1631,.T.);
#1606 = FACE_BOUND('',#1607,.T.);
#1607 = EDGE_LOOP('',(#1608,#1616,#1617,#1625));
#1608 = ORIENTED_EDGE('',*,*,#1609,.F.);
#1609 = EDGE_CURVE('',#698,#1610,#1612,.T.);
#1610 = VERTEX_POINT('',#1611);
#1611 = CARTESIAN_POINT('',(0.32,-4.76,8.38));
#1612 = LINE('',#1613,#1614);
#1613 = CARTESIAN_POINT('',(0.32,-4.76,-3.));
#1614 = VECTOR('',#1615,1.);
#1615 = DIRECTION('',(0.,0.,1.));
#1616 = ORIENTED_EDGE('',*,*,#697,.T.);
#1617 = ORIENTED_EDGE('',*,*,#1618,.T.);
#1618 = EDGE_CURVE('',#700,#1619,#1621,.T.);
#1619 = VERTEX_POINT('',#1620);
#1620 = CARTESIAN_POINT('',(-0.32,-4.76,8.38));
#1621 = LINE('',#1622,#1623);
#1622 = CARTESIAN_POINT('',(-0.32,-4.76,-3.));
#1623 = VECTOR('',#1624,1.);
#1624 = DIRECTION('',(0.,0.,1.));
#1625 = ORIENTED_EDGE('',*,*,#1626,.T.);
#1626 = EDGE_CURVE('',#1619,#1610,#1627,.T.);
#1627 = LINE('',#1628,#1629);
#1628 = CARTESIAN_POINT('',(-0.32,-4.76,8.38));
#1629 = VECTOR('',#1630,1.);
#1630 = DIRECTION('',(1.,0.,0.));
#1631 = PLANE('',#1632);
#1632 = AXIS2_PLACEMENT_3D('',#1633,#1634,#1635);
#1633 = CARTESIAN_POINT('',(-0.32,-4.76,-3.));
#1634 = DIRECTION('',(0.,1.,0.));
#1635 = DIRECTION('',(0.,-0.,1.));
#1636 = ADVANCED_FACE('',(#1637),#1655,.F.);
#1637 = FACE_BOUND('',#1638,.F.);
#1638 = EDGE_LOOP('',(#1639,#1647,#1648,#1649));
#1639 = ORIENTED_EDGE('',*,*,#1640,.F.);
#1640 = EDGE_CURVE('',#716,#1641,#1643,.T.);
#1641 = VERTEX_POINT('',#1642);
#1642 = CARTESIAN_POINT('',(-0.32,-5.4,8.38));
#1643 = LINE('',#1644,#1645);
#1644 = CARTESIAN_POINT('',(-0.32,-5.4,-3.));
#1645 = VECTOR('',#1646,1.);
#1646 = DIRECTION('',(0.,0.,1.));
#1647 = ORIENTED_EDGE('',*,*,#723,.T.);
#1648 = ORIENTED_EDGE('',*,*,#1618,.T.);
#1649 = ORIENTED_EDGE('',*,*,#1650,.F.);
#1650 = EDGE_CURVE('',#1641,#1619,#1651,.T.);
#1651 = LINE('',#1652,#1653);
#1652 = CARTESIAN_POINT('',(-0.32,-5.4,8.38));
#1653 = VECTOR('',#1654,1.);
#1654 = DIRECTION('',(0.,1.,0.));
#1655 = PLANE('',#1656);
#1656 = AXIS2_PLACEMENT_3D('',#1657,#1658,#1659);
#1657 = CARTESIAN_POINT('',(-0.32,-5.4,-3.));
#1658 = DIRECTION('',(1.,0.,0.));
#1659 = DIRECTION('',(0.,0.,1.));
#1660 = ADVANCED_FACE('',(#1661),#1679,.F.);
#1661 = FACE_BOUND('',#1662,.F.);
#1662 = EDGE_LOOP('',(#1663,#1671,#1672,#1673));
#1663 = ORIENTED_EDGE('',*,*,#1664,.F.);
#1664 = EDGE_CURVE('',#708,#1665,#1667,.T.);
#1665 = VERTEX_POINT('',#1666);
#1666 = CARTESIAN_POINT('',(0.32,-5.4,8.38));
#1667 = LINE('',#1668,#1669);
#1668 = CARTESIAN_POINT('',(0.32,-5.4,-3.));
#1669 = VECTOR('',#1670,1.);
#1670 = DIRECTION('',(0.,0.,1.));
#1671 = ORIENTED_EDGE('',*,*,#715,.T.);
#1672 = ORIENTED_EDGE('',*,*,#1640,.T.);
#1673 = ORIENTED_EDGE('',*,*,#1674,.T.);
#1674 = EDGE_CURVE('',#1641,#1665,#1675,.T.);
#1675 = LINE('',#1676,#1677);
#1676 = CARTESIAN_POINT('',(-0.32,-5.4,8.38));
#1677 = VECTOR('',#1678,1.);
#1678 = DIRECTION('',(1.,0.,0.));
#1679 = PLANE('',#1680);
#1680 = AXIS2_PLACEMENT_3D('',#1681,#1682,#1683);
#1681 = CARTESIAN_POINT('',(-0.32,-5.4,-3.));
#1682 = DIRECTION('',(0.,1.,0.));
#1683 = DIRECTION('',(0.,-0.,1.));
#1684 = ADVANCED_FACE('',(#1685),#1696,.T.);
#1685 = FACE_BOUND('',#1686,.T.);
#1686 = EDGE_LOOP('',(#1687,#1688,#1689,#1690));
#1687 = ORIENTED_EDGE('',*,*,#1664,.F.);
#1688 = ORIENTED_EDGE('',*,*,#707,.T.);
#1689 = ORIENTED_EDGE('',*,*,#1609,.T.);
#1690 = ORIENTED_EDGE('',*,*,#1691,.F.);
#1691 = EDGE_CURVE('',#1665,#1610,#1692,.T.);
#1692 = LINE('',#1693,#1694);
#1693 = CARTESIAN_POINT('',(0.32,-5.4,8.38));
#1694 = VECTOR('',#1695,1.);
#1695 = DIRECTION('',(0.,1.,0.));
#1696 = PLANE('',#1697);
#1697 = AXIS2_PLACEMENT_3D('',#1698,#1699,#1700);
#1698 = CARTESIAN_POINT('',(0.32,-5.4,-3.));
#1699 = DIRECTION('',(1.,0.,0.));
#1700 = DIRECTION('',(0.,0.,1.));
#1701 = ADVANCED_FACE('',(#1702),#1727,.T.);
#1702 = FACE_BOUND('',#1703,.T.);
#1703 = EDGE_LOOP('',(#1704,#1712,#1713,#1721));
#1704 = ORIENTED_EDGE('',*,*,#1705,.F.);
#1705 = EDGE_CURVE('',#732,#1706,#1708,.T.);
#1706 = VERTEX_POINT('',#1707);
#1707 = CARTESIAN_POINT('',(0.32,-7.94,8.38));
#1708 = LINE('',#1709,#1710);
#1709 = CARTESIAN_POINT('',(0.32,-7.94,-3.));
#1710 = VECTOR('',#1711,1.);
#1711 = DIRECTION('',(0.,0.,1.));
#1712 = ORIENTED_EDGE('',*,*,#731,.T.);
#1713 = ORIENTED_EDGE('',*,*,#1714,.T.);
#1714 = EDGE_CURVE('',#734,#1715,#1717,.T.);
#1715 = VERTEX_POINT('',#1716);
#1716 = CARTESIAN_POINT('',(0.32,-7.3,8.38));
#1717 = LINE('',#1718,#1719);
#1718 = CARTESIAN_POINT('',(0.32,-7.3,-3.));
#1719 = VECTOR('',#1720,1.);
#1720 = DIRECTION('',(0.,0.,1.));
#1721 = ORIENTED_EDGE('',*,*,#1722,.F.);
#1722 = EDGE_CURVE('',#1706,#1715,#1723,.T.);
#1723 = LINE('',#1724,#1725);
#1724 = CARTESIAN_POINT('',(0.32,-7.94,8.38));
#1725 = VECTOR('',#1726,1.);
#1726 = DIRECTION('',(0.,1.,0.));
#1727 = PLANE('',#1728);
#1728 = AXIS2_PLACEMENT_3D('',#1729,#1730,#1731);
#1729 = CARTESIAN_POINT('',(0.32,-7.94,-3.));
#1730 = DIRECTION('',(1.,0.,0.));
#1731 = DIRECTION('',(0.,0.,1.));
#1732 = ADVANCED_FACE('',(#1733),#1751,.T.);
#1733 = FACE_BOUND('',#1734,.T.);
#1734 = EDGE_LOOP('',(#1735,#1736,#1737,#1745));
#1735 = ORIENTED_EDGE('',*,*,#1714,.F.);
#1736 = ORIENTED_EDGE('',*,*,#757,.T.);
#1737 = ORIENTED_EDGE('',*,*,#1738,.T.);
#1738 = EDGE_CURVE('',#750,#1739,#1741,.T.);
#1739 = VERTEX_POINT('',#1740);
#1740 = CARTESIAN_POINT('',(-0.32,-7.3,8.38));
#1741 = LINE('',#1742,#1743);
#1742 = CARTESIAN_POINT('',(-0.32,-7.3,-3.));
#1743 = VECTOR('',#1744,1.);
#1744 = DIRECTION('',(0.,0.,1.));
#1745 = ORIENTED_EDGE('',*,*,#1746,.T.);
#1746 = EDGE_CURVE('',#1739,#1715,#1747,.T.);
#1747 = LINE('',#1748,#1749);
#1748 = CARTESIAN_POINT('',(-0.32,-7.3,8.38));
#1749 = VECTOR('',#1750,1.);
#1750 = DIRECTION('',(1.,0.,0.));
#1751 = PLANE('',#1752);
#1752 = AXIS2_PLACEMENT_3D('',#1753,#1754,#1755);
#1753 = CARTESIAN_POINT('',(-0.32,-7.3,-3.));
#1754 = DIRECTION('',(0.,1.,0.));
#1755 = DIRECTION('',(0.,-0.,1.));
#1756 = ADVANCED_FACE('',(#1757),#1775,.F.);
#1757 = FACE_BOUND('',#1758,.F.);
#1758 = EDGE_LOOP('',(#1759,#1767,#1768,#1769));
#1759 = ORIENTED_EDGE('',*,*,#1760,.F.);
#1760 = EDGE_CURVE('',#742,#1761,#1763,.T.);
#1761 = VERTEX_POINT('',#1762);
#1762 = CARTESIAN_POINT('',(-0.32,-7.94,8.38));
#1763 = LINE('',#1764,#1765);
#1764 = CARTESIAN_POINT('',(-0.32,-7.94,-3.));
#1765 = VECTOR('',#1766,1.);
#1766 = DIRECTION('',(0.,0.,1.));
#1767 = ORIENTED_EDGE('',*,*,#749,.T.);
#1768 = ORIENTED_EDGE('',*,*,#1738,.T.);
#1769 = ORIENTED_EDGE('',*,*,#1770,.F.);
#1770 = EDGE_CURVE('',#1761,#1739,#1771,.T.);
#1771 = LINE('',#1772,#1773);
#1772 = CARTESIAN_POINT('',(-0.32,-7.94,8.38));
#1773 = VECTOR('',#1774,1.);
#1774 = DIRECTION('',(0.,1.,0.));
#1775 = PLANE('',#1776);
#1776 = AXIS2_PLACEMENT_3D('',#1777,#1778,#1779);
#1777 = CARTESIAN_POINT('',(-0.32,-7.94,-3.));
#1778 = DIRECTION('',(1.,0.,0.));
#1779 = DIRECTION('',(0.,0.,1.));
#1780 = ADVANCED_FACE('',(#1781),#1792,.F.);
#1781 = FACE_BOUND('',#1782,.F.);
#1782 = EDGE_LOOP('',(#1783,#1784,#1785,#1786));
#1783 = ORIENTED_EDGE('',*,*,#1705,.F.);
#1784 = ORIENTED_EDGE('',*,*,#741,.T.);
#1785 = ORIENTED_EDGE('',*,*,#1760,.T.);
#1786 = ORIENTED_EDGE('',*,*,#1787,.T.);
#1787 = EDGE_CURVE('',#1761,#1706,#1788,.T.);
#1788 = LINE('',#1789,#1790);
#1789 = CARTESIAN_POINT('',(-0.32,-7.94,8.38));
#1790 = VECTOR('',#1791,1.);
#1791 = DIRECTION('',(1.,0.,0.));
#1792 = PLANE('',#1793);
#1793 = AXIS2_PLACEMENT_3D('',#1794,#1795,#1796);
#1794 = CARTESIAN_POINT('',(-0.32,-7.94,-3.));
#1795 = DIRECTION('',(0.,1.,0.));
#1796 = DIRECTION('',(0.,-0.,1.));
#1797 = ADVANCED_FACE('',(#1798),#1823,.T.);
#1798 = FACE_BOUND('',#1799,.T.);
#1799 = EDGE_LOOP('',(#1800,#1808,#1809,#1817));
#1800 = ORIENTED_EDGE('',*,*,#1801,.F.);
#1801 = EDGE_CURVE('',#766,#1802,#1804,.T.);
#1802 = VERTEX_POINT('',#1803);
#1803 = CARTESIAN_POINT('',(0.32,-0.32,8.38));
#1804 = LINE('',#1805,#1806);
#1805 = CARTESIAN_POINT('',(0.32,-0.32,-3.));
#1806 = VECTOR('',#1807,1.);
#1807 = DIRECTION('',(0.,0.,1.));
#1808 = ORIENTED_EDGE('',*,*,#765,.T.);
#1809 = ORIENTED_EDGE('',*,*,#1810,.T.);
#1810 = EDGE_CURVE('',#768,#1811,#1813,.T.);
#1811 = VERTEX_POINT('',#1812);
#1812 = CARTESIAN_POINT('',(0.32,0.32,8.38));
#1813 = LINE('',#1814,#1815);
#1814 = CARTESIAN_POINT('',(0.32,0.32,-3.));
#1815 = VECTOR('',#1816,1.);
#1816 = DIRECTION('',(0.,0.,1.));
#1817 = ORIENTED_EDGE('',*,*,#1818,.F.);
#1818 = EDGE_CURVE('',#1802,#1811,#1819,.T.);
#1819 = LINE('',#1820,#1821);
#1820 = CARTESIAN_POINT('',(0.32,-0.32,8.38));
#1821 = VECTOR('',#1822,1.);
#1822 = DIRECTION('',(0.,1.,0.));
#1823 = PLANE('',#1824);
#1824 = AXIS2_PLACEMENT_3D('',#1825,#1826,#1827);
#1825 = CARTESIAN_POINT('',(0.32,-0.32,-3.));
#1826 = DIRECTION('',(1.,0.,0.));
#1827 = DIRECTION('',(0.,0.,1.));
#1828 = ADVANCED_FACE('',(#1829),#1847,.T.);
#1829 = FACE_BOUND('',#1830,.T.);
#1830 = EDGE_LOOP('',(#1831,#1832,#1833,#1841));
#1831 = ORIENTED_EDGE('',*,*,#1810,.F.);
#1832 = ORIENTED_EDGE('',*,*,#791,.T.);
#1833 = ORIENTED_EDGE('',*,*,#1834,.T.);
#1834 = EDGE_CURVE('',#784,#1835,#1837,.T.);
#1835 = VERTEX_POINT('',#1836);
#1836 = CARTESIAN_POINT('',(-0.32,0.32,8.38));
#1837 = LINE('',#1838,#1839);
#1838 = CARTESIAN_POINT('',(-0.32,0.32,-3.));
#1839 = VECTOR('',#1840,1.);
#1840 = DIRECTION('',(0.,0.,1.));
#1841 = ORIENTED_EDGE('',*,*,#1842,.T.);
#1842 = EDGE_CURVE('',#1835,#1811,#1843,.T.);
#1843 = LINE('',#1844,#1845);
#1844 = CARTESIAN_POINT('',(-0.32,0.32,8.38));
#1845 = VECTOR('',#1846,1.);
#1846 = DIRECTION('',(1.,0.,0.));
#1847 = PLANE('',#1848);
#1848 = AXIS2_PLACEMENT_3D('',#1849,#1850,#1851);
#1849 = CARTESIAN_POINT('',(-0.32,0.32,-3.));
#1850 = DIRECTION('',(0.,1.,0.));
#1851 = DIRECTION('',(0.,-0.,1.));
#1852 = ADVANCED_FACE('',(#1853),#1871,.F.);
#1853 = FACE_BOUND('',#1854,.F.);
#1854 = EDGE_LOOP('',(#1855,#1863,#1864,#1865));
#1855 = ORIENTED_EDGE('',*,*,#1856,.F.);
#1856 = EDGE_CURVE('',#776,#1857,#1859,.T.);
#1857 = VERTEX_POINT('',#1858);
#1858 = CARTESIAN_POINT('',(-0.32,-0.32,8.38));
#1859 = LINE('',#1860,#1861);
#1860 = CARTESIAN_POINT('',(-0.32,-0.32,-3.));
#1861 = VECTOR('',#1862,1.);
#1862 = DIRECTION('',(0.,0.,1.));
#1863 = ORIENTED_EDGE('',*,*,#783,.T.);
#1864 = ORIENTED_EDGE('',*,*,#1834,.T.);
#1865 = ORIENTED_EDGE('',*,*,#1866,.F.);
#1866 = EDGE_CURVE('',#1857,#1835,#1867,.T.);
#1867 = LINE('',#1868,#1869);
#1868 = CARTESIAN_POINT('',(-0.32,-0.32,8.38));
#1869 = VECTOR('',#1870,1.);
#1870 = DIRECTION('',(0.,1.,0.));
#1871 = PLANE('',#1872);
#1872 = AXIS2_PLACEMENT_3D('',#1873,#1874,#1875);
#1873 = CARTESIAN_POINT('',(-0.32,-0.32,-3.));
#1874 = DIRECTION('',(1.,0.,0.));
#1875 = DIRECTION('',(0.,0.,1.));
#1876 = ADVANCED_FACE('',(#1877),#1888,.F.);
#1877 = FACE_BOUND('',#1878,.F.);
#1878 = EDGE_LOOP('',(#1879,#1880,#1881,#1882));
#1879 = ORIENTED_EDGE('',*,*,#1801,.F.);
#1880 = ORIENTED_EDGE('',*,*,#775,.T.);
#1881 = ORIENTED_EDGE('',*,*,#1856,.T.);
#1882 = ORIENTED_EDGE('',*,*,#1883,.T.);
#1883 = EDGE_CURVE('',#1857,#1802,#1884,.T.);
#1884 = LINE('',#1885,#1886);
#1885 = CARTESIAN_POINT('',(-0.32,-0.32,8.38));
#1886 = VECTOR('',#1887,1.);
#1887 = DIRECTION('',(1.,0.,0.));
#1888 = PLANE('',#1889);
#1889 = AXIS2_PLACEMENT_3D('',#1890,#1891,#1892);
#1890 = CARTESIAN_POINT('',(-0.32,-0.32,-3.));
#1891 = DIRECTION('',(0.,1.,0.));
#1892 = DIRECTION('',(0.,-0.,1.));
#1893 = ADVANCED_FACE('',(#1894),#1919,.T.);
#1894 = FACE_BOUND('',#1895,.T.);
#1895 = EDGE_LOOP('',(#1896,#1904,#1905,#1913));
#1896 = ORIENTED_EDGE('',*,*,#1897,.F.);
#1897 = EDGE_CURVE('',#800,#1898,#1900,.T.);
#1898 = VERTEX_POINT('',#1899);
#1899 = CARTESIAN_POINT('',(0.32,-2.22,8.38));
#1900 = LINE('',#1901,#1902);
#1901 = CARTESIAN_POINT('',(0.32,-2.22,-3.));
#1902 = VECTOR('',#1903,1.);
#1903 = DIRECTION('',(0.,0.,1.));
#1904 = ORIENTED_EDGE('',*,*,#799,.T.);
#1905 = ORIENTED_EDGE('',*,*,#1906,.T.);
#1906 = EDGE_CURVE('',#802,#1907,#1909,.T.);
#1907 = VERTEX_POINT('',#1908);
#1908 = CARTESIAN_POINT('',(-0.32,-2.22,8.38));
#1909 = LINE('',#1910,#1911);
#1910 = CARTESIAN_POINT('',(-0.32,-2.22,-3.));
#1911 = VECTOR('',#1912,1.);
#1912 = DIRECTION('',(0.,0.,1.));
#1913 = ORIENTED_EDGE('',*,*,#1914,.T.);
#1914 = EDGE_CURVE('',#1907,#1898,#1915,.T.);
#1915 = LINE('',#1916,#1917);
#1916 = CARTESIAN_POINT('',(-0.32,-2.22,8.38));
#1917 = VECTOR('',#1918,1.);
#1918 = DIRECTION('',(1.,0.,0.));
#1919 = PLANE('',#1920);
#1920 = AXIS2_PLACEMENT_3D('',#1921,#1922,#1923);
#1921 = CARTESIAN_POINT('',(-0.32,-2.22,-3.));
#1922 = DIRECTION('',(0.,1.,0.));
#1923 = DIRECTION('',(0.,-0.,1.));
#1924 = ADVANCED_FACE('',(#1925),#1943,.F.);
#1925 = FACE_BOUND('',#1926,.F.);
#1926 = EDGE_LOOP('',(#1927,#1935,#1936,#1937));
#1927 = ORIENTED_EDGE('',*,*,#1928,.F.);
#1928 = EDGE_CURVE('',#818,#1929,#1931,.T.);
#1929 = VERTEX_POINT('',#1930);
#1930 = CARTESIAN_POINT('',(-0.32,-2.86,8.38));
#1931 = LINE('',#1932,#1933);
#1932 = CARTESIAN_POINT('',(-0.32,-2.86,-3.));
#1933 = VECTOR('',#1934,1.);
#1934 = DIRECTION('',(0.,0.,1.));
#1935 = ORIENTED_EDGE('',*,*,#825,.T.);
#1936 = ORIENTED_EDGE('',*,*,#1906,.T.);
#1937 = ORIENTED_EDGE('',*,*,#1938,.F.);
#1938 = EDGE_CURVE('',#1929,#1907,#1939,.T.);
#1939 = LINE('',#1940,#1941);
#1940 = CARTESIAN_POINT('',(-0.32,-2.86,8.38));
#1941 = VECTOR('',#1942,1.);
#1942 = DIRECTION('',(0.,1.,0.));
#1943 = PLANE('',#1944);
#1944 = AXIS2_PLACEMENT_3D('',#1945,#1946,#1947);
#1945 = CARTESIAN_POINT('',(-0.32,-2.86,-3.));
#1946 = DIRECTION('',(1.,0.,0.));
#1947 = DIRECTION('',(0.,0.,1.));
#1948 = ADVANCED_FACE('',(#1949),#1967,.F.);
#1949 = FACE_BOUND('',#1950,.F.);
#1950 = EDGE_LOOP('',(#1951,#1959,#1960,#1961));
#1951 = ORIENTED_EDGE('',*,*,#1952,.F.);
#1952 = EDGE_CURVE('',#810,#1953,#1955,.T.);
#1953 = VERTEX_POINT('',#1954);
#1954 = CARTESIAN_POINT('',(0.32,-2.86,8.38));
#1955 = LINE('',#1956,#1957);
#1956 = CARTESIAN_POINT('',(0.32,-2.86,-3.));
#1957 = VECTOR('',#1958,1.);
#1958 = DIRECTION('',(0.,0.,1.));
#1959 = ORIENTED_EDGE('',*,*,#817,.T.);
#1960 = ORIENTED_EDGE('',*,*,#1928,.T.);
#1961 = ORIENTED_EDGE('',*,*,#1962,.T.);
#1962 = EDGE_CURVE('',#1929,#1953,#1963,.T.);
#1963 = LINE('',#1964,#1965);
#1964 = CARTESIAN_POINT('',(-0.32,-2.86,8.38));
#1965 = VECTOR('',#1966,1.);
#1966 = DIRECTION('',(1.,0.,0.));
#1967 = PLANE('',#1968);
#1968 = AXIS2_PLACEMENT_3D('',#1969,#1970,#1971);
#1969 = CARTESIAN_POINT('',(-0.32,-2.86,-3.));
#1970 = DIRECTION('',(0.,1.,0.));
#1971 = DIRECTION('',(0.,-0.,1.));
#1972 = ADVANCED_FACE('',(#1973),#1984,.T.);
#1973 = FACE_BOUND('',#1974,.T.);
#1974 = EDGE_LOOP('',(#1975,#1976,#1977,#1978));
#1975 = ORIENTED_EDGE('',*,*,#1952,.F.);
#1976 = ORIENTED_EDGE('',*,*,#809,.T.);
#1977 = ORIENTED_EDGE('',*,*,#1897,.T.);
#1978 = ORIENTED_EDGE('',*,*,#1979,.F.);
#1979 = EDGE_CURVE('',#1953,#1898,#1980,.T.);
#1980 = LINE('',#1981,#1982);
#1981 = CARTESIAN_POINT('',(0.32,-2.86,8.38));
#1982 = VECTOR('',#1983,1.);
#1983 = DIRECTION('',(0.,1.,0.));
#1984 = PLANE('',#1985);
#1985 = AXIS2_PLACEMENT_3D('',#1986,#1987,#1988);
#1986 = CARTESIAN_POINT('',(0.32,-2.86,-3.));
#1987 = DIRECTION('',(1.,0.,0.));
#1988 = DIRECTION('',(0.,0.,1.));
#1989 = ADVANCED_FACE('',(#1990),#2015,.F.);
#1990 = FACE_BOUND('',#1991,.T.);
#1991 = EDGE_LOOP('',(#1992,#2000,#2001,#2009));
#1992 = ORIENTED_EDGE('',*,*,#1993,.F.);
#1993 = EDGE_CURVE('',#1234,#1994,#1996,.T.);
#1994 = VERTEX_POINT('',#1995);
#1995 = CARTESIAN_POINT('',(-0.16,-4.92,-3.));
#1996 = LINE('',#1997,#1998);
#1997 = CARTESIAN_POINT('',(-0.16,-4.92,-3.));
#1998 = VECTOR('',#1999,1.);
#1999 = DIRECTION('',(0.57735026919,-0.57735026919,-0.57735026919));
#2000 = ORIENTED_EDGE('',*,*,#1233,.T.);
#2001 = ORIENTED_EDGE('',*,*,#2002,.T.);
#2002 = EDGE_CURVE('',#1226,#2003,#2005,.T.);
#2003 = VERTEX_POINT('',#2004);
#2004 = CARTESIAN_POINT('',(0.16,-4.92,-3.));
#2005 = LINE('',#2006,#2007);
#2006 = CARTESIAN_POINT('',(5.333333333333E-02,-5.026666666667,
    -3.106666666667));
#2007 = VECTOR('',#2008,1.);
#2008 = DIRECTION('',(-0.57735026919,-0.57735026919,-0.57735026919));
#2009 = ORIENTED_EDGE('',*,*,#2010,.F.);
#2010 = EDGE_CURVE('',#1994,#2003,#2011,.T.);
#2011 = LINE('',#2012,#2013);
#2012 = CARTESIAN_POINT('',(-0.32,-4.92,-3.));
#2013 = VECTOR('',#2014,1.);
#2014 = DIRECTION('',(1.,0.,0.));
#2015 = PLANE('',#2016);
#2016 = AXIS2_PLACEMENT_3D('',#2017,#2018,#2019);
#2017 = CARTESIAN_POINT('',(-0.32,-4.84,-2.92));
#2018 = DIRECTION('',(-1.735167508357E-18,-0.707106781187,0.707106781187
    ));
#2019 = DIRECTION('',(-1.,1.226948711654E-18,-1.226948711654E-18));
#2020 = ADVANCED_FACE('',(#2021),#2039,.T.);
#2021 = FACE_BOUND('',#2022,.T.);
#2022 = EDGE_LOOP('',(#2023,#2031,#2032,#2033));
#2023 = ORIENTED_EDGE('',*,*,#2024,.F.);
#2024 = EDGE_CURVE('',#1257,#2025,#2027,.T.);
#2025 = VERTEX_POINT('',#2026);
#2026 = CARTESIAN_POINT('',(-0.16,-5.24,-3.));
#2027 = LINE('',#2028,#2029);
#2028 = CARTESIAN_POINT('',(-0.266666666667,-5.346666666667,
    -2.893333333333));
#2029 = VECTOR('',#2030,1.);
#2030 = DIRECTION('',(0.57735026919,0.57735026919,-0.57735026919));
#2031 = ORIENTED_EDGE('',*,*,#1264,.T.);
#2032 = ORIENTED_EDGE('',*,*,#1993,.T.);
#2033 = ORIENTED_EDGE('',*,*,#2034,.F.);
#2034 = EDGE_CURVE('',#2025,#1994,#2035,.T.);
#2035 = LINE('',#2036,#2037);
#2036 = CARTESIAN_POINT('',(-0.16,-5.4,-3.));
#2037 = VECTOR('',#2038,1.);
#2038 = DIRECTION('',(0.,1.,0.));
#2039 = PLANE('',#2040);
#2040 = AXIS2_PLACEMENT_3D('',#2041,#2042,#2043);
#2041 = CARTESIAN_POINT('',(-0.24,-5.4,-2.92));
#2042 = DIRECTION('',(-0.707106781187,-1.735167508357E-18,
    -0.707106781187));
#2043 = DIRECTION('',(-1.226948711654E-18,1.,-1.226948711654E-18));
#2044 = ADVANCED_FACE('',(#2045),#2063,.T.);
#2045 = FACE_BOUND('',#2046,.F.);
#2046 = EDGE_LOOP('',(#2047,#2048,#2049,#2057));
#2047 = ORIENTED_EDGE('',*,*,#2024,.F.);
#2048 = ORIENTED_EDGE('',*,*,#1288,.T.);
#2049 = ORIENTED_EDGE('',*,*,#2050,.T.);
#2050 = EDGE_CURVE('',#1281,#2051,#2053,.T.);
#2051 = VERTEX_POINT('',#2052);
#2052 = CARTESIAN_POINT('',(0.16,-5.24,-3.));
#2053 = LINE('',#2054,#2055);
#2054 = CARTESIAN_POINT('',(0.16,-5.24,-3.));
#2055 = VECTOR('',#2056,1.);
#2056 = DIRECTION('',(-0.57735026919,0.57735026919,-0.57735026919));
#2057 = ORIENTED_EDGE('',*,*,#2058,.F.);
#2058 = EDGE_CURVE('',#2025,#2051,#2059,.T.);
#2059 = LINE('',#2060,#2061);
#2060 = CARTESIAN_POINT('',(-0.32,-5.24,-3.));
#2061 = VECTOR('',#2062,1.);
#2062 = DIRECTION('',(1.,0.,0.));
#2063 = PLANE('',#2064);
#2064 = AXIS2_PLACEMENT_3D('',#2065,#2066,#2067);
#2065 = CARTESIAN_POINT('',(-0.32,-5.32,-2.92));
#2066 = DIRECTION('',(1.735167508357E-18,-0.707106781187,-0.707106781187
    ));
#2067 = DIRECTION('',(-1.,-1.226948711654E-18,-1.226948711654E-18));
#2068 = ADVANCED_FACE('',(#2069),#2080,.F.);
#2069 = FACE_BOUND('',#2070,.F.);
#2070 = EDGE_LOOP('',(#2071,#2072,#2073,#2074));
#2071 = ORIENTED_EDGE('',*,*,#2050,.F.);
#2072 = ORIENTED_EDGE('',*,*,#1305,.T.);
#2073 = ORIENTED_EDGE('',*,*,#2002,.T.);
#2074 = ORIENTED_EDGE('',*,*,#2075,.F.);
#2075 = EDGE_CURVE('',#2051,#2003,#2076,.T.);
#2076 = LINE('',#2077,#2078);
#2077 = CARTESIAN_POINT('',(0.16,-5.4,-3.));
#2078 = VECTOR('',#2079,1.);
#2079 = DIRECTION('',(0.,1.,0.));
#2080 = PLANE('',#2081);
#2081 = AXIS2_PLACEMENT_3D('',#2082,#2083,#2084);
#2082 = CARTESIAN_POINT('',(0.24,-5.4,-2.92));
#2083 = DIRECTION('',(-0.707106781187,1.735167508357E-18,0.707106781187)
  );
#2084 = DIRECTION('',(1.226948711654E-18,1.,-1.226948711654E-18));
#2085 = ADVANCED_FACE('',(#2086),#2111,.F.);
#2086 = FACE_BOUND('',#2087,.F.);
#2087 = EDGE_LOOP('',(#2088,#2096,#2097,#2105));
#2088 = ORIENTED_EDGE('',*,*,#2089,.F.);
#2089 = EDGE_CURVE('',#1322,#2090,#2092,.T.);
#2090 = VERTEX_POINT('',#2091);
#2091 = CARTESIAN_POINT('',(0.16,-7.78,-3.));
#2092 = LINE('',#2093,#2094);
#2093 = CARTESIAN_POINT('',(0.16,-7.78,-3.));
#2094 = VECTOR('',#2095,1.);
#2095 = DIRECTION('',(-0.57735026919,0.57735026919,-0.57735026919));
#2096 = ORIENTED_EDGE('',*,*,#1329,.T.);
#2097 = ORIENTED_EDGE('',*,*,#2098,.T.);
#2098 = EDGE_CURVE('',#1330,#2099,#2101,.T.);
#2099 = VERTEX_POINT('',#2100);
#2100 = CARTESIAN_POINT('',(0.16,-7.46,-3.));
#2101 = LINE('',#2102,#2103);
#2102 = CARTESIAN_POINT('',(5.333333333333E-02,-7.566666666667,
    -3.106666666667));
#2103 = VECTOR('',#2104,1.);
#2104 = DIRECTION('',(-0.57735026919,-0.57735026919,-0.57735026919));
#2105 = ORIENTED_EDGE('',*,*,#2106,.F.);
#2106 = EDGE_CURVE('',#2090,#2099,#2107,.T.);
#2107 = LINE('',#2108,#2109);
#2108 = CARTESIAN_POINT('',(0.16,-7.94,-3.));
#2109 = VECTOR('',#2110,1.);
#2110 = DIRECTION('',(0.,1.,0.));
#2111 = PLANE('',#2112);
#2112 = AXIS2_PLACEMENT_3D('',#2113,#2114,#2115);
#2113 = CARTESIAN_POINT('',(0.24,-7.94,-2.92));
#2114 = DIRECTION('',(-0.707106781187,1.735167508357E-18,0.707106781187)
  );
#2115 = DIRECTION('',(1.226948711654E-18,1.,-1.226948711654E-18));
#2116 = ADVANCED_FACE('',(#2117),#2135,.F.);
#2117 = FACE_BOUND('',#2118,.T.);
#2118 = EDGE_LOOP('',(#2119,#2127,#2128,#2129));
#2119 = ORIENTED_EDGE('',*,*,#2120,.F.);
#2120 = EDGE_CURVE('',#1354,#2121,#2123,.T.);
#2121 = VERTEX_POINT('',#2122);
#2122 = CARTESIAN_POINT('',(-0.16,-7.46,-3.));
#2123 = LINE('',#2124,#2125);
#2124 = CARTESIAN_POINT('',(-0.16,-7.46,-3.));
#2125 = VECTOR('',#2126,1.);
#2126 = DIRECTION('',(0.57735026919,-0.57735026919,-0.57735026919));
#2127 = ORIENTED_EDGE('',*,*,#1353,.T.);
#2128 = ORIENTED_EDGE('',*,*,#2098,.T.);
#2129 = ORIENTED_EDGE('',*,*,#2130,.F.);
#2130 = EDGE_CURVE('',#2121,#2099,#2131,.T.);
#2131 = LINE('',#2132,#2133);
#2132 = CARTESIAN_POINT('',(-0.32,-7.46,-3.));
#2133 = VECTOR('',#2134,1.);
#2134 = DIRECTION('',(1.,0.,0.));
#2135 = PLANE('',#2136);
#2136 = AXIS2_PLACEMENT_3D('',#2137,#2138,#2139);
#2137 = CARTESIAN_POINT('',(-0.32,-7.38,-2.92));
#2138 = DIRECTION('',(-1.735167508357E-18,-0.707106781187,0.707106781187
    ));
#2139 = DIRECTION('',(-1.,1.226948711654E-18,-1.226948711654E-18));
#2140 = ADVANCED_FACE('',(#2141),#2159,.T.);
#2141 = FACE_BOUND('',#2142,.T.);
#2142 = EDGE_LOOP('',(#2143,#2151,#2152,#2153));
#2143 = ORIENTED_EDGE('',*,*,#2144,.F.);
#2144 = EDGE_CURVE('',#1377,#2145,#2147,.T.);
#2145 = VERTEX_POINT('',#2146);
#2146 = CARTESIAN_POINT('',(-0.16,-7.78,-3.));
#2147 = LINE('',#2148,#2149);
#2148 = CARTESIAN_POINT('',(-0.266666666667,-7.886666666667,
    -2.893333333333));
#2149 = VECTOR('',#2150,1.);
#2150 = DIRECTION('',(0.57735026919,0.57735026919,-0.57735026919));
#2151 = ORIENTED_EDGE('',*,*,#1384,.T.);
#2152 = ORIENTED_EDGE('',*,*,#2120,.T.);
#2153 = ORIENTED_EDGE('',*,*,#2154,.F.);
#2154 = EDGE_CURVE('',#2145,#2121,#2155,.T.);
#2155 = LINE('',#2156,#2157);
#2156 = CARTESIAN_POINT('',(-0.16,-7.94,-3.));
#2157 = VECTOR('',#2158,1.);
#2158 = DIRECTION('',(0.,1.,0.));
#2159 = PLANE('',#2160);
#2160 = AXIS2_PLACEMENT_3D('',#2161,#2162,#2163);
#2161 = CARTESIAN_POINT('',(-0.24,-7.94,-2.92));
#2162 = DIRECTION('',(-0.707106781187,-1.735167508357E-18,
    -0.707106781187));
#2163 = DIRECTION('',(-1.226948711654E-18,1.,-1.226948711654E-18));
#2164 = ADVANCED_FACE('',(#2165),#2176,.T.);
#2165 = FACE_BOUND('',#2166,.F.);
#2166 = EDGE_LOOP('',(#2167,#2168,#2169,#2170));
#2167 = ORIENTED_EDGE('',*,*,#2144,.F.);
#2168 = ORIENTED_EDGE('',*,*,#1401,.T.);
#2169 = ORIENTED_EDGE('',*,*,#2089,.T.);
#2170 = ORIENTED_EDGE('',*,*,#2171,.F.);
#2171 = EDGE_CURVE('',#2145,#2090,#2172,.T.);
#2172 = LINE('',#2173,#2174);
#2173 = CARTESIAN_POINT('',(-0.32,-7.78,-3.));
#2174 = VECTOR('',#2175,1.);
#2175 = DIRECTION('',(1.,0.,0.));
#2176 = PLANE('',#2177);
#2177 = AXIS2_PLACEMENT_3D('',#2178,#2179,#2180);
#2178 = CARTESIAN_POINT('',(-0.32,-7.86,-2.92));
#2179 = DIRECTION('',(1.735167508357E-18,-0.707106781187,-0.707106781187
    ));
#2180 = DIRECTION('',(-1.,-1.226948711654E-18,-1.226948711654E-18));
#2181 = ADVANCED_FACE('',(#2182),#2207,.F.);
#2182 = FACE_BOUND('',#2183,.F.);
#2183 = EDGE_LOOP('',(#2184,#2192,#2193,#2201));
#2184 = ORIENTED_EDGE('',*,*,#2185,.F.);
#2185 = EDGE_CURVE('',#1418,#2186,#2188,.T.);
#2186 = VERTEX_POINT('',#2187);
#2187 = CARTESIAN_POINT('',(0.16,-0.16,-3.));
#2188 = LINE('',#2189,#2190);
#2189 = CARTESIAN_POINT('',(0.16,-0.16,-3.));
#2190 = VECTOR('',#2191,1.);
#2191 = DIRECTION('',(-0.57735026919,0.57735026919,-0.57735026919));
#2192 = ORIENTED_EDGE('',*,*,#1425,.T.);
#2193 = ORIENTED_EDGE('',*,*,#2194,.T.);
#2194 = EDGE_CURVE('',#1426,#2195,#2197,.T.);
#2195 = VERTEX_POINT('',#2196);
#2196 = CARTESIAN_POINT('',(0.16,0.16,-3.));
#2197 = LINE('',#2198,#2199);
#2198 = CARTESIAN_POINT('',(5.333333333333E-02,5.333333333333E-02,
    -3.106666666667));
#2199 = VECTOR('',#2200,1.);
#2200 = DIRECTION('',(-0.57735026919,-0.57735026919,-0.57735026919));
#2201 = ORIENTED_EDGE('',*,*,#2202,.F.);
#2202 = EDGE_CURVE('',#2186,#2195,#2203,.T.);
#2203 = LINE('',#2204,#2205);
#2204 = CARTESIAN_POINT('',(0.16,-0.32,-3.));
#2205 = VECTOR('',#2206,1.);
#2206 = DIRECTION('',(0.,1.,0.));
#2207 = PLANE('',#2208);
#2208 = AXIS2_PLACEMENT_3D('',#2209,#2210,#2211);
#2209 = CARTESIAN_POINT('',(0.24,-0.32,-2.92));
#2210 = DIRECTION('',(-0.707106781187,1.735167508357E-18,0.707106781187)
  );
#2211 = DIRECTION('',(1.226948711654E-18,1.,-1.226948711654E-18));
#2212 = ADVANCED_FACE('',(#2213),#2231,.F.);
#2213 = FACE_BOUND('',#2214,.T.);
#2214 = EDGE_LOOP('',(#2215,#2223,#2224,#2225));
#2215 = ORIENTED_EDGE('',*,*,#2216,.F.);
#2216 = EDGE_CURVE('',#1450,#2217,#2219,.T.);
#2217 = VERTEX_POINT('',#2218);
#2218 = CARTESIAN_POINT('',(-0.16,0.16,-3.));
#2219 = LINE('',#2220,#2221);
#2220 = CARTESIAN_POINT('',(-0.16,0.16,-3.));
#2221 = VECTOR('',#2222,1.);
#2222 = DIRECTION('',(0.57735026919,-0.57735026919,-0.57735026919));
#2223 = ORIENTED_EDGE('',*,*,#1449,.T.);
#2224 = ORIENTED_EDGE('',*,*,#2194,.T.);
#2225 = ORIENTED_EDGE('',*,*,#2226,.F.);
#2226 = EDGE_CURVE('',#2217,#2195,#2227,.T.);
#2227 = LINE('',#2228,#2229);
#2228 = CARTESIAN_POINT('',(-0.32,0.16,-3.));
#2229 = VECTOR('',#2230,1.);
#2230 = DIRECTION('',(1.,0.,0.));
#2231 = PLANE('',#2232);
#2232 = AXIS2_PLACEMENT_3D('',#2233,#2234,#2235);
#2233 = CARTESIAN_POINT('',(-0.32,0.24,-2.92));
#2234 = DIRECTION('',(-1.735167508357E-18,-0.707106781187,0.707106781187
    ));
#2235 = DIRECTION('',(-1.,1.226948711654E-18,-1.226948711654E-18));
#2236 = ADVANCED_FACE('',(#2237),#2255,.T.);
#2237 = FACE_BOUND('',#2238,.T.);
#2238 = EDGE_LOOP('',(#2239,#2247,#2248,#2249));
#2239 = ORIENTED_EDGE('',*,*,#2240,.F.);
#2240 = EDGE_CURVE('',#1473,#2241,#2243,.T.);
#2241 = VERTEX_POINT('',#2242);
#2242 = CARTESIAN_POINT('',(-0.16,-0.16,-3.));
#2243 = LINE('',#2244,#2245);
#2244 = CARTESIAN_POINT('',(-0.266666666667,-0.266666666667,
    -2.893333333333));
#2245 = VECTOR('',#2246,1.);
#2246 = DIRECTION('',(0.57735026919,0.57735026919,-0.57735026919));
#2247 = ORIENTED_EDGE('',*,*,#1480,.T.);
#2248 = ORIENTED_EDGE('',*,*,#2216,.T.);
#2249 = ORIENTED_EDGE('',*,*,#2250,.F.);
#2250 = EDGE_CURVE('',#2241,#2217,#2251,.T.);
#2251 = LINE('',#2252,#2253);
#2252 = CARTESIAN_POINT('',(-0.16,-0.32,-3.));
#2253 = VECTOR('',#2254,1.);
#2254 = DIRECTION('',(0.,1.,0.));
#2255 = PLANE('',#2256);
#2256 = AXIS2_PLACEMENT_3D('',#2257,#2258,#2259);
#2257 = CARTESIAN_POINT('',(-0.24,-0.32,-2.92));
#2258 = DIRECTION('',(-0.707106781187,-1.735167508357E-18,
    -0.707106781187));
#2259 = DIRECTION('',(-1.226948711654E-18,1.,-1.226948711654E-18));
#2260 = ADVANCED_FACE('',(#2261),#2272,.T.);
#2261 = FACE_BOUND('',#2262,.F.);
#2262 = EDGE_LOOP('',(#2263,#2264,#2265,#2266));
#2263 = ORIENTED_EDGE('',*,*,#2240,.F.);
#2264 = ORIENTED_EDGE('',*,*,#1497,.T.);
#2265 = ORIENTED_EDGE('',*,*,#2185,.T.);
#2266 = ORIENTED_EDGE('',*,*,#2267,.F.);
#2267 = EDGE_CURVE('',#2241,#2186,#2268,.T.);
#2268 = LINE('',#2269,#2270);
#2269 = CARTESIAN_POINT('',(-0.32,-0.16,-3.));
#2270 = VECTOR('',#2271,1.);
#2271 = DIRECTION('',(1.,0.,0.));
#2272 = PLANE('',#2273);
#2273 = AXIS2_PLACEMENT_3D('',#2274,#2275,#2276);
#2274 = CARTESIAN_POINT('',(-0.32,-0.24,-2.92));
#2275 = DIRECTION('',(1.735167508357E-18,-0.707106781187,-0.707106781187
    ));
#2276 = DIRECTION('',(-1.,-1.226948711654E-18,-1.226948711654E-18));
#2277 = ADVANCED_FACE('',(#2278),#2303,.F.);
#2278 = FACE_BOUND('',#2279,.T.);
#2279 = EDGE_LOOP('',(#2280,#2288,#2289,#2297));
#2280 = ORIENTED_EDGE('',*,*,#2281,.F.);
#2281 = EDGE_CURVE('',#1522,#2282,#2284,.T.);
#2282 = VERTEX_POINT('',#2283);
#2283 = CARTESIAN_POINT('',(-0.16,-2.38,-3.));
#2284 = LINE('',#2285,#2286);
#2285 = CARTESIAN_POINT('',(-0.16,-2.38,-3.));
#2286 = VECTOR('',#2287,1.);
#2287 = DIRECTION('',(0.57735026919,-0.57735026919,-0.57735026919));
#2288 = ORIENTED_EDGE('',*,*,#1521,.T.);
#2289 = ORIENTED_EDGE('',*,*,#2290,.T.);
#2290 = EDGE_CURVE('',#1514,#2291,#2293,.T.);
#2291 = VERTEX_POINT('',#2292);
#2292 = CARTESIAN_POINT('',(0.16,-2.38,-3.));
#2293 = LINE('',#2294,#2295);
#2294 = CARTESIAN_POINT('',(5.333333333333E-02,-2.486666666667,
    -3.106666666667));
#2295 = VECTOR('',#2296,1.);
#2296 = DIRECTION('',(-0.57735026919,-0.57735026919,-0.57735026919));
#2297 = ORIENTED_EDGE('',*,*,#2298,.F.);
#2298 = EDGE_CURVE('',#2282,#2291,#2299,.T.);
#2299 = LINE('',#2300,#2301);
#2300 = CARTESIAN_POINT('',(-0.32,-2.38,-3.));
#2301 = VECTOR('',#2302,1.);
#2302 = DIRECTION('',(1.,0.,0.));
#2303 = PLANE('',#2304);
#2304 = AXIS2_PLACEMENT_3D('',#2305,#2306,#2307);
#2305 = CARTESIAN_POINT('',(-0.32,-2.3,-2.92));
#2306 = DIRECTION('',(-1.735167508357E-18,-0.707106781187,0.707106781187
    ));
#2307 = DIRECTION('',(-1.,1.226948711654E-18,-1.226948711654E-18));
#2308 = ADVANCED_FACE('',(#2309),#2327,.T.);
#2309 = FACE_BOUND('',#2310,.T.);
#2310 = EDGE_LOOP('',(#2311,#2319,#2320,#2321));
#2311 = ORIENTED_EDGE('',*,*,#2312,.F.);
#2312 = EDGE_CURVE('',#1545,#2313,#2315,.T.);
#2313 = VERTEX_POINT('',#2314);
#2314 = CARTESIAN_POINT('',(-0.16,-2.7,-3.));
#2315 = LINE('',#2316,#2317);
#2316 = CARTESIAN_POINT('',(-0.266666666667,-2.806666666667,
    -2.893333333333));
#2317 = VECTOR('',#2318,1.);
#2318 = DIRECTION('',(0.57735026919,0.57735026919,-0.57735026919));
#2319 = ORIENTED_EDGE('',*,*,#1552,.T.);
#2320 = ORIENTED_EDGE('',*,*,#2281,.T.);
#2321 = ORIENTED_EDGE('',*,*,#2322,.F.);
#2322 = EDGE_CURVE('',#2313,#2282,#2323,.T.);
#2323 = LINE('',#2324,#2325);
#2324 = CARTESIAN_POINT('',(-0.16,-2.86,-3.));
#2325 = VECTOR('',#2326,1.);
#2326 = DIRECTION('',(0.,1.,0.));
#2327 = PLANE('',#2328);
#2328 = AXIS2_PLACEMENT_3D('',#2329,#2330,#2331);
#2329 = CARTESIAN_POINT('',(-0.24,-2.86,-2.92));
#2330 = DIRECTION('',(-0.707106781187,-1.735167508357E-18,
    -0.707106781187));
#2331 = DIRECTION('',(-1.226948711654E-18,1.,-1.226948711654E-18));
#2332 = ADVANCED_FACE('',(#2333),#2351,.T.);
#2333 = FACE_BOUND('',#2334,.F.);
#2334 = EDGE_LOOP('',(#2335,#2336,#2337,#2345));
#2335 = ORIENTED_EDGE('',*,*,#2312,.F.);
#2336 = ORIENTED_EDGE('',*,*,#1576,.T.);
#2337 = ORIENTED_EDGE('',*,*,#2338,.T.);
#2338 = EDGE_CURVE('',#1569,#2339,#2341,.T.);
#2339 = VERTEX_POINT('',#2340);
#2340 = CARTESIAN_POINT('',(0.16,-2.7,-3.));
#2341 = LINE('',#2342,#2343);
#2342 = CARTESIAN_POINT('',(0.16,-2.7,-3.));
#2343 = VECTOR('',#2344,1.);
#2344 = DIRECTION('',(-0.57735026919,0.57735026919,-0.57735026919));
#2345 = ORIENTED_EDGE('',*,*,#2346,.F.);
#2346 = EDGE_CURVE('',#2313,#2339,#2347,.T.);
#2347 = LINE('',#2348,#2349);
#2348 = CARTESIAN_POINT('',(-0.32,-2.7,-3.));
#2349 = VECTOR('',#2350,1.);
#2350 = DIRECTION('',(1.,0.,0.));
#2351 = PLANE('',#2352);
#2352 = AXIS2_PLACEMENT_3D('',#2353,#2354,#2355);
#2353 = CARTESIAN_POINT('',(-0.32,-2.78,-2.92));
#2354 = DIRECTION('',(1.735167508357E-18,-0.707106781187,-0.707106781187
    ));
#2355 = DIRECTION('',(-1.,-1.226948711654E-18,-1.226948711654E-18));
#2356 = ADVANCED_FACE('',(#2357),#2368,.F.);
#2357 = FACE_BOUND('',#2358,.F.);
#2358 = EDGE_LOOP('',(#2359,#2360,#2361,#2362));
#2359 = ORIENTED_EDGE('',*,*,#2338,.F.);
#2360 = ORIENTED_EDGE('',*,*,#1593,.T.);
#2361 = ORIENTED_EDGE('',*,*,#2290,.T.);
#2362 = ORIENTED_EDGE('',*,*,#2363,.F.);
#2363 = EDGE_CURVE('',#2339,#2291,#2364,.T.);
#2364 = LINE('',#2365,#2366);
#2365 = CARTESIAN_POINT('',(0.16,-2.86,-3.));
#2366 = VECTOR('',#2367,1.);
#2367 = DIRECTION('',(0.,1.,0.));
#2368 = PLANE('',#2369);
#2369 = AXIS2_PLACEMENT_3D('',#2370,#2371,#2372);
#2370 = CARTESIAN_POINT('',(0.24,-2.86,-2.92));
#2371 = DIRECTION('',(-0.707106781187,1.735167508357E-18,0.707106781187)
  );
#2372 = DIRECTION('',(1.226948711654E-18,1.,-1.226948711654E-18));
#2373 = ADVANCED_FACE('',(#2374),#2399,.T.);
#2374 = FACE_BOUND('',#2375,.F.);
#2375 = EDGE_LOOP('',(#2376,#2384,#2385,#2393));
#2376 = ORIENTED_EDGE('',*,*,#2377,.F.);
#2377 = EDGE_CURVE('',#1619,#2378,#2380,.T.);
#2378 = VERTEX_POINT('',#2379);
#2379 = CARTESIAN_POINT('',(-0.16,-4.92,8.54));
#2380 = LINE('',#2381,#2382);
#2381 = CARTESIAN_POINT('',(-0.16,-4.92,8.54));
#2382 = VECTOR('',#2383,1.);
#2383 = DIRECTION('',(0.57735026919,-0.57735026919,0.57735026919));
#2384 = ORIENTED_EDGE('',*,*,#1626,.T.);
#2385 = ORIENTED_EDGE('',*,*,#2386,.T.);
#2386 = EDGE_CURVE('',#1610,#2387,#2389,.T.);
#2387 = VERTEX_POINT('',#2388);
#2388 = CARTESIAN_POINT('',(0.16,-4.92,8.54));
#2389 = LINE('',#2390,#2391);
#2390 = CARTESIAN_POINT('',(5.333333333333E-02,-5.026666666667,
    8.646666666667));
#2391 = VECTOR('',#2392,1.);
#2392 = DIRECTION('',(-0.57735026919,-0.57735026919,0.57735026919));
#2393 = ORIENTED_EDGE('',*,*,#2394,.F.);
#2394 = EDGE_CURVE('',#2378,#2387,#2395,.T.);
#2395 = LINE('',#2396,#2397);
#2396 = CARTESIAN_POINT('',(-0.32,-4.92,8.54));
#2397 = VECTOR('',#2398,1.);
#2398 = DIRECTION('',(1.,0.,0.));
#2399 = PLANE('',#2400);
#2400 = AXIS2_PLACEMENT_3D('',#2401,#2402,#2403);
#2401 = CARTESIAN_POINT('',(-0.32,-4.84,8.46));
#2402 = DIRECTION('',(1.735167508357E-18,0.707106781187,0.707106781187)
  );
#2403 = DIRECTION('',(-1.,1.226948711654E-18,1.226948711654E-18));
#2404 = ADVANCED_FACE('',(#2405),#2423,.F.);
#2405 = FACE_BOUND('',#2406,.F.);
#2406 = EDGE_LOOP('',(#2407,#2415,#2416,#2417));
#2407 = ORIENTED_EDGE('',*,*,#2408,.F.);
#2408 = EDGE_CURVE('',#1641,#2409,#2411,.T.);
#2409 = VERTEX_POINT('',#2410);
#2410 = CARTESIAN_POINT('',(-0.16,-5.24,8.54));
#2411 = LINE('',#2412,#2413);
#2412 = CARTESIAN_POINT('',(-0.266666666667,-5.346666666667,
    8.433333333333));
#2413 = VECTOR('',#2414,1.);
#2414 = DIRECTION('',(0.57735026919,0.57735026919,0.57735026919));
#2415 = ORIENTED_EDGE('',*,*,#1650,.T.);
#2416 = ORIENTED_EDGE('',*,*,#2377,.T.);
#2417 = ORIENTED_EDGE('',*,*,#2418,.F.);
#2418 = EDGE_CURVE('',#2409,#2378,#2419,.T.);
#2419 = LINE('',#2420,#2421);
#2420 = CARTESIAN_POINT('',(-0.16,-5.4,8.54));
#2421 = VECTOR('',#2422,1.);
#2422 = DIRECTION('',(0.,1.,0.));
#2423 = PLANE('',#2424);
#2424 = AXIS2_PLACEMENT_3D('',#2425,#2426,#2427);
#2425 = CARTESIAN_POINT('',(-0.24,-5.4,8.46));
#2426 = DIRECTION('',(0.707106781187,1.735167508357E-18,-0.707106781187)
  );
#2427 = DIRECTION('',(-1.226948711654E-18,1.,1.226948711654E-18));
#2428 = ADVANCED_FACE('',(#2429),#2447,.F.);
#2429 = FACE_BOUND('',#2430,.T.);
#2430 = EDGE_LOOP('',(#2431,#2432,#2433,#2441));
#2431 = ORIENTED_EDGE('',*,*,#2408,.F.);
#2432 = ORIENTED_EDGE('',*,*,#1674,.T.);
#2433 = ORIENTED_EDGE('',*,*,#2434,.T.);
#2434 = EDGE_CURVE('',#1665,#2435,#2437,.T.);
#2435 = VERTEX_POINT('',#2436);
#2436 = CARTESIAN_POINT('',(0.16,-5.24,8.54));
#2437 = LINE('',#2438,#2439);
#2438 = CARTESIAN_POINT('',(0.16,-5.24,8.54));
#2439 = VECTOR('',#2440,1.);
#2440 = DIRECTION('',(-0.57735026919,0.57735026919,0.57735026919));
#2441 = ORIENTED_EDGE('',*,*,#2442,.F.);
#2442 = EDGE_CURVE('',#2409,#2435,#2443,.T.);
#2443 = LINE('',#2444,#2445);
#2444 = CARTESIAN_POINT('',(-0.32,-5.24,8.54));
#2445 = VECTOR('',#2446,1.);
#2446 = DIRECTION('',(1.,0.,0.));
#2447 = PLANE('',#2448);
#2448 = AXIS2_PLACEMENT_3D('',#2449,#2450,#2451);
#2449 = CARTESIAN_POINT('',(-0.32,-5.32,8.46));
#2450 = DIRECTION('',(-1.735167508357E-18,0.707106781187,-0.707106781187
    ));
#2451 = DIRECTION('',(-1.,-1.226948711654E-18,1.226948711654E-18));
#2452 = ADVANCED_FACE('',(#2453),#2464,.T.);
#2453 = FACE_BOUND('',#2454,.T.);
#2454 = EDGE_LOOP('',(#2455,#2456,#2457,#2458));
#2455 = ORIENTED_EDGE('',*,*,#2434,.F.);
#2456 = ORIENTED_EDGE('',*,*,#1691,.T.);
#2457 = ORIENTED_EDGE('',*,*,#2386,.T.);
#2458 = ORIENTED_EDGE('',*,*,#2459,.F.);
#2459 = EDGE_CURVE('',#2435,#2387,#2460,.T.);
#2460 = LINE('',#2461,#2462);
#2461 = CARTESIAN_POINT('',(0.16,-5.4,8.54));
#2462 = VECTOR('',#2463,1.);
#2463 = DIRECTION('',(0.,1.,0.));
#2464 = PLANE('',#2465);
#2465 = AXIS2_PLACEMENT_3D('',#2466,#2467,#2468);
#2466 = CARTESIAN_POINT('',(0.24,-5.4,8.46));
#2467 = DIRECTION('',(0.707106781187,-1.735167508357E-18,0.707106781187)
  );
#2468 = DIRECTION('',(1.226948711654E-18,1.,1.226948711654E-18));
#2469 = ADVANCED_FACE('',(#2470),#2495,.T.);
#2470 = FACE_BOUND('',#2471,.T.);
#2471 = EDGE_LOOP('',(#2472,#2480,#2481,#2489));
#2472 = ORIENTED_EDGE('',*,*,#2473,.F.);
#2473 = EDGE_CURVE('',#1706,#2474,#2476,.T.);
#2474 = VERTEX_POINT('',#2475);
#2475 = CARTESIAN_POINT('',(0.16,-7.78,8.54));
#2476 = LINE('',#2477,#2478);
#2477 = CARTESIAN_POINT('',(0.16,-7.78,8.54));
#2478 = VECTOR('',#2479,1.);
#2479 = DIRECTION('',(-0.57735026919,0.57735026919,0.57735026919));
#2480 = ORIENTED_EDGE('',*,*,#1722,.T.);
#2481 = ORIENTED_EDGE('',*,*,#2482,.T.);
#2482 = EDGE_CURVE('',#1715,#2483,#2485,.T.);
#2483 = VERTEX_POINT('',#2484);
#2484 = CARTESIAN_POINT('',(0.16,-7.46,8.54));
#2485 = LINE('',#2486,#2487);
#2486 = CARTESIAN_POINT('',(5.333333333333E-02,-7.566666666667,
    8.646666666667));
#2487 = VECTOR('',#2488,1.);
#2488 = DIRECTION('',(-0.57735026919,-0.57735026919,0.57735026919));
#2489 = ORIENTED_EDGE('',*,*,#2490,.F.);
#2490 = EDGE_CURVE('',#2474,#2483,#2491,.T.);
#2491 = LINE('',#2492,#2493);
#2492 = CARTESIAN_POINT('',(0.16,-7.94,8.54));
#2493 = VECTOR('',#2494,1.);
#2494 = DIRECTION('',(0.,1.,0.));
#2495 = PLANE('',#2496);
#2496 = AXIS2_PLACEMENT_3D('',#2497,#2498,#2499);
#2497 = CARTESIAN_POINT('',(0.24,-7.94,8.46));
#2498 = DIRECTION('',(0.707106781187,-1.735167508357E-18,0.707106781187)
  );
#2499 = DIRECTION('',(1.226948711654E-18,1.,1.226948711654E-18));
#2500 = ADVANCED_FACE('',(#2501),#2519,.T.);
#2501 = FACE_BOUND('',#2502,.F.);
#2502 = EDGE_LOOP('',(#2503,#2511,#2512,#2513));
#2503 = ORIENTED_EDGE('',*,*,#2504,.F.);
#2504 = EDGE_CURVE('',#1739,#2505,#2507,.T.);
#2505 = VERTEX_POINT('',#2506);
#2506 = CARTESIAN_POINT('',(-0.16,-7.46,8.54));
#2507 = LINE('',#2508,#2509);
#2508 = CARTESIAN_POINT('',(-0.16,-7.46,8.54));
#2509 = VECTOR('',#2510,1.);
#2510 = DIRECTION('',(0.57735026919,-0.57735026919,0.57735026919));
#2511 = ORIENTED_EDGE('',*,*,#1746,.T.);
#2512 = ORIENTED_EDGE('',*,*,#2482,.T.);
#2513 = ORIENTED_EDGE('',*,*,#2514,.F.);
#2514 = EDGE_CURVE('',#2505,#2483,#2515,.T.);
#2515 = LINE('',#2516,#2517);
#2516 = CARTESIAN_POINT('',(-0.32,-7.46,8.54));
#2517 = VECTOR('',#2518,1.);
#2518 = DIRECTION('',(1.,0.,0.));
#2519 = PLANE('',#2520);
#2520 = AXIS2_PLACEMENT_3D('',#2521,#2522,#2523);
#2521 = CARTESIAN_POINT('',(-0.32,-7.38,8.46));
#2522 = DIRECTION('',(1.735167508357E-18,0.707106781187,0.707106781187)
  );
#2523 = DIRECTION('',(-1.,1.226948711654E-18,1.226948711654E-18));
#2524 = ADVANCED_FACE('',(#2525),#2543,.F.);
#2525 = FACE_BOUND('',#2526,.F.);
#2526 = EDGE_LOOP('',(#2527,#2535,#2536,#2537));
#2527 = ORIENTED_EDGE('',*,*,#2528,.F.);
#2528 = EDGE_CURVE('',#1761,#2529,#2531,.T.);
#2529 = VERTEX_POINT('',#2530);
#2530 = CARTESIAN_POINT('',(-0.16,-7.78,8.54));
#2531 = LINE('',#2532,#2533);
#2532 = CARTESIAN_POINT('',(-0.266666666667,-7.886666666667,
    8.433333333333));
#2533 = VECTOR('',#2534,1.);
#2534 = DIRECTION('',(0.57735026919,0.57735026919,0.57735026919));
#2535 = ORIENTED_EDGE('',*,*,#1770,.T.);
#2536 = ORIENTED_EDGE('',*,*,#2504,.T.);
#2537 = ORIENTED_EDGE('',*,*,#2538,.F.);
#2538 = EDGE_CURVE('',#2529,#2505,#2539,.T.);
#2539 = LINE('',#2540,#2541);
#2540 = CARTESIAN_POINT('',(-0.16,-7.94,8.54));
#2541 = VECTOR('',#2542,1.);
#2542 = DIRECTION('',(0.,1.,0.));
#2543 = PLANE('',#2544);
#2544 = AXIS2_PLACEMENT_3D('',#2545,#2546,#2547);
#2545 = CARTESIAN_POINT('',(-0.24,-7.94,8.46));
#2546 = DIRECTION('',(0.707106781187,1.735167508357E-18,-0.707106781187)
  );
#2547 = DIRECTION('',(-1.226948711654E-18,1.,1.226948711654E-18));
#2548 = ADVANCED_FACE('',(#2549),#2560,.F.);
#2549 = FACE_BOUND('',#2550,.T.);
#2550 = EDGE_LOOP('',(#2551,#2552,#2553,#2554));
#2551 = ORIENTED_EDGE('',*,*,#2528,.F.);
#2552 = ORIENTED_EDGE('',*,*,#1787,.T.);
#2553 = ORIENTED_EDGE('',*,*,#2473,.T.);
#2554 = ORIENTED_EDGE('',*,*,#2555,.F.);
#2555 = EDGE_CURVE('',#2529,#2474,#2556,.T.);
#2556 = LINE('',#2557,#2558);
#2557 = CARTESIAN_POINT('',(-0.32,-7.78,8.54));
#2558 = VECTOR('',#2559,1.);
#2559 = DIRECTION('',(1.,0.,0.));
#2560 = PLANE('',#2561);
#2561 = AXIS2_PLACEMENT_3D('',#2562,#2563,#2564);
#2562 = CARTESIAN_POINT('',(-0.32,-7.86,8.46));
#2563 = DIRECTION('',(-1.735167508357E-18,0.707106781187,-0.707106781187
    ));
#2564 = DIRECTION('',(-1.,-1.226948711654E-18,1.226948711654E-18));
#2565 = ADVANCED_FACE('',(#2566),#2591,.T.);
#2566 = FACE_BOUND('',#2567,.T.);
#2567 = EDGE_LOOP('',(#2568,#2576,#2577,#2585));
#2568 = ORIENTED_EDGE('',*,*,#2569,.F.);
#2569 = EDGE_CURVE('',#1802,#2570,#2572,.T.);
#2570 = VERTEX_POINT('',#2571);
#2571 = CARTESIAN_POINT('',(0.16,-0.16,8.54));
#2572 = LINE('',#2573,#2574);
#2573 = CARTESIAN_POINT('',(0.16,-0.16,8.54));
#2574 = VECTOR('',#2575,1.);
#2575 = DIRECTION('',(-0.57735026919,0.57735026919,0.57735026919));
#2576 = ORIENTED_EDGE('',*,*,#1818,.T.);
#2577 = ORIENTED_EDGE('',*,*,#2578,.T.);
#2578 = EDGE_CURVE('',#1811,#2579,#2581,.T.);
#2579 = VERTEX_POINT('',#2580);
#2580 = CARTESIAN_POINT('',(0.16,0.16,8.54));
#2581 = LINE('',#2582,#2583);
#2582 = CARTESIAN_POINT('',(5.333333333333E-02,5.333333333333E-02,
    8.646666666667));
#2583 = VECTOR('',#2584,1.);
#2584 = DIRECTION('',(-0.57735026919,-0.57735026919,0.57735026919));
#2585 = ORIENTED_EDGE('',*,*,#2586,.F.);
#2586 = EDGE_CURVE('',#2570,#2579,#2587,.T.);
#2587 = LINE('',#2588,#2589);
#2588 = CARTESIAN_POINT('',(0.16,-0.32,8.54));
#2589 = VECTOR('',#2590,1.);
#2590 = DIRECTION('',(0.,1.,0.));
#2591 = PLANE('',#2592);
#2592 = AXIS2_PLACEMENT_3D('',#2593,#2594,#2595);
#2593 = CARTESIAN_POINT('',(0.24,-0.32,8.46));
#2594 = DIRECTION('',(0.707106781187,-1.735167508357E-18,0.707106781187)
  );
#2595 = DIRECTION('',(1.226948711654E-18,1.,1.226948711654E-18));
#2596 = ADVANCED_FACE('',(#2597),#2615,.T.);
#2597 = FACE_BOUND('',#2598,.F.);
#2598 = EDGE_LOOP('',(#2599,#2607,#2608,#2609));
#2599 = ORIENTED_EDGE('',*,*,#2600,.F.);
#2600 = EDGE_CURVE('',#1835,#2601,#2603,.T.);
#2601 = VERTEX_POINT('',#2602);
#2602 = CARTESIAN_POINT('',(-0.16,0.16,8.54));
#2603 = LINE('',#2604,#2605);
#2604 = CARTESIAN_POINT('',(-0.16,0.16,8.54));
#2605 = VECTOR('',#2606,1.);
#2606 = DIRECTION('',(0.57735026919,-0.57735026919,0.57735026919));
#2607 = ORIENTED_EDGE('',*,*,#1842,.T.);
#2608 = ORIENTED_EDGE('',*,*,#2578,.T.);
#2609 = ORIENTED_EDGE('',*,*,#2610,.F.);
#2610 = EDGE_CURVE('',#2601,#2579,#2611,.T.);
#2611 = LINE('',#2612,#2613);
#2612 = CARTESIAN_POINT('',(-0.32,0.16,8.54));
#2613 = VECTOR('',#2614,1.);
#2614 = DIRECTION('',(1.,0.,0.));
#2615 = PLANE('',#2616);
#2616 = AXIS2_PLACEMENT_3D('',#2617,#2618,#2619);
#2617 = CARTESIAN_POINT('',(-0.32,0.24,8.46));
#2618 = DIRECTION('',(1.735167508357E-18,0.707106781187,0.707106781187)
  );
#2619 = DIRECTION('',(-1.,1.226948711654E-18,1.226948711654E-18));
#2620 = ADVANCED_FACE('',(#2621),#2639,.F.);
#2621 = FACE_BOUND('',#2622,.F.);
#2622 = EDGE_LOOP('',(#2623,#2631,#2632,#2633));
#2623 = ORIENTED_EDGE('',*,*,#2624,.F.);
#2624 = EDGE_CURVE('',#1857,#2625,#2627,.T.);
#2625 = VERTEX_POINT('',#2626);
#2626 = CARTESIAN_POINT('',(-0.16,-0.16,8.54));
#2627 = LINE('',#2628,#2629);
#2628 = CARTESIAN_POINT('',(-0.266666666667,-0.266666666667,
    8.433333333333));
#2629 = VECTOR('',#2630,1.);
#2630 = DIRECTION('',(0.57735026919,0.57735026919,0.57735026919));
#2631 = ORIENTED_EDGE('',*,*,#1866,.T.);
#2632 = ORIENTED_EDGE('',*,*,#2600,.T.);
#2633 = ORIENTED_EDGE('',*,*,#2634,.F.);
#2634 = EDGE_CURVE('',#2625,#2601,#2635,.T.);
#2635 = LINE('',#2636,#2637);
#2636 = CARTESIAN_POINT('',(-0.16,-0.32,8.54));
#2637 = VECTOR('',#2638,1.);
#2638 = DIRECTION('',(0.,1.,0.));
#2639 = PLANE('',#2640);
#2640 = AXIS2_PLACEMENT_3D('',#2641,#2642,#2643);
#2641 = CARTESIAN_POINT('',(-0.24,-0.32,8.46));
#2642 = DIRECTION('',(0.707106781187,1.735167508357E-18,-0.707106781187)
  );
#2643 = DIRECTION('',(-1.226948711654E-18,1.,1.226948711654E-18));
#2644 = ADVANCED_FACE('',(#2645),#2656,.F.);
#2645 = FACE_BOUND('',#2646,.T.);
#2646 = EDGE_LOOP('',(#2647,#2648,#2649,#2650));
#2647 = ORIENTED_EDGE('',*,*,#2624,.F.);
#2648 = ORIENTED_EDGE('',*,*,#1883,.T.);
#2649 = ORIENTED_EDGE('',*,*,#2569,.T.);
#2650 = ORIENTED_EDGE('',*,*,#2651,.F.);
#2651 = EDGE_CURVE('',#2625,#2570,#2652,.T.);
#2652 = LINE('',#2653,#2654);
#2653 = CARTESIAN_POINT('',(-0.32,-0.16,8.54));
#2654 = VECTOR('',#2655,1.);
#2655 = DIRECTION('',(1.,0.,0.));
#2656 = PLANE('',#2657);
#2657 = AXIS2_PLACEMENT_3D('',#2658,#2659,#2660);
#2658 = CARTESIAN_POINT('',(-0.32,-0.24,8.46));
#2659 = DIRECTION('',(-1.735167508357E-18,0.707106781187,-0.707106781187
    ));
#2660 = DIRECTION('',(-1.,-1.226948711654E-18,1.226948711654E-18));
#2661 = ADVANCED_FACE('',(#2662),#2687,.T.);
#2662 = FACE_BOUND('',#2663,.F.);
#2663 = EDGE_LOOP('',(#2664,#2672,#2673,#2681));
#2664 = ORIENTED_EDGE('',*,*,#2665,.F.);
#2665 = EDGE_CURVE('',#1907,#2666,#2668,.T.);
#2666 = VERTEX_POINT('',#2667);
#2667 = CARTESIAN_POINT('',(-0.16,-2.38,8.54));
#2668 = LINE('',#2669,#2670);
#2669 = CARTESIAN_POINT('',(-0.16,-2.38,8.54));
#2670 = VECTOR('',#2671,1.);
#2671 = DIRECTION('',(0.57735026919,-0.57735026919,0.57735026919));
#2672 = ORIENTED_EDGE('',*,*,#1914,.T.);
#2673 = ORIENTED_EDGE('',*,*,#2674,.T.);
#2674 = EDGE_CURVE('',#1898,#2675,#2677,.T.);
#2675 = VERTEX_POINT('',#2676);
#2676 = CARTESIAN_POINT('',(0.16,-2.38,8.54));
#2677 = LINE('',#2678,#2679);
#2678 = CARTESIAN_POINT('',(5.333333333333E-02,-2.486666666667,
    8.646666666667));
#2679 = VECTOR('',#2680,1.);
#2680 = DIRECTION('',(-0.57735026919,-0.57735026919,0.57735026919));
#2681 = ORIENTED_EDGE('',*,*,#2682,.F.);
#2682 = EDGE_CURVE('',#2666,#2675,#2683,.T.);
#2683 = LINE('',#2684,#2685);
#2684 = CARTESIAN_POINT('',(-0.32,-2.38,8.54));
#2685 = VECTOR('',#2686,1.);
#2686 = DIRECTION('',(1.,0.,0.));
#2687 = PLANE('',#2688);
#2688 = AXIS2_PLACEMENT_3D('',#2689,#2690,#2691);
#2689 = CARTESIAN_POINT('',(-0.32,-2.3,8.46));
#2690 = DIRECTION('',(1.735167508357E-18,0.707106781187,0.707106781187)
  );
#2691 = DIRECTION('',(-1.,1.226948711654E-18,1.226948711654E-18));
#2692 = ADVANCED_FACE('',(#2693),#2711,.F.);
#2693 = FACE_BOUND('',#2694,.F.);
#2694 = EDGE_LOOP('',(#2695,#2703,#2704,#2705));
#2695 = ORIENTED_EDGE('',*,*,#2696,.F.);
#2696 = EDGE_CURVE('',#1929,#2697,#2699,.T.);
#2697 = VERTEX_POINT('',#2698);
#2698 = CARTESIAN_POINT('',(-0.16,-2.7,8.54));
#2699 = LINE('',#2700,#2701);
#2700 = CARTESIAN_POINT('',(-0.266666666667,-2.806666666667,
    8.433333333333));
#2701 = VECTOR('',#2702,1.);
#2702 = DIRECTION('',(0.57735026919,0.57735026919,0.57735026919));
#2703 = ORIENTED_EDGE('',*,*,#1938,.T.);
#2704 = ORIENTED_EDGE('',*,*,#2665,.T.);
#2705 = ORIENTED_EDGE('',*,*,#2706,.F.);
#2706 = EDGE_CURVE('',#2697,#2666,#2707,.T.);
#2707 = LINE('',#2708,#2709);
#2708 = CARTESIAN_POINT('',(-0.16,-2.86,8.54));
#2709 = VECTOR('',#2710,1.);
#2710 = DIRECTION('',(0.,1.,0.));
#2711 = PLANE('',#2712);
#2712 = AXIS2_PLACEMENT_3D('',#2713,#2714,#2715);
#2713 = CARTESIAN_POINT('',(-0.24,-2.86,8.46));
#2714 = DIRECTION('',(0.707106781187,1.735167508357E-18,-0.707106781187)
  );
#2715 = DIRECTION('',(-1.226948711654E-18,1.,1.226948711654E-18));
#2716 = ADVANCED_FACE('',(#2717),#2735,.F.);
#2717 = FACE_BOUND('',#2718,.T.);
#2718 = EDGE_LOOP('',(#2719,#2720,#2721,#2729));
#2719 = ORIENTED_EDGE('',*,*,#2696,.F.);
#2720 = ORIENTED_EDGE('',*,*,#1962,.T.);
#2721 = ORIENTED_EDGE('',*,*,#2722,.T.);
#2722 = EDGE_CURVE('',#1953,#2723,#2725,.T.);
#2723 = VERTEX_POINT('',#2724);
#2724 = CARTESIAN_POINT('',(0.16,-2.7,8.54));
#2725 = LINE('',#2726,#2727);
#2726 = CARTESIAN_POINT('',(0.16,-2.7,8.54));
#2727 = VECTOR('',#2728,1.);
#2728 = DIRECTION('',(-0.57735026919,0.57735026919,0.57735026919));
#2729 = ORIENTED_EDGE('',*,*,#2730,.F.);
#2730 = EDGE_CURVE('',#2697,#2723,#2731,.T.);
#2731 = LINE('',#2732,#2733);
#2732 = CARTESIAN_POINT('',(-0.32,-2.7,8.54));
#2733 = VECTOR('',#2734,1.);
#2734 = DIRECTION('',(1.,0.,0.));
#2735 = PLANE('',#2736);
#2736 = AXIS2_PLACEMENT_3D('',#2737,#2738,#2739);
#2737 = CARTESIAN_POINT('',(-0.32,-2.78,8.46));
#2738 = DIRECTION('',(-1.735167508357E-18,0.707106781187,-0.707106781187
    ));
#2739 = DIRECTION('',(-1.,-1.226948711654E-18,1.226948711654E-18));
#2740 = ADVANCED_FACE('',(#2741),#2752,.T.);
#2741 = FACE_BOUND('',#2742,.T.);
#2742 = EDGE_LOOP('',(#2743,#2744,#2745,#2746));
#2743 = ORIENTED_EDGE('',*,*,#2722,.F.);
#2744 = ORIENTED_EDGE('',*,*,#1979,.T.);
#2745 = ORIENTED_EDGE('',*,*,#2674,.T.);
#2746 = ORIENTED_EDGE('',*,*,#2747,.F.);
#2747 = EDGE_CURVE('',#2723,#2675,#2748,.T.);
#2748 = LINE('',#2749,#2750);
#2749 = CARTESIAN_POINT('',(0.16,-2.86,8.54));
#2750 = VECTOR('',#2751,1.);
#2751 = DIRECTION('',(0.,1.,0.));
#2752 = PLANE('',#2753);
#2753 = AXIS2_PLACEMENT_3D('',#2754,#2755,#2756);
#2754 = CARTESIAN_POINT('',(0.24,-2.86,8.46));
#2755 = DIRECTION('',(0.707106781187,-1.735167508357E-18,0.707106781187)
  );
#2756 = DIRECTION('',(1.226948711654E-18,1.,1.226948711654E-18));
#2757 = ADVANCED_FACE('',(#2758),#2764,.F.);
#2758 = FACE_BOUND('',#2759,.F.);
#2759 = EDGE_LOOP('',(#2760,#2761,#2762,#2763));
#2760 = ORIENTED_EDGE('',*,*,#2075,.T.);
#2761 = ORIENTED_EDGE('',*,*,#2010,.F.);
#2762 = ORIENTED_EDGE('',*,*,#2034,.F.);
#2763 = ORIENTED_EDGE('',*,*,#2058,.T.);
#2764 = PLANE('',#2765);
#2765 = AXIS2_PLACEMENT_3D('',#2766,#2767,#2768);
#2766 = CARTESIAN_POINT('',(-0.32,-5.4,-3.));
#2767 = DIRECTION('',(0.,0.,1.));
#2768 = DIRECTION('',(1.,0.,-0.));
#2769 = ADVANCED_FACE('',(#2770),#2776,.F.);
#2770 = FACE_BOUND('',#2771,.F.);
#2771 = EDGE_LOOP('',(#2772,#2773,#2774,#2775));
#2772 = ORIENTED_EDGE('',*,*,#2106,.T.);
#2773 = ORIENTED_EDGE('',*,*,#2130,.F.);
#2774 = ORIENTED_EDGE('',*,*,#2154,.F.);
#2775 = ORIENTED_EDGE('',*,*,#2171,.T.);
#2776 = PLANE('',#2777);
#2777 = AXIS2_PLACEMENT_3D('',#2778,#2779,#2780);
#2778 = CARTESIAN_POINT('',(-0.32,-7.94,-3.));
#2779 = DIRECTION('',(0.,0.,1.));
#2780 = DIRECTION('',(1.,0.,-0.));
#2781 = ADVANCED_FACE('',(#2782),#2788,.F.);
#2782 = FACE_BOUND('',#2783,.F.);
#2783 = EDGE_LOOP('',(#2784,#2785,#2786,#2787));
#2784 = ORIENTED_EDGE('',*,*,#2202,.T.);
#2785 = ORIENTED_EDGE('',*,*,#2226,.F.);
#2786 = ORIENTED_EDGE('',*,*,#2250,.F.);
#2787 = ORIENTED_EDGE('',*,*,#2267,.T.);
#2788 = PLANE('',#2789);
#2789 = AXIS2_PLACEMENT_3D('',#2790,#2791,#2792);
#2790 = CARTESIAN_POINT('',(-0.32,-0.32,-3.));
#2791 = DIRECTION('',(0.,0.,1.));
#2792 = DIRECTION('',(1.,0.,-0.));
#2793 = ADVANCED_FACE('',(#2794),#2800,.F.);
#2794 = FACE_BOUND('',#2795,.F.);
#2795 = EDGE_LOOP('',(#2796,#2797,#2798,#2799));
#2796 = ORIENTED_EDGE('',*,*,#2363,.T.);
#2797 = ORIENTED_EDGE('',*,*,#2298,.F.);
#2798 = ORIENTED_EDGE('',*,*,#2322,.F.);
#2799 = ORIENTED_EDGE('',*,*,#2346,.T.);
#2800 = PLANE('',#2801);
#2801 = AXIS2_PLACEMENT_3D('',#2802,#2803,#2804);
#2802 = CARTESIAN_POINT('',(-0.32,-2.86,-3.));
#2803 = DIRECTION('',(0.,0.,1.));
#2804 = DIRECTION('',(1.,0.,-0.));
#2805 = ADVANCED_FACE('',(#2806),#2812,.T.);
#2806 = FACE_BOUND('',#2807,.T.);
#2807 = EDGE_LOOP('',(#2808,#2809,#2810,#2811));
#2808 = ORIENTED_EDGE('',*,*,#2459,.T.);
#2809 = ORIENTED_EDGE('',*,*,#2394,.F.);
#2810 = ORIENTED_EDGE('',*,*,#2418,.F.);
#2811 = ORIENTED_EDGE('',*,*,#2442,.T.);
#2812 = PLANE('',#2813);
#2813 = AXIS2_PLACEMENT_3D('',#2814,#2815,#2816);
#2814 = CARTESIAN_POINT('',(-0.32,-5.4,8.54));
#2815 = DIRECTION('',(0.,0.,1.));
#2816 = DIRECTION('',(1.,0.,-0.));
#2817 = ADVANCED_FACE('',(#2818),#2824,.T.);
#2818 = FACE_BOUND('',#2819,.T.);
#2819 = EDGE_LOOP('',(#2820,#2821,#2822,#2823));
#2820 = ORIENTED_EDGE('',*,*,#2490,.T.);
#2821 = ORIENTED_EDGE('',*,*,#2514,.F.);
#2822 = ORIENTED_EDGE('',*,*,#2538,.F.);
#2823 = ORIENTED_EDGE('',*,*,#2555,.T.);
#2824 = PLANE('',#2825);
#2825 = AXIS2_PLACEMENT_3D('',#2826,#2827,#2828);
#2826 = CARTESIAN_POINT('',(-0.32,-7.94,8.54));
#2827 = DIRECTION('',(0.,0.,1.));
#2828 = DIRECTION('',(1.,0.,-0.));
#2829 = ADVANCED_FACE('',(#2830),#2836,.T.);
#2830 = FACE_BOUND('',#2831,.T.);
#2831 = EDGE_LOOP('',(#2832,#2833,#2834,#2835));
#2832 = ORIENTED_EDGE('',*,*,#2586,.T.);
#2833 = ORIENTED_EDGE('',*,*,#2610,.F.);
#2834 = ORIENTED_EDGE('',*,*,#2634,.F.);
#2835 = ORIENTED_EDGE('',*,*,#2651,.T.);
#2836 = PLANE('',#2837);
#2837 = AXIS2_PLACEMENT_3D('',#2838,#2839,#2840);
#2838 = CARTESIAN_POINT('',(-0.32,-0.32,8.54));
#2839 = DIRECTION('',(0.,0.,1.));
#2840 = DIRECTION('',(1.,0.,-0.));
#2841 = ADVANCED_FACE('',(#2842),#2848,.T.);
#2842 = FACE_BOUND('',#2843,.T.);
#2843 = EDGE_LOOP('',(#2844,#2845,#2846,#2847));
#2844 = ORIENTED_EDGE('',*,*,#2747,.T.);
#2845 = ORIENTED_EDGE('',*,*,#2682,.F.);
#2846 = ORIENTED_EDGE('',*,*,#2706,.F.);
#2847 = ORIENTED_EDGE('',*,*,#2730,.T.);
#2848 = PLANE('',#2849);
#2849 = AXIS2_PLACEMENT_3D('',#2850,#2851,#2852);
#2850 = CARTESIAN_POINT('',(-0.32,-2.86,8.54));
#2851 = DIRECTION('',(0.,0.,1.));
#2852 = DIRECTION('',(1.,0.,-0.));
#2853 = ( GEOMETRIC_REPRESENTATION_CONTEXT(3) 
GLOBAL_UNCERTAINTY_ASSIGNED_CONTEXT((#2857)) 
GLOBAL_UNIT_ASSIGNED_CONTEXT((#2854,#2855,#2856)) REPRESENTATION_CONTEXT
('Context #1','3D Context with UNIT and UNCERTAINTY') );
#2854 = ( LENGTH_UNIT() NAMED_UNIT(*) SI_UNIT(.MILLI.,.METRE.) );
#2855 = ( NAMED_UNIT(*) PLANE_ANGLE_UNIT() SI_UNIT($,.RADIAN.) );
#2856 = ( NAMED_UNIT(*) SI_UNIT($,.STERADIAN.) SOLID_ANGLE_UNIT() );
#2857 = UNCERTAINTY_MEASURE_WITH_UNIT(LENGTH_MEASURE(1.E-07),#2854,
  'distance_accuracy_value','confusion accuracy');
#2858 = CONTEXT_DEPENDENT_SHAPE_REPRESENTATION(#2859,#2861);
#2859 = ( REPRESENTATION_RELATIONSHIP('','',#72,#10) 
REPRESENTATION_RELATIONSHIP_WITH_TRANSFORMATION(#2860) 
SHAPE_REPRESENTATION_RELATIONSHIP() );
#2860 = ITEM_DEFINED_TRANSFORMATION('','',#11,#15);
#2861 = PRODUCT_DEFINITION_SHAPE('Placement','Placement of an item',
  #2862);
#2862 = NEXT_ASSEMBLY_USAGE_OCCURRENCE('1','J3','',#5,#67,$);
#2863 = PRODUCT_RELATED_PRODUCT_CATEGORY('part',$,(#69));
#2864 = SHAPE_DEFINITION_REPRESENTATION(#2865,#2871);
#2865 = PRODUCT_DEFINITION_SHAPE('','',#2866);
#2866 = PRODUCT_DEFINITION('design','',#2867,#2870);
#2867 = PRODUCT_DEFINITION_FORMATION('','',#2868);
#2868 = PRODUCT('PinHeader_1x02_P2.54mm_Vertical',
  'PinHeader_1x02_P2.54mm_Vertical','',(#2869));
#2869 = PRODUCT_CONTEXT('',#2,'mechanical');
#2870 = PRODUCT_DEFINITION_CONTEXT('part definition',#2,'design');
#2871 = ADVANCED_BREP_SHAPE_REPRESENTATION('',(#11,#2872),#4304);
#2872 = MANIFOLD_SOLID_BREP('',#2873);
#2873 = CLOSED_SHELL('',(#2874,#2914,#2945,#2976,#3141,#3306,#3323,#3340
    ,#3357,#3374,#3391,#3408,#3425,#3442,#3459,#3476,#3488,#3519,#3543,
    #3567,#3584,#3615,#3639,#3663,#3680,#3711,#3735,#3759,#3776,#3807,
    #3831,#3855,#3872,#3903,#3927,#3951,#3968,#3999,#4023,#4047,#4064,
    #4095,#4119,#4143,#4160,#4191,#4215,#4239,#4256,#4268,#4280,#4292));
#2874 = ADVANCED_FACE('',(#2875),#2909,.F.);
#2875 = FACE_BOUND('',#2876,.F.);
#2876 = EDGE_LOOP('',(#2877,#2887,#2895,#2903));
#2877 = ORIENTED_EDGE('',*,*,#2878,.T.);
#2878 = EDGE_CURVE('',#2879,#2881,#2883,.T.);
#2879 = VERTEX_POINT('',#2880);
#2880 = CARTESIAN_POINT('',(-1.016,1.27,0.));
#2881 = VERTEX_POINT('',#2882);
#2882 = CARTESIAN_POINT('',(-1.016,1.27,2.54));
#2883 = LINE('',#2884,#2885);
#2884 = CARTESIAN_POINT('',(-1.016,1.27,0.));
#2885 = VECTOR('',#2886,1.);
#2886 = DIRECTION('',(0.,0.,1.));
#2887 = ORIENTED_EDGE('',*,*,#2888,.T.);
#2888 = EDGE_CURVE('',#2881,#2889,#2891,.T.);
#2889 = VERTEX_POINT('',#2890);
#2890 = CARTESIAN_POINT('',(-1.27,1.016,2.54));
#2891 = LINE('',#2892,#2893);
#2892 = CARTESIAN_POINT('',(-1.016,1.27,2.54));
#2893 = VECTOR('',#2894,1.);
#2894 = DIRECTION('',(-0.707106781187,-0.707106781187,0.));
#2895 = ORIENTED_EDGE('',*,*,#2896,.F.);
#2896 = EDGE_CURVE('',#2897,#2889,#2899,.T.);
#2897 = VERTEX_POINT('',#2898);
#2898 = CARTESIAN_POINT('',(-1.27,1.016,0.));
#2899 = LINE('',#2900,#2901);
#2900 = CARTESIAN_POINT('',(-1.27,1.016,0.));
#2901 = VECTOR('',#2902,1.);
#2902 = DIRECTION('',(0.,0.,1.));
#2903 = ORIENTED_EDGE('',*,*,#2904,.F.);
#2904 = EDGE_CURVE('',#2879,#2897,#2905,.T.);
#2905 = LINE('',#2906,#2907);
#2906 = CARTESIAN_POINT('',(-1.016,1.27,0.));
#2907 = VECTOR('',#2908,1.);
#2908 = DIRECTION('',(-0.707106781187,-0.707106781187,0.));
#2909 = PLANE('',#2910);
#2910 = AXIS2_PLACEMENT_3D('',#2911,#2912,#2913);
#2911 = CARTESIAN_POINT('',(-1.016,1.27,0.));
#2912 = DIRECTION('',(0.707106781187,-0.707106781187,0.));
#2913 = DIRECTION('',(-0.707106781187,-0.707106781187,0.));
#2914 = ADVANCED_FACE('',(#2915),#2940,.F.);
#2915 = FACE_BOUND('',#2916,.F.);
#2916 = EDGE_LOOP('',(#2917,#2927,#2933,#2934));
#2917 = ORIENTED_EDGE('',*,*,#2918,.T.);
#2918 = EDGE_CURVE('',#2919,#2921,#2923,.T.);
#2919 = VERTEX_POINT('',#2920);
#2920 = CARTESIAN_POINT('',(1.016,1.27,0.));
#2921 = VERTEX_POINT('',#2922);
#2922 = CARTESIAN_POINT('',(1.016,1.27,2.54));
#2923 = LINE('',#2924,#2925);
#2924 = CARTESIAN_POINT('',(1.016,1.27,0.));
#2925 = VECTOR('',#2926,1.);
#2926 = DIRECTION('',(0.,0.,1.));
#2927 = ORIENTED_EDGE('',*,*,#2928,.T.);
#2928 = EDGE_CURVE('',#2921,#2881,#2929,.T.);
#2929 = LINE('',#2930,#2931);
#2930 = CARTESIAN_POINT('',(1.016,1.27,2.54));
#2931 = VECTOR('',#2932,1.);
#2932 = DIRECTION('',(-1.,0.,0.));
#2933 = ORIENTED_EDGE('',*,*,#2878,.F.);
#2934 = ORIENTED_EDGE('',*,*,#2935,.F.);
#2935 = EDGE_CURVE('',#2919,#2879,#2936,.T.);
#2936 = LINE('',#2937,#2938);
#2937 = CARTESIAN_POINT('',(1.016,1.27,0.));
#2938 = VECTOR('',#2939,1.);
#2939 = DIRECTION('',(-1.,0.,0.));
#2940 = PLANE('',#2941);
#2941 = AXIS2_PLACEMENT_3D('',#2942,#2943,#2944);
#2942 = CARTESIAN_POINT('',(1.016,1.27,0.));
#2943 = DIRECTION('',(0.,-1.,0.));
#2944 = DIRECTION('',(-1.,0.,0.));
#2945 = ADVANCED_FACE('',(#2946),#2971,.F.);
#2946 = FACE_BOUND('',#2947,.F.);
#2947 = EDGE_LOOP('',(#2948,#2949,#2957,#2965));
#2948 = ORIENTED_EDGE('',*,*,#2896,.T.);
#2949 = ORIENTED_EDGE('',*,*,#2950,.T.);
#2950 = EDGE_CURVE('',#2889,#2951,#2953,.T.);
#2951 = VERTEX_POINT('',#2952);
#2952 = CARTESIAN_POINT('',(-1.27,-1.016,2.54));
#2953 = LINE('',#2954,#2955);
#2954 = CARTESIAN_POINT('',(-1.27,1.016,2.54));
#2955 = VECTOR('',#2956,1.);
#2956 = DIRECTION('',(0.,-1.,0.));
#2957 = ORIENTED_EDGE('',*,*,#2958,.F.);
#2958 = EDGE_CURVE('',#2959,#2951,#2961,.T.);
#2959 = VERTEX_POINT('',#2960);
#2960 = CARTESIAN_POINT('',(-1.27,-1.016,0.));
#2961 = LINE('',#2962,#2963);
#2962 = CARTESIAN_POINT('',(-1.27,-1.016,0.));
#2963 = VECTOR('',#2964,1.);
#2964 = DIRECTION('',(0.,0.,1.));
#2965 = ORIENTED_EDGE('',*,*,#2966,.F.);
#2966 = EDGE_CURVE('',#2897,#2959,#2967,.T.);
#2967 = LINE('',#2968,#2969);
#2968 = CARTESIAN_POINT('',(-1.27,1.016,0.));
#2969 = VECTOR('',#2970,1.);
#2970 = DIRECTION('',(0.,-1.,0.));
#2971 = PLANE('',#2972);
#2972 = AXIS2_PLACEMENT_3D('',#2973,#2974,#2975);
#2973 = CARTESIAN_POINT('',(-1.27,1.016,0.));
#2974 = DIRECTION('',(1.,0.,0.));
#2975 = DIRECTION('',(0.,-1.,0.));
#2976 = ADVANCED_FACE('',(#2977,#3068,#3102),#3136,.F.);
#2977 = FACE_BOUND('',#2978,.F.);
#2978 = EDGE_LOOP('',(#2979,#2980,#2981,#2989,#2997,#3005,#3013,#3021,
    #3029,#3037,#3045,#3053,#3061,#3067));
#2979 = ORIENTED_EDGE('',*,*,#2904,.T.);
#2980 = ORIENTED_EDGE('',*,*,#2966,.T.);
#2981 = ORIENTED_EDGE('',*,*,#2982,.T.);
#2982 = EDGE_CURVE('',#2959,#2983,#2985,.T.);
#2983 = VERTEX_POINT('',#2984);
#2984 = CARTESIAN_POINT('',(-1.016,-1.27,0.));
#2985 = LINE('',#2986,#2987);
#2986 = CARTESIAN_POINT('',(-1.27,-1.016,0.));
#2987 = VECTOR('',#2988,1.);
#2988 = DIRECTION('',(0.707106781187,-0.707106781187,0.));
#2989 = ORIENTED_EDGE('',*,*,#2990,.T.);
#2990 = EDGE_CURVE('',#2983,#2991,#2993,.T.);
#2991 = VERTEX_POINT('',#2992);
#2992 = CARTESIAN_POINT('',(-1.27,-1.524,0.));
#2993 = LINE('',#2994,#2995);
#2994 = CARTESIAN_POINT('',(-1.016,-1.27,0.));
#2995 = VECTOR('',#2996,1.);
#2996 = DIRECTION('',(-0.707106781187,-0.707106781187,0.));
#2997 = ORIENTED_EDGE('',*,*,#2998,.T.);
#2998 = EDGE_CURVE('',#2991,#2999,#3001,.T.);
#2999 = VERTEX_POINT('',#3000);
#3000 = CARTESIAN_POINT('',(-1.27,-3.556,0.));
#3001 = LINE('',#3002,#3003);
#3002 = CARTESIAN_POINT('',(-1.27,-1.524,0.));
#3003 = VECTOR('',#3004,1.);
#3004 = DIRECTION('',(0.,-1.,0.));
#3005 = ORIENTED_EDGE('',*,*,#3006,.T.);
#3006 = EDGE_CURVE('',#2999,#3007,#3009,.T.);
#3007 = VERTEX_POINT('',#3008);
#3008 = CARTESIAN_POINT('',(-1.016,-3.81,0.));
#3009 = LINE('',#3010,#3011);
#3010 = CARTESIAN_POINT('',(-1.27,-3.556,0.));
#3011 = VECTOR('',#3012,1.);
#3012 = DIRECTION('',(0.707106781187,-0.707106781187,0.));
#3013 = ORIENTED_EDGE('',*,*,#3014,.T.);
#3014 = EDGE_CURVE('',#3007,#3015,#3017,.T.);
#3015 = VERTEX_POINT('',#3016);
#3016 = CARTESIAN_POINT('',(1.016,-3.81,0.));
#3017 = LINE('',#3018,#3019);
#3018 = CARTESIAN_POINT('',(-1.016,-3.81,0.));
#3019 = VECTOR('',#3020,1.);
#3020 = DIRECTION('',(1.,0.,0.));
#3021 = ORIENTED_EDGE('',*,*,#3022,.T.);
#3022 = EDGE_CURVE('',#3015,#3023,#3025,.T.);
#3023 = VERTEX_POINT('',#3024);
#3024 = CARTESIAN_POINT('',(1.27,-3.556,0.));
#3025 = LINE('',#3026,#3027);
#3026 = CARTESIAN_POINT('',(1.016,-3.81,0.));
#3027 = VECTOR('',#3028,1.);
#3028 = DIRECTION('',(0.707106781187,0.707106781187,0.));
#3029 = ORIENTED_EDGE('',*,*,#3030,.T.);
#3030 = EDGE_CURVE('',#3023,#3031,#3033,.T.);
#3031 = VERTEX_POINT('',#3032);
#3032 = CARTESIAN_POINT('',(1.27,-1.524,0.));
#3033 = LINE('',#3034,#3035);
#3034 = CARTESIAN_POINT('',(1.27,-3.556,0.));
#3035 = VECTOR('',#3036,1.);
#3036 = DIRECTION('',(0.,1.,0.));
#3037 = ORIENTED_EDGE('',*,*,#3038,.T.);
#3038 = EDGE_CURVE('',#3031,#3039,#3041,.T.);
#3039 = VERTEX_POINT('',#3040);
#3040 = CARTESIAN_POINT('',(1.016,-1.27,0.));
#3041 = LINE('',#3042,#3043);
#3042 = CARTESIAN_POINT('',(1.27,-1.524,0.));
#3043 = VECTOR('',#3044,1.);
#3044 = DIRECTION('',(-0.707106781187,0.707106781187,0.));
#3045 = ORIENTED_EDGE('',*,*,#3046,.T.);
#3046 = EDGE_CURVE('',#3039,#3047,#3049,.T.);
#3047 = VERTEX_POINT('',#3048);
#3048 = CARTESIAN_POINT('',(1.27,-1.016,0.));
#3049 = LINE('',#3050,#3051);
#3050 = CARTESIAN_POINT('',(1.016,-1.27,0.));
#3051 = VECTOR('',#3052,1.);
#3052 = DIRECTION('',(0.707106781187,0.707106781187,0.));
#3053 = ORIENTED_EDGE('',*,*,#3054,.T.);
#3054 = EDGE_CURVE('',#3047,#3055,#3057,.T.);
#3055 = VERTEX_POINT('',#3056);
#3056 = CARTESIAN_POINT('',(1.27,1.016,0.));
#3057 = LINE('',#3058,#3059);
#3058 = CARTESIAN_POINT('',(1.27,-1.016,0.));
#3059 = VECTOR('',#3060,1.);
#3060 = DIRECTION('',(0.,1.,0.));
#3061 = ORIENTED_EDGE('',*,*,#3062,.T.);
#3062 = EDGE_CURVE('',#3055,#2919,#3063,.T.);
#3063 = LINE('',#3064,#3065);
#3064 = CARTESIAN_POINT('',(1.27,1.016,0.));
#3065 = VECTOR('',#3066,1.);
#3066 = DIRECTION('',(-0.707106781187,0.707106781187,0.));
#3067 = ORIENTED_EDGE('',*,*,#2935,.T.);
#3068 = FACE_BOUND('',#3069,.F.);
#3069 = EDGE_LOOP('',(#3070,#3080,#3088,#3096));
#3070 = ORIENTED_EDGE('',*,*,#3071,.T.);
#3071 = EDGE_CURVE('',#3072,#3074,#3076,.T.);
#3072 = VERTEX_POINT('',#3073);
#3073 = CARTESIAN_POINT('',(0.32,-0.32,0.));
#3074 = VERTEX_POINT('',#3075);
#3075 = CARTESIAN_POINT('',(-0.32,-0.32,0.));
#3076 = LINE('',#3077,#3078);
#3077 = CARTESIAN_POINT('',(-0.16,-0.32,0.));
#3078 = VECTOR('',#3079,1.);
#3079 = DIRECTION('',(-1.,0.,0.));
#3080 = ORIENTED_EDGE('',*,*,#3081,.T.);
#3081 = EDGE_CURVE('',#3074,#3082,#3084,.T.);
#3082 = VERTEX_POINT('',#3083);
#3083 = CARTESIAN_POINT('',(-0.32,0.32,0.));
#3084 = LINE('',#3085,#3086);
#3085 = CARTESIAN_POINT('',(-0.32,-0.795,0.));
#3086 = VECTOR('',#3087,1.);
#3087 = DIRECTION('',(0.,1.,0.));
#3088 = ORIENTED_EDGE('',*,*,#3089,.F.);
#3089 = EDGE_CURVE('',#3090,#3082,#3092,.T.);
#3090 = VERTEX_POINT('',#3091);
#3091 = CARTESIAN_POINT('',(0.32,0.32,0.));
#3092 = LINE('',#3093,#3094);
#3093 = CARTESIAN_POINT('',(-0.16,0.32,0.));
#3094 = VECTOR('',#3095,1.);
#3095 = DIRECTION('',(-1.,0.,0.));
#3096 = ORIENTED_EDGE('',*,*,#3097,.F.);
#3097 = EDGE_CURVE('',#3072,#3090,#3098,.T.);
#3098 = LINE('',#3099,#3100);
#3099 = CARTESIAN_POINT('',(0.32,-0.795,0.));
#3100 = VECTOR('',#3101,1.);
#3101 = DIRECTION('',(0.,1.,0.));
#3102 = FACE_BOUND('',#3103,.F.);
#3103 = EDGE_LOOP('',(#3104,#3114,#3122,#3130));
#3104 = ORIENTED_EDGE('',*,*,#3105,.T.);
#3105 = EDGE_CURVE('',#3106,#3108,#3110,.T.);
#3106 = VERTEX_POINT('',#3107);
#3107 = CARTESIAN_POINT('',(0.32,-2.86,0.));
#3108 = VERTEX_POINT('',#3109);
#3109 = CARTESIAN_POINT('',(-0.32,-2.86,0.));
#3110 = LINE('',#3111,#3112);
#3111 = CARTESIAN_POINT('',(-0.16,-2.86,0.));
#3112 = VECTOR('',#3113,1.);
#3113 = DIRECTION('',(-1.,0.,0.));
#3114 = ORIENTED_EDGE('',*,*,#3115,.T.);
#3115 = EDGE_CURVE('',#3108,#3116,#3118,.T.);
#3116 = VERTEX_POINT('',#3117);
#3117 = CARTESIAN_POINT('',(-0.32,-2.22,0.));
#3118 = LINE('',#3119,#3120);
#3119 = CARTESIAN_POINT('',(-0.32,-2.065,0.));
#3120 = VECTOR('',#3121,1.);
#3121 = DIRECTION('',(0.,1.,0.));
#3122 = ORIENTED_EDGE('',*,*,#3123,.F.);
#3123 = EDGE_CURVE('',#3124,#3116,#3126,.T.);
#3124 = VERTEX_POINT('',#3125);
#3125 = CARTESIAN_POINT('',(0.32,-2.22,0.));
#3126 = LINE('',#3127,#3128);
#3127 = CARTESIAN_POINT('',(-0.16,-2.22,0.));
#3128 = VECTOR('',#3129,1.);
#3129 = DIRECTION('',(-1.,0.,0.));
#3130 = ORIENTED_EDGE('',*,*,#3131,.F.);
#3131 = EDGE_CURVE('',#3106,#3124,#3132,.T.);
#3132 = LINE('',#3133,#3134);
#3133 = CARTESIAN_POINT('',(0.32,-2.065,0.));
#3134 = VECTOR('',#3135,1.);
#3135 = DIRECTION('',(0.,1.,0.));
#3136 = PLANE('',#3137);
#3137 = AXIS2_PLACEMENT_3D('',#3138,#3139,#3140);
#3138 = CARTESIAN_POINT('',(1.473843703412E-17,-1.27,0.));
#3139 = DIRECTION('',(0.,0.,1.));
#3140 = DIRECTION('',(1.,0.,-0.));
#3141 = ADVANCED_FACE('',(#3142,#3233,#3267),#3301,.T.);
#3142 = FACE_BOUND('',#3143,.T.);
#3143 = EDGE_LOOP('',(#3144,#3145,#3146,#3154,#3162,#3170,#3178,#3186,
    #3194,#3202,#3210,#3218,#3226,#3232));
#3144 = ORIENTED_EDGE('',*,*,#2888,.T.);
#3145 = ORIENTED_EDGE('',*,*,#2950,.T.);
#3146 = ORIENTED_EDGE('',*,*,#3147,.T.);
#3147 = EDGE_CURVE('',#2951,#3148,#3150,.T.);
#3148 = VERTEX_POINT('',#3149);
#3149 = CARTESIAN_POINT('',(-1.016,-1.27,2.54));
#3150 = LINE('',#3151,#3152);
#3151 = CARTESIAN_POINT('',(-1.27,-1.016,2.54));
#3152 = VECTOR('',#3153,1.);
#3153 = DIRECTION('',(0.707106781187,-0.707106781187,0.));
#3154 = ORIENTED_EDGE('',*,*,#3155,.T.);
#3155 = EDGE_CURVE('',#3148,#3156,#3158,.T.);
#3156 = VERTEX_POINT('',#3157);
#3157 = CARTESIAN_POINT('',(-1.27,-1.524,2.54));
#3158 = LINE('',#3159,#3160);
#3159 = CARTESIAN_POINT('',(-1.016,-1.27,2.54));
#3160 = VECTOR('',#3161,1.);
#3161 = DIRECTION('',(-0.707106781187,-0.707106781187,0.));
#3162 = ORIENTED_EDGE('',*,*,#3163,.T.);
#3163 = EDGE_CURVE('',#3156,#3164,#3166,.T.);
#3164 = VERTEX_POINT('',#3165);
#3165 = CARTESIAN_POINT('',(-1.27,-3.556,2.54));
#3166 = LINE('',#3167,#3168);
#3167 = CARTESIAN_POINT('',(-1.27,-1.524,2.54));
#3168 = VECTOR('',#3169,1.);
#3169 = DIRECTION('',(0.,-1.,0.));
#3170 = ORIENTED_EDGE('',*,*,#3171,.T.);
#3171 = EDGE_CURVE('',#3164,#3172,#3174,.T.);
#3172 = VERTEX_POINT('',#3173);
#3173 = CARTESIAN_POINT('',(-1.016,-3.81,2.54));
#3174 = LINE('',#3175,#3176);
#3175 = CARTESIAN_POINT('',(-1.27,-3.556,2.54));
#3176 = VECTOR('',#3177,1.);
#3177 = DIRECTION('',(0.707106781187,-0.707106781187,0.));
#3178 = ORIENTED_EDGE('',*,*,#3179,.T.);
#3179 = EDGE_CURVE('',#3172,#3180,#3182,.T.);
#3180 = VERTEX_POINT('',#3181);
#3181 = CARTESIAN_POINT('',(1.016,-3.81,2.54));
#3182 = LINE('',#3183,#3184);
#3183 = CARTESIAN_POINT('',(-1.016,-3.81,2.54));
#3184 = VECTOR('',#3185,1.);
#3185 = DIRECTION('',(1.,0.,0.));
#3186 = ORIENTED_EDGE('',*,*,#3187,.T.);
#3187 = EDGE_CURVE('',#3180,#3188,#3190,.T.);
#3188 = VERTEX_POINT('',#3189);
#3189 = CARTESIAN_POINT('',(1.27,-3.556,2.54));
#3190 = LINE('',#3191,#3192);
#3191 = CARTESIAN_POINT('',(1.016,-3.81,2.54));
#3192 = VECTOR('',#3193,1.);
#3193 = DIRECTION('',(0.707106781187,0.707106781187,0.));
#3194 = ORIENTED_EDGE('',*,*,#3195,.T.);
#3195 = EDGE_CURVE('',#3188,#3196,#3198,.T.);
#3196 = VERTEX_POINT('',#3197);
#3197 = CARTESIAN_POINT('',(1.27,-1.524,2.54));
#3198 = LINE('',#3199,#3200);
#3199 = CARTESIAN_POINT('',(1.27,-3.556,2.54));
#3200 = VECTOR('',#3201,1.);
#3201 = DIRECTION('',(0.,1.,0.));
#3202 = ORIENTED_EDGE('',*,*,#3203,.T.);
#3203 = EDGE_CURVE('',#3196,#3204,#3206,.T.);
#3204 = VERTEX_POINT('',#3205);
#3205 = CARTESIAN_POINT('',(1.016,-1.27,2.54));
#3206 = LINE('',#3207,#3208);
#3207 = CARTESIAN_POINT('',(1.27,-1.524,2.54));
#3208 = VECTOR('',#3209,1.);
#3209 = DIRECTION('',(-0.707106781187,0.707106781187,0.));
#3210 = ORIENTED_EDGE('',*,*,#3211,.T.);
#3211 = EDGE_CURVE('',#3204,#3212,#3214,.T.);
#3212 = VERTEX_POINT('',#3213);
#3213 = CARTESIAN_POINT('',(1.27,-1.016,2.54));
#3214 = LINE('',#3215,#3216);
#3215 = CARTESIAN_POINT('',(1.016,-1.27,2.54));
#3216 = VECTOR('',#3217,1.);
#3217 = DIRECTION('',(0.707106781187,0.707106781187,0.));
#3218 = ORIENTED_EDGE('',*,*,#3219,.T.);
#3219 = EDGE_CURVE('',#3212,#3220,#3222,.T.);
#3220 = VERTEX_POINT('',#3221);
#3221 = CARTESIAN_POINT('',(1.27,1.016,2.54));
#3222 = LINE('',#3223,#3224);
#3223 = CARTESIAN_POINT('',(1.27,-1.016,2.54));
#3224 = VECTOR('',#3225,1.);
#3225 = DIRECTION('',(0.,1.,0.));
#3226 = ORIENTED_EDGE('',*,*,#3227,.T.);
#3227 = EDGE_CURVE('',#3220,#2921,#3228,.T.);
#3228 = LINE('',#3229,#3230);
#3229 = CARTESIAN_POINT('',(1.27,1.016,2.54));
#3230 = VECTOR('',#3231,1.);
#3231 = DIRECTION('',(-0.707106781187,0.707106781187,0.));
#3232 = ORIENTED_EDGE('',*,*,#2928,.T.);
#3233 = FACE_BOUND('',#3234,.T.);
#3234 = EDGE_LOOP('',(#3235,#3245,#3253,#3261));
#3235 = ORIENTED_EDGE('',*,*,#3236,.T.);
#3236 = EDGE_CURVE('',#3237,#3239,#3241,.T.);
#3237 = VERTEX_POINT('',#3238);
#3238 = CARTESIAN_POINT('',(0.32,-0.32,2.54));
#3239 = VERTEX_POINT('',#3240);
#3240 = CARTESIAN_POINT('',(-0.32,-0.32,2.54));
#3241 = LINE('',#3242,#3243);
#3242 = CARTESIAN_POINT('',(-0.16,-0.32,2.54));
#3243 = VECTOR('',#3244,1.);
#3244 = DIRECTION('',(-1.,0.,0.));
#3245 = ORIENTED_EDGE('',*,*,#3246,.T.);
#3246 = EDGE_CURVE('',#3239,#3247,#3249,.T.);
#3247 = VERTEX_POINT('',#3248);
#3248 = CARTESIAN_POINT('',(-0.32,0.32,2.54));
#3249 = LINE('',#3250,#3251);
#3250 = CARTESIAN_POINT('',(-0.32,-0.795,2.54));
#3251 = VECTOR('',#3252,1.);
#3252 = DIRECTION('',(0.,1.,0.));
#3253 = ORIENTED_EDGE('',*,*,#3254,.F.);
#3254 = EDGE_CURVE('',#3255,#3247,#3257,.T.);
#3255 = VERTEX_POINT('',#3256);
#3256 = CARTESIAN_POINT('',(0.32,0.32,2.54));
#3257 = LINE('',#3258,#3259);
#3258 = CARTESIAN_POINT('',(-0.16,0.32,2.54));
#3259 = VECTOR('',#3260,1.);
#3260 = DIRECTION('',(-1.,0.,0.));
#3261 = ORIENTED_EDGE('',*,*,#3262,.F.);
#3262 = EDGE_CURVE('',#3237,#3255,#3263,.T.);
#3263 = LINE('',#3264,#3265);
#3264 = CARTESIAN_POINT('',(0.32,-0.795,2.54));
#3265 = VECTOR('',#3266,1.);
#3266 = DIRECTION('',(0.,1.,0.));
#3267 = FACE_BOUND('',#3268,.T.);
#3268 = EDGE_LOOP('',(#3269,#3279,#3287,#3295));
#3269 = ORIENTED_EDGE('',*,*,#3270,.T.);
#3270 = EDGE_CURVE('',#3271,#3273,#3275,.T.);
#3271 = VERTEX_POINT('',#3272);
#3272 = CARTESIAN_POINT('',(0.32,-2.86,2.54));
#3273 = VERTEX_POINT('',#3274);
#3274 = CARTESIAN_POINT('',(-0.32,-2.86,2.54));
#3275 = LINE('',#3276,#3277);
#3276 = CARTESIAN_POINT('',(-0.16,-2.86,2.54));
#3277 = VECTOR('',#3278,1.);
#3278 = DIRECTION('',(-1.,0.,0.));
#3279 = ORIENTED_EDGE('',*,*,#3280,.T.);
#3280 = EDGE_CURVE('',#3273,#3281,#3283,.T.);
#3281 = VERTEX_POINT('',#3282);
#3282 = CARTESIAN_POINT('',(-0.32,-2.22,2.54));
#3283 = LINE('',#3284,#3285);
#3284 = CARTESIAN_POINT('',(-0.32,-2.065,2.54));
#3285 = VECTOR('',#3286,1.);
#3286 = DIRECTION('',(0.,1.,0.));
#3287 = ORIENTED_EDGE('',*,*,#3288,.F.);
#3288 = EDGE_CURVE('',#3289,#3281,#3291,.T.);
#3289 = VERTEX_POINT('',#3290);
#3290 = CARTESIAN_POINT('',(0.32,-2.22,2.54));
#3291 = LINE('',#3292,#3293);
#3292 = CARTESIAN_POINT('',(-0.16,-2.22,2.54));
#3293 = VECTOR('',#3294,1.);
#3294 = DIRECTION('',(-1.,0.,0.));
#3295 = ORIENTED_EDGE('',*,*,#3296,.F.);
#3296 = EDGE_CURVE('',#3271,#3289,#3297,.T.);
#3297 = LINE('',#3298,#3299);
#3298 = CARTESIAN_POINT('',(0.32,-2.065,2.54));
#3299 = VECTOR('',#3300,1.);
#3300 = DIRECTION('',(0.,1.,0.));
#3301 = PLANE('',#3302);
#3302 = AXIS2_PLACEMENT_3D('',#3303,#3304,#3305);
#3303 = CARTESIAN_POINT('',(1.473843703412E-17,-1.27,2.54));
#3304 = DIRECTION('',(0.,0.,1.));
#3305 = DIRECTION('',(1.,0.,-0.));
#3306 = ADVANCED_FACE('',(#3307),#3318,.F.);
#3307 = FACE_BOUND('',#3308,.F.);
#3308 = EDGE_LOOP('',(#3309,#3315,#3316,#3317));
#3309 = ORIENTED_EDGE('',*,*,#3310,.T.);
#3310 = EDGE_CURVE('',#3055,#3220,#3311,.T.);
#3311 = LINE('',#3312,#3313);
#3312 = CARTESIAN_POINT('',(1.27,1.016,0.));
#3313 = VECTOR('',#3314,1.);
#3314 = DIRECTION('',(0.,0.,1.));
#3315 = ORIENTED_EDGE('',*,*,#3227,.T.);
#3316 = ORIENTED_EDGE('',*,*,#2918,.F.);
#3317 = ORIENTED_EDGE('',*,*,#3062,.F.);
#3318 = PLANE('',#3319);
#3319 = AXIS2_PLACEMENT_3D('',#3320,#3321,#3322);
#3320 = CARTESIAN_POINT('',(1.27,1.016,0.));
#3321 = DIRECTION('',(-0.707106781187,-0.707106781187,0.));
#3322 = DIRECTION('',(-0.707106781187,0.707106781187,0.));
#3323 = ADVANCED_FACE('',(#3324),#3335,.F.);
#3324 = FACE_BOUND('',#3325,.F.);
#3325 = EDGE_LOOP('',(#3326,#3327,#3328,#3334));
#3326 = ORIENTED_EDGE('',*,*,#2958,.T.);
#3327 = ORIENTED_EDGE('',*,*,#3147,.T.);
#3328 = ORIENTED_EDGE('',*,*,#3329,.F.);
#3329 = EDGE_CURVE('',#2983,#3148,#3330,.T.);
#3330 = LINE('',#3331,#3332);
#3331 = CARTESIAN_POINT('',(-1.016,-1.27,0.));
#3332 = VECTOR('',#3333,1.);
#3333 = DIRECTION('',(0.,0.,1.));
#3334 = ORIENTED_EDGE('',*,*,#2982,.F.);
#3335 = PLANE('',#3336);
#3336 = AXIS2_PLACEMENT_3D('',#3337,#3338,#3339);
#3337 = CARTESIAN_POINT('',(-1.27,-1.016,0.));
#3338 = DIRECTION('',(0.707106781187,0.707106781187,0.));
#3339 = DIRECTION('',(0.707106781187,-0.707106781187,0.));
#3340 = ADVANCED_FACE('',(#3341),#3352,.F.);
#3341 = FACE_BOUND('',#3342,.F.);
#3342 = EDGE_LOOP('',(#3343,#3349,#3350,#3351));
#3343 = ORIENTED_EDGE('',*,*,#3344,.T.);
#3344 = EDGE_CURVE('',#3047,#3212,#3345,.T.);
#3345 = LINE('',#3346,#3347);
#3346 = CARTESIAN_POINT('',(1.27,-1.016,0.));
#3347 = VECTOR('',#3348,1.);
#3348 = DIRECTION('',(0.,0.,1.));
#3349 = ORIENTED_EDGE('',*,*,#3219,.T.);
#3350 = ORIENTED_EDGE('',*,*,#3310,.F.);
#3351 = ORIENTED_EDGE('',*,*,#3054,.F.);
#3352 = PLANE('',#3353);
#3353 = AXIS2_PLACEMENT_3D('',#3354,#3355,#3356);
#3354 = CARTESIAN_POINT('',(1.27,-1.016,0.));
#3355 = DIRECTION('',(-1.,0.,0.));
#3356 = DIRECTION('',(0.,1.,0.));
#3357 = ADVANCED_FACE('',(#3358),#3369,.F.);
#3358 = FACE_BOUND('',#3359,.F.);
#3359 = EDGE_LOOP('',(#3360,#3361,#3362,#3368));
#3360 = ORIENTED_EDGE('',*,*,#3329,.T.);
#3361 = ORIENTED_EDGE('',*,*,#3155,.T.);
#3362 = ORIENTED_EDGE('',*,*,#3363,.F.);
#3363 = EDGE_CURVE('',#2991,#3156,#3364,.T.);
#3364 = LINE('',#3365,#3366);
#3365 = CARTESIAN_POINT('',(-1.27,-1.524,0.));
#3366 = VECTOR('',#3367,1.);
#3367 = DIRECTION('',(0.,0.,1.));
#3368 = ORIENTED_EDGE('',*,*,#2990,.F.);
#3369 = PLANE('',#3370);
#3370 = AXIS2_PLACEMENT_3D('',#3371,#3372,#3373);
#3371 = CARTESIAN_POINT('',(-1.016,-1.27,0.));
#3372 = DIRECTION('',(0.707106781187,-0.707106781187,0.));
#3373 = DIRECTION('',(-0.707106781187,-0.707106781187,0.));
#3374 = ADVANCED_FACE('',(#3375),#3386,.F.);
#3375 = FACE_BOUND('',#3376,.F.);
#3376 = EDGE_LOOP('',(#3377,#3383,#3384,#3385));
#3377 = ORIENTED_EDGE('',*,*,#3378,.T.);
#3378 = EDGE_CURVE('',#3039,#3204,#3379,.T.);
#3379 = LINE('',#3380,#3381);
#3380 = CARTESIAN_POINT('',(1.016,-1.27,0.));
#3381 = VECTOR('',#3382,1.);
#3382 = DIRECTION('',(0.,0.,1.));
#3383 = ORIENTED_EDGE('',*,*,#3211,.T.);
#3384 = ORIENTED_EDGE('',*,*,#3344,.F.);
#3385 = ORIENTED_EDGE('',*,*,#3046,.F.);
#3386 = PLANE('',#3387);
#3387 = AXIS2_PLACEMENT_3D('',#3388,#3389,#3390);
#3388 = CARTESIAN_POINT('',(1.016,-1.27,0.));
#3389 = DIRECTION('',(-0.707106781187,0.707106781187,0.));
#3390 = DIRECTION('',(0.707106781187,0.707106781187,0.));
#3391 = ADVANCED_FACE('',(#3392),#3403,.F.);
#3392 = FACE_BOUND('',#3393,.F.);
#3393 = EDGE_LOOP('',(#3394,#3395,#3396,#3402));
#3394 = ORIENTED_EDGE('',*,*,#3363,.T.);
#3395 = ORIENTED_EDGE('',*,*,#3163,.T.);
#3396 = ORIENTED_EDGE('',*,*,#3397,.F.);
#3397 = EDGE_CURVE('',#2999,#3164,#3398,.T.);
#3398 = LINE('',#3399,#3400);
#3399 = CARTESIAN_POINT('',(-1.27,-3.556,0.));
#3400 = VECTOR('',#3401,1.);
#3401 = DIRECTION('',(0.,0.,1.));
#3402 = ORIENTED_EDGE('',*,*,#2998,.F.);
#3403 = PLANE('',#3404);
#3404 = AXIS2_PLACEMENT_3D('',#3405,#3406,#3407);
#3405 = CARTESIAN_POINT('',(-1.27,-1.524,0.));
#3406 = DIRECTION('',(1.,0.,0.));
#3407 = DIRECTION('',(0.,-1.,0.));
#3408 = ADVANCED_FACE('',(#3409),#3420,.F.);
#3409 = FACE_BOUND('',#3410,.F.);
#3410 = EDGE_LOOP('',(#3411,#3417,#3418,#3419));
#3411 = ORIENTED_EDGE('',*,*,#3412,.T.);
#3412 = EDGE_CURVE('',#3031,#3196,#3413,.T.);
#3413 = LINE('',#3414,#3415);
#3414 = CARTESIAN_POINT('',(1.27,-1.524,0.));
#3415 = VECTOR('',#3416,1.);
#3416 = DIRECTION('',(0.,0.,1.));
#3417 = ORIENTED_EDGE('',*,*,#3203,.T.);
#3418 = ORIENTED_EDGE('',*,*,#3378,.F.);
#3419 = ORIENTED_EDGE('',*,*,#3038,.F.);
#3420 = PLANE('',#3421);
#3421 = AXIS2_PLACEMENT_3D('',#3422,#3423,#3424);
#3422 = CARTESIAN_POINT('',(1.27,-1.524,0.));
#3423 = DIRECTION('',(-0.707106781187,-0.707106781187,0.));
#3424 = DIRECTION('',(-0.707106781187,0.707106781187,0.));
#3425 = ADVANCED_FACE('',(#3426),#3437,.F.);
#3426 = FACE_BOUND('',#3427,.F.);
#3427 = EDGE_LOOP('',(#3428,#3429,#3430,#3436));
#3428 = ORIENTED_EDGE('',*,*,#3397,.T.);
#3429 = ORIENTED_EDGE('',*,*,#3171,.T.);
#3430 = ORIENTED_EDGE('',*,*,#3431,.F.);
#3431 = EDGE_CURVE('',#3007,#3172,#3432,.T.);
#3432 = LINE('',#3433,#3434);
#3433 = CARTESIAN_POINT('',(-1.016,-3.81,0.));
#3434 = VECTOR('',#3435,1.);
#3435 = DIRECTION('',(0.,0.,1.));
#3436 = ORIENTED_EDGE('',*,*,#3006,.F.);
#3437 = PLANE('',#3438);
#3438 = AXIS2_PLACEMENT_3D('',#3439,#3440,#3441);
#3439 = CARTESIAN_POINT('',(-1.27,-3.556,0.));
#3440 = DIRECTION('',(0.707106781187,0.707106781187,0.));
#3441 = DIRECTION('',(0.707106781187,-0.707106781187,0.));
#3442 = ADVANCED_FACE('',(#3443),#3454,.F.);
#3443 = FACE_BOUND('',#3444,.F.);
#3444 = EDGE_LOOP('',(#3445,#3451,#3452,#3453));
#3445 = ORIENTED_EDGE('',*,*,#3446,.T.);
#3446 = EDGE_CURVE('',#3023,#3188,#3447,.T.);
#3447 = LINE('',#3448,#3449);
#3448 = CARTESIAN_POINT('',(1.27,-3.556,0.));
#3449 = VECTOR('',#3450,1.);
#3450 = DIRECTION('',(0.,0.,1.));
#3451 = ORIENTED_EDGE('',*,*,#3195,.T.);
#3452 = ORIENTED_EDGE('',*,*,#3412,.F.);
#3453 = ORIENTED_EDGE('',*,*,#3030,.F.);
#3454 = PLANE('',#3455);
#3455 = AXIS2_PLACEMENT_3D('',#3456,#3457,#3458);
#3456 = CARTESIAN_POINT('',(1.27,-3.556,0.));
#3457 = DIRECTION('',(-1.,0.,0.));
#3458 = DIRECTION('',(0.,1.,0.));
#3459 = ADVANCED_FACE('',(#3460),#3471,.F.);
#3460 = FACE_BOUND('',#3461,.F.);
#3461 = EDGE_LOOP('',(#3462,#3463,#3464,#3470));
#3462 = ORIENTED_EDGE('',*,*,#3431,.T.);
#3463 = ORIENTED_EDGE('',*,*,#3179,.T.);
#3464 = ORIENTED_EDGE('',*,*,#3465,.F.);
#3465 = EDGE_CURVE('',#3015,#3180,#3466,.T.);
#3466 = LINE('',#3467,#3468);
#3467 = CARTESIAN_POINT('',(1.016,-3.81,0.));
#3468 = VECTOR('',#3469,1.);
#3469 = DIRECTION('',(0.,0.,1.));
#3470 = ORIENTED_EDGE('',*,*,#3014,.F.);
#3471 = PLANE('',#3472);
#3472 = AXIS2_PLACEMENT_3D('',#3473,#3474,#3475);
#3473 = CARTESIAN_POINT('',(-1.016,-3.81,0.));
#3474 = DIRECTION('',(0.,1.,0.));
#3475 = DIRECTION('',(1.,0.,0.));
#3476 = ADVANCED_FACE('',(#3477),#3483,.F.);
#3477 = FACE_BOUND('',#3478,.F.);
#3478 = EDGE_LOOP('',(#3479,#3480,#3481,#3482));
#3479 = ORIENTED_EDGE('',*,*,#3465,.T.);
#3480 = ORIENTED_EDGE('',*,*,#3187,.T.);
#3481 = ORIENTED_EDGE('',*,*,#3446,.F.);
#3482 = ORIENTED_EDGE('',*,*,#3022,.F.);
#3483 = PLANE('',#3484);
#3484 = AXIS2_PLACEMENT_3D('',#3485,#3486,#3487);
#3485 = CARTESIAN_POINT('',(1.016,-3.81,0.));
#3486 = DIRECTION('',(-0.707106781187,0.707106781187,0.));
#3487 = DIRECTION('',(0.707106781187,0.707106781187,0.));
#3488 = ADVANCED_FACE('',(#3489),#3514,.F.);
#3489 = FACE_BOUND('',#3490,.F.);
#3490 = EDGE_LOOP('',(#3491,#3499,#3507,#3513));
#3491 = ORIENTED_EDGE('',*,*,#3492,.F.);
#3492 = EDGE_CURVE('',#3493,#3072,#3495,.T.);
#3493 = VERTEX_POINT('',#3494);
#3494 = CARTESIAN_POINT('',(0.32,-0.32,-2.84));
#3495 = LINE('',#3496,#3497);
#3496 = CARTESIAN_POINT('',(0.32,-0.32,-3.));
#3497 = VECTOR('',#3498,1.);
#3498 = DIRECTION('',(0.,0.,1.));
#3499 = ORIENTED_EDGE('',*,*,#3500,.F.);
#3500 = EDGE_CURVE('',#3501,#3493,#3503,.T.);
#3501 = VERTEX_POINT('',#3502);
#3502 = CARTESIAN_POINT('',(-0.32,-0.32,-2.84));
#3503 = LINE('',#3504,#3505);
#3504 = CARTESIAN_POINT('',(-0.32,-0.32,-2.84));
#3505 = VECTOR('',#3506,1.);
#3506 = DIRECTION('',(1.,0.,0.));
#3507 = ORIENTED_EDGE('',*,*,#3508,.T.);
#3508 = EDGE_CURVE('',#3501,#3074,#3509,.T.);
#3509 = LINE('',#3510,#3511);
#3510 = CARTESIAN_POINT('',(-0.32,-0.32,-3.));
#3511 = VECTOR('',#3512,1.);
#3512 = DIRECTION('',(0.,0.,1.));
#3513 = ORIENTED_EDGE('',*,*,#3071,.F.);
#3514 = PLANE('',#3515);
#3515 = AXIS2_PLACEMENT_3D('',#3516,#3517,#3518);
#3516 = CARTESIAN_POINT('',(-0.32,-0.32,-3.));
#3517 = DIRECTION('',(0.,1.,0.));
#3518 = DIRECTION('',(0.,-0.,1.));
#3519 = ADVANCED_FACE('',(#3520),#3538,.T.);
#3520 = FACE_BOUND('',#3521,.T.);
#3521 = EDGE_LOOP('',(#3522,#3523,#3531,#3537));
#3522 = ORIENTED_EDGE('',*,*,#3492,.F.);
#3523 = ORIENTED_EDGE('',*,*,#3524,.T.);
#3524 = EDGE_CURVE('',#3493,#3525,#3527,.T.);
#3525 = VERTEX_POINT('',#3526);
#3526 = CARTESIAN_POINT('',(0.32,0.32,-2.84));
#3527 = LINE('',#3528,#3529);
#3528 = CARTESIAN_POINT('',(0.32,-0.32,-2.84));
#3529 = VECTOR('',#3530,1.);
#3530 = DIRECTION('',(0.,1.,0.));
#3531 = ORIENTED_EDGE('',*,*,#3532,.T.);
#3532 = EDGE_CURVE('',#3525,#3090,#3533,.T.);
#3533 = LINE('',#3534,#3535);
#3534 = CARTESIAN_POINT('',(0.32,0.32,-3.));
#3535 = VECTOR('',#3536,1.);
#3536 = DIRECTION('',(0.,0.,1.));
#3537 = ORIENTED_EDGE('',*,*,#3097,.F.);
#3538 = PLANE('',#3539);
#3539 = AXIS2_PLACEMENT_3D('',#3540,#3541,#3542);
#3540 = CARTESIAN_POINT('',(0.32,-0.32,-3.));
#3541 = DIRECTION('',(1.,0.,0.));
#3542 = DIRECTION('',(0.,0.,1.));
#3543 = ADVANCED_FACE('',(#3544),#3562,.T.);
#3544 = FACE_BOUND('',#3545,.T.);
#3545 = EDGE_LOOP('',(#3546,#3547,#3555,#3561));
#3546 = ORIENTED_EDGE('',*,*,#3532,.F.);
#3547 = ORIENTED_EDGE('',*,*,#3548,.F.);
#3548 = EDGE_CURVE('',#3549,#3525,#3551,.T.);
#3549 = VERTEX_POINT('',#3550);
#3550 = CARTESIAN_POINT('',(-0.32,0.32,-2.84));
#3551 = LINE('',#3552,#3553);
#3552 = CARTESIAN_POINT('',(-0.32,0.32,-2.84));
#3553 = VECTOR('',#3554,1.);
#3554 = DIRECTION('',(1.,0.,0.));
#3555 = ORIENTED_EDGE('',*,*,#3556,.T.);
#3556 = EDGE_CURVE('',#3549,#3082,#3557,.T.);
#3557 = LINE('',#3558,#3559);
#3558 = CARTESIAN_POINT('',(-0.32,0.32,-3.));
#3559 = VECTOR('',#3560,1.);
#3560 = DIRECTION('',(0.,0.,1.));
#3561 = ORIENTED_EDGE('',*,*,#3089,.F.);
#3562 = PLANE('',#3563);
#3563 = AXIS2_PLACEMENT_3D('',#3564,#3565,#3566);
#3564 = CARTESIAN_POINT('',(-0.32,0.32,-3.));
#3565 = DIRECTION('',(0.,1.,0.));
#3566 = DIRECTION('',(0.,-0.,1.));
#3567 = ADVANCED_FACE('',(#3568),#3579,.F.);
#3568 = FACE_BOUND('',#3569,.F.);
#3569 = EDGE_LOOP('',(#3570,#3571,#3577,#3578));
#3570 = ORIENTED_EDGE('',*,*,#3508,.F.);
#3571 = ORIENTED_EDGE('',*,*,#3572,.T.);
#3572 = EDGE_CURVE('',#3501,#3549,#3573,.T.);
#3573 = LINE('',#3574,#3575);
#3574 = CARTESIAN_POINT('',(-0.32,-0.32,-2.84));
#3575 = VECTOR('',#3576,1.);
#3576 = DIRECTION('',(0.,1.,0.));
#3577 = ORIENTED_EDGE('',*,*,#3556,.T.);
#3578 = ORIENTED_EDGE('',*,*,#3081,.F.);
#3579 = PLANE('',#3580);
#3580 = AXIS2_PLACEMENT_3D('',#3581,#3582,#3583);
#3581 = CARTESIAN_POINT('',(-0.32,-0.32,-3.));
#3582 = DIRECTION('',(1.,0.,0.));
#3583 = DIRECTION('',(0.,0.,1.));
#3584 = ADVANCED_FACE('',(#3585),#3610,.F.);
#3585 = FACE_BOUND('',#3586,.F.);
#3586 = EDGE_LOOP('',(#3587,#3595,#3603,#3609));
#3587 = ORIENTED_EDGE('',*,*,#3588,.F.);
#3588 = EDGE_CURVE('',#3589,#3106,#3591,.T.);
#3589 = VERTEX_POINT('',#3590);
#3590 = CARTESIAN_POINT('',(0.32,-2.86,-2.84));
#3591 = LINE('',#3592,#3593);
#3592 = CARTESIAN_POINT('',(0.32,-2.86,-3.));
#3593 = VECTOR('',#3594,1.);
#3594 = DIRECTION('',(0.,0.,1.));
#3595 = ORIENTED_EDGE('',*,*,#3596,.F.);
#3596 = EDGE_CURVE('',#3597,#3589,#3599,.T.);
#3597 = VERTEX_POINT('',#3598);
#3598 = CARTESIAN_POINT('',(-0.32,-2.86,-2.84));
#3599 = LINE('',#3600,#3601);
#3600 = CARTESIAN_POINT('',(-0.32,-2.86,-2.84));
#3601 = VECTOR('',#3602,1.);
#3602 = DIRECTION('',(1.,0.,0.));
#3603 = ORIENTED_EDGE('',*,*,#3604,.T.);
#3604 = EDGE_CURVE('',#3597,#3108,#3605,.T.);
#3605 = LINE('',#3606,#3607);
#3606 = CARTESIAN_POINT('',(-0.32,-2.86,-3.));
#3607 = VECTOR('',#3608,1.);
#3608 = DIRECTION('',(0.,0.,1.));
#3609 = ORIENTED_EDGE('',*,*,#3105,.F.);
#3610 = PLANE('',#3611);
#3611 = AXIS2_PLACEMENT_3D('',#3612,#3613,#3614);
#3612 = CARTESIAN_POINT('',(-0.32,-2.86,-3.));
#3613 = DIRECTION('',(0.,1.,0.));
#3614 = DIRECTION('',(0.,-0.,1.));
#3615 = ADVANCED_FACE('',(#3616),#3634,.T.);
#3616 = FACE_BOUND('',#3617,.T.);
#3617 = EDGE_LOOP('',(#3618,#3619,#3627,#3633));
#3618 = ORIENTED_EDGE('',*,*,#3588,.F.);
#3619 = ORIENTED_EDGE('',*,*,#3620,.T.);
#3620 = EDGE_CURVE('',#3589,#3621,#3623,.T.);
#3621 = VERTEX_POINT('',#3622);
#3622 = CARTESIAN_POINT('',(0.32,-2.22,-2.84));
#3623 = LINE('',#3624,#3625);
#3624 = CARTESIAN_POINT('',(0.32,-2.86,-2.84));
#3625 = VECTOR('',#3626,1.);
#3626 = DIRECTION('',(0.,1.,0.));
#3627 = ORIENTED_EDGE('',*,*,#3628,.T.);
#3628 = EDGE_CURVE('',#3621,#3124,#3629,.T.);
#3629 = LINE('',#3630,#3631);
#3630 = CARTESIAN_POINT('',(0.32,-2.22,-3.));
#3631 = VECTOR('',#3632,1.);
#3632 = DIRECTION('',(0.,0.,1.));
#3633 = ORIENTED_EDGE('',*,*,#3131,.F.);
#3634 = PLANE('',#3635);
#3635 = AXIS2_PLACEMENT_3D('',#3636,#3637,#3638);
#3636 = CARTESIAN_POINT('',(0.32,-2.86,-3.));
#3637 = DIRECTION('',(1.,0.,0.));
#3638 = DIRECTION('',(0.,0.,1.));
#3639 = ADVANCED_FACE('',(#3640),#3658,.T.);
#3640 = FACE_BOUND('',#3641,.T.);
#3641 = EDGE_LOOP('',(#3642,#3643,#3651,#3657));
#3642 = ORIENTED_EDGE('',*,*,#3628,.F.);
#3643 = ORIENTED_EDGE('',*,*,#3644,.F.);
#3644 = EDGE_CURVE('',#3645,#3621,#3647,.T.);
#3645 = VERTEX_POINT('',#3646);
#3646 = CARTESIAN_POINT('',(-0.32,-2.22,-2.84));
#3647 = LINE('',#3648,#3649);
#3648 = CARTESIAN_POINT('',(-0.32,-2.22,-2.84));
#3649 = VECTOR('',#3650,1.);
#3650 = DIRECTION('',(1.,0.,0.));
#3651 = ORIENTED_EDGE('',*,*,#3652,.T.);
#3652 = EDGE_CURVE('',#3645,#3116,#3653,.T.);
#3653 = LINE('',#3654,#3655);
#3654 = CARTESIAN_POINT('',(-0.32,-2.22,-3.));
#3655 = VECTOR('',#3656,1.);
#3656 = DIRECTION('',(0.,0.,1.));
#3657 = ORIENTED_EDGE('',*,*,#3123,.F.);
#3658 = PLANE('',#3659);
#3659 = AXIS2_PLACEMENT_3D('',#3660,#3661,#3662);
#3660 = CARTESIAN_POINT('',(-0.32,-2.22,-3.));
#3661 = DIRECTION('',(0.,1.,0.));
#3662 = DIRECTION('',(0.,-0.,1.));
#3663 = ADVANCED_FACE('',(#3664),#3675,.F.);
#3664 = FACE_BOUND('',#3665,.F.);
#3665 = EDGE_LOOP('',(#3666,#3667,#3673,#3674));
#3666 = ORIENTED_EDGE('',*,*,#3604,.F.);
#3667 = ORIENTED_EDGE('',*,*,#3668,.T.);
#3668 = EDGE_CURVE('',#3597,#3645,#3669,.T.);
#3669 = LINE('',#3670,#3671);
#3670 = CARTESIAN_POINT('',(-0.32,-2.86,-2.84));
#3671 = VECTOR('',#3672,1.);
#3672 = DIRECTION('',(0.,1.,0.));
#3673 = ORIENTED_EDGE('',*,*,#3652,.T.);
#3674 = ORIENTED_EDGE('',*,*,#3115,.F.);
#3675 = PLANE('',#3676);
#3676 = AXIS2_PLACEMENT_3D('',#3677,#3678,#3679);
#3677 = CARTESIAN_POINT('',(-0.32,-2.86,-3.));
#3678 = DIRECTION('',(1.,0.,0.));
#3679 = DIRECTION('',(0.,0.,1.));
#3680 = ADVANCED_FACE('',(#3681),#3706,.F.);
#3681 = FACE_BOUND('',#3682,.F.);
#3682 = EDGE_LOOP('',(#3683,#3691,#3692,#3700));
#3683 = ORIENTED_EDGE('',*,*,#3684,.F.);
#3684 = EDGE_CURVE('',#3237,#3685,#3687,.T.);
#3685 = VERTEX_POINT('',#3686);
#3686 = CARTESIAN_POINT('',(0.32,-0.32,8.38));
#3687 = LINE('',#3688,#3689);
#3688 = CARTESIAN_POINT('',(0.32,-0.32,-3.));
#3689 = VECTOR('',#3690,1.);
#3690 = DIRECTION('',(0.,0.,1.));
#3691 = ORIENTED_EDGE('',*,*,#3236,.T.);
#3692 = ORIENTED_EDGE('',*,*,#3693,.T.);
#3693 = EDGE_CURVE('',#3239,#3694,#3696,.T.);
#3694 = VERTEX_POINT('',#3695);
#3695 = CARTESIAN_POINT('',(-0.32,-0.32,8.38));
#3696 = LINE('',#3697,#3698);
#3697 = CARTESIAN_POINT('',(-0.32,-0.32,-3.));
#3698 = VECTOR('',#3699,1.);
#3699 = DIRECTION('',(0.,0.,1.));
#3700 = ORIENTED_EDGE('',*,*,#3701,.T.);
#3701 = EDGE_CURVE('',#3694,#3685,#3702,.T.);
#3702 = LINE('',#3703,#3704);
#3703 = CARTESIAN_POINT('',(-0.32,-0.32,8.38));
#3704 = VECTOR('',#3705,1.);
#3705 = DIRECTION('',(1.,0.,0.));
#3706 = PLANE('',#3707);
#3707 = AXIS2_PLACEMENT_3D('',#3708,#3709,#3710);
#3708 = CARTESIAN_POINT('',(-0.32,-0.32,-3.));
#3709 = DIRECTION('',(0.,1.,0.));
#3710 = DIRECTION('',(0.,-0.,1.));
#3711 = ADVANCED_FACE('',(#3712),#3730,.T.);
#3712 = FACE_BOUND('',#3713,.T.);
#3713 = EDGE_LOOP('',(#3714,#3715,#3716,#3724));
#3714 = ORIENTED_EDGE('',*,*,#3684,.F.);
#3715 = ORIENTED_EDGE('',*,*,#3262,.T.);
#3716 = ORIENTED_EDGE('',*,*,#3717,.T.);
#3717 = EDGE_CURVE('',#3255,#3718,#3720,.T.);
#3718 = VERTEX_POINT('',#3719);
#3719 = CARTESIAN_POINT('',(0.32,0.32,8.38));
#3720 = LINE('',#3721,#3722);
#3721 = CARTESIAN_POINT('',(0.32,0.32,-3.));
#3722 = VECTOR('',#3723,1.);
#3723 = DIRECTION('',(0.,0.,1.));
#3724 = ORIENTED_EDGE('',*,*,#3725,.F.);
#3725 = EDGE_CURVE('',#3685,#3718,#3726,.T.);
#3726 = LINE('',#3727,#3728);
#3727 = CARTESIAN_POINT('',(0.32,-0.32,8.38));
#3728 = VECTOR('',#3729,1.);
#3729 = DIRECTION('',(0.,1.,0.));
#3730 = PLANE('',#3731);
#3731 = AXIS2_PLACEMENT_3D('',#3732,#3733,#3734);
#3732 = CARTESIAN_POINT('',(0.32,-0.32,-3.));
#3733 = DIRECTION('',(1.,0.,0.));
#3734 = DIRECTION('',(0.,0.,1.));
#3735 = ADVANCED_FACE('',(#3736),#3754,.T.);
#3736 = FACE_BOUND('',#3737,.T.);
#3737 = EDGE_LOOP('',(#3738,#3739,#3740,#3748));
#3738 = ORIENTED_EDGE('',*,*,#3717,.F.);
#3739 = ORIENTED_EDGE('',*,*,#3254,.T.);
#3740 = ORIENTED_EDGE('',*,*,#3741,.T.);
#3741 = EDGE_CURVE('',#3247,#3742,#3744,.T.);
#3742 = VERTEX_POINT('',#3743);
#3743 = CARTESIAN_POINT('',(-0.32,0.32,8.38));
#3744 = LINE('',#3745,#3746);
#3745 = CARTESIAN_POINT('',(-0.32,0.32,-3.));
#3746 = VECTOR('',#3747,1.);
#3747 = DIRECTION('',(0.,0.,1.));
#3748 = ORIENTED_EDGE('',*,*,#3749,.T.);
#3749 = EDGE_CURVE('',#3742,#3718,#3750,.T.);
#3750 = LINE('',#3751,#3752);
#3751 = CARTESIAN_POINT('',(-0.32,0.32,8.38));
#3752 = VECTOR('',#3753,1.);
#3753 = DIRECTION('',(1.,0.,0.));
#3754 = PLANE('',#3755);
#3755 = AXIS2_PLACEMENT_3D('',#3756,#3757,#3758);
#3756 = CARTESIAN_POINT('',(-0.32,0.32,-3.));
#3757 = DIRECTION('',(0.,1.,0.));
#3758 = DIRECTION('',(0.,-0.,1.));
#3759 = ADVANCED_FACE('',(#3760),#3771,.F.);
#3760 = FACE_BOUND('',#3761,.F.);
#3761 = EDGE_LOOP('',(#3762,#3763,#3764,#3765));
#3762 = ORIENTED_EDGE('',*,*,#3693,.F.);
#3763 = ORIENTED_EDGE('',*,*,#3246,.T.);
#3764 = ORIENTED_EDGE('',*,*,#3741,.T.);
#3765 = ORIENTED_EDGE('',*,*,#3766,.F.);
#3766 = EDGE_CURVE('',#3694,#3742,#3767,.T.);
#3767 = LINE('',#3768,#3769);
#3768 = CARTESIAN_POINT('',(-0.32,-0.32,8.38));
#3769 = VECTOR('',#3770,1.);
#3770 = DIRECTION('',(0.,1.,0.));
#3771 = PLANE('',#3772);
#3772 = AXIS2_PLACEMENT_3D('',#3773,#3774,#3775);
#3773 = CARTESIAN_POINT('',(-0.32,-0.32,-3.));
#3774 = DIRECTION('',(1.,0.,0.));
#3775 = DIRECTION('',(0.,0.,1.));
#3776 = ADVANCED_FACE('',(#3777),#3802,.F.);
#3777 = FACE_BOUND('',#3778,.F.);
#3778 = EDGE_LOOP('',(#3779,#3787,#3788,#3796));
#3779 = ORIENTED_EDGE('',*,*,#3780,.F.);
#3780 = EDGE_CURVE('',#3271,#3781,#3783,.T.);
#3781 = VERTEX_POINT('',#3782);
#3782 = CARTESIAN_POINT('',(0.32,-2.86,8.38));
#3783 = LINE('',#3784,#3785);
#3784 = CARTESIAN_POINT('',(0.32,-2.86,-3.));
#3785 = VECTOR('',#3786,1.);
#3786 = DIRECTION('',(0.,0.,1.));
#3787 = ORIENTED_EDGE('',*,*,#3270,.T.);
#3788 = ORIENTED_EDGE('',*,*,#3789,.T.);
#3789 = EDGE_CURVE('',#3273,#3790,#3792,.T.);
#3790 = VERTEX_POINT('',#3791);
#3791 = CARTESIAN_POINT('',(-0.32,-2.86,8.38));
#3792 = LINE('',#3793,#3794);
#3793 = CARTESIAN_POINT('',(-0.32,-2.86,-3.));
#3794 = VECTOR('',#3795,1.);
#3795 = DIRECTION('',(0.,0.,1.));
#3796 = ORIENTED_EDGE('',*,*,#3797,.T.);
#3797 = EDGE_CURVE('',#3790,#3781,#3798,.T.);
#3798 = LINE('',#3799,#3800);
#3799 = CARTESIAN_POINT('',(-0.32,-2.86,8.38));
#3800 = VECTOR('',#3801,1.);
#3801 = DIRECTION('',(1.,0.,0.));
#3802 = PLANE('',#3803);
#3803 = AXIS2_PLACEMENT_3D('',#3804,#3805,#3806);
#3804 = CARTESIAN_POINT('',(-0.32,-2.86,-3.));
#3805 = DIRECTION('',(0.,1.,0.));
#3806 = DIRECTION('',(0.,-0.,1.));
#3807 = ADVANCED_FACE('',(#3808),#3826,.T.);
#3808 = FACE_BOUND('',#3809,.T.);
#3809 = EDGE_LOOP('',(#3810,#3811,#3812,#3820));
#3810 = ORIENTED_EDGE('',*,*,#3780,.F.);
#3811 = ORIENTED_EDGE('',*,*,#3296,.T.);
#3812 = ORIENTED_EDGE('',*,*,#3813,.T.);
#3813 = EDGE_CURVE('',#3289,#3814,#3816,.T.);
#3814 = VERTEX_POINT('',#3815);
#3815 = CARTESIAN_POINT('',(0.32,-2.22,8.38));
#3816 = LINE('',#3817,#3818);
#3817 = CARTESIAN_POINT('',(0.32,-2.22,-3.));
#3818 = VECTOR('',#3819,1.);
#3819 = DIRECTION('',(0.,0.,1.));
#3820 = ORIENTED_EDGE('',*,*,#3821,.F.);
#3821 = EDGE_CURVE('',#3781,#3814,#3822,.T.);
#3822 = LINE('',#3823,#3824);
#3823 = CARTESIAN_POINT('',(0.32,-2.86,8.38));
#3824 = VECTOR('',#3825,1.);
#3825 = DIRECTION('',(0.,1.,0.));
#3826 = PLANE('',#3827);
#3827 = AXIS2_PLACEMENT_3D('',#3828,#3829,#3830);
#3828 = CARTESIAN_POINT('',(0.32,-2.86,-3.));
#3829 = DIRECTION('',(1.,0.,0.));
#3830 = DIRECTION('',(0.,0.,1.));
#3831 = ADVANCED_FACE('',(#3832),#3850,.T.);
#3832 = FACE_BOUND('',#3833,.T.);
#3833 = EDGE_LOOP('',(#3834,#3835,#3836,#3844));
#3834 = ORIENTED_EDGE('',*,*,#3813,.F.);
#3835 = ORIENTED_EDGE('',*,*,#3288,.T.);
#3836 = ORIENTED_EDGE('',*,*,#3837,.T.);
#3837 = EDGE_CURVE('',#3281,#3838,#3840,.T.);
#3838 = VERTEX_POINT('',#3839);
#3839 = CARTESIAN_POINT('',(-0.32,-2.22,8.38));
#3840 = LINE('',#3841,#3842);
#3841 = CARTESIAN_POINT('',(-0.32,-2.22,-3.));
#3842 = VECTOR('',#3843,1.);
#3843 = DIRECTION('',(0.,0.,1.));
#3844 = ORIENTED_EDGE('',*,*,#3845,.T.);
#3845 = EDGE_CURVE('',#3838,#3814,#3846,.T.);
#3846 = LINE('',#3847,#3848);
#3847 = CARTESIAN_POINT('',(-0.32,-2.22,8.38));
#3848 = VECTOR('',#3849,1.);
#3849 = DIRECTION('',(1.,0.,0.));
#3850 = PLANE('',#3851);
#3851 = AXIS2_PLACEMENT_3D('',#3852,#3853,#3854);
#3852 = CARTESIAN_POINT('',(-0.32,-2.22,-3.));
#3853 = DIRECTION('',(0.,1.,0.));
#3854 = DIRECTION('',(0.,-0.,1.));
#3855 = ADVANCED_FACE('',(#3856),#3867,.F.);
#3856 = FACE_BOUND('',#3857,.F.);
#3857 = EDGE_LOOP('',(#3858,#3859,#3860,#3861));
#3858 = ORIENTED_EDGE('',*,*,#3789,.F.);
#3859 = ORIENTED_EDGE('',*,*,#3280,.T.);
#3860 = ORIENTED_EDGE('',*,*,#3837,.T.);
#3861 = ORIENTED_EDGE('',*,*,#3862,.F.);
#3862 = EDGE_CURVE('',#3790,#3838,#3863,.T.);
#3863 = LINE('',#3864,#3865);
#3864 = CARTESIAN_POINT('',(-0.32,-2.86,8.38));
#3865 = VECTOR('',#3866,1.);
#3866 = DIRECTION('',(0.,1.,0.));
#3867 = PLANE('',#3868);
#3868 = AXIS2_PLACEMENT_3D('',#3869,#3870,#3871);
#3869 = CARTESIAN_POINT('',(-0.32,-2.86,-3.));
#3870 = DIRECTION('',(1.,0.,0.));
#3871 = DIRECTION('',(0.,0.,1.));
#3872 = ADVANCED_FACE('',(#3873),#3898,.T.);
#3873 = FACE_BOUND('',#3874,.F.);
#3874 = EDGE_LOOP('',(#3875,#3883,#3884,#3892));
#3875 = ORIENTED_EDGE('',*,*,#3876,.F.);
#3876 = EDGE_CURVE('',#3501,#3877,#3879,.T.);
#3877 = VERTEX_POINT('',#3878);
#3878 = CARTESIAN_POINT('',(-0.16,-0.16,-3.));
#3879 = LINE('',#3880,#3881);
#3880 = CARTESIAN_POINT('',(-0.266666666667,-0.266666666667,
    -2.893333333333));
#3881 = VECTOR('',#3882,1.);
#3882 = DIRECTION('',(0.57735026919,0.57735026919,-0.57735026919));
#3883 = ORIENTED_EDGE('',*,*,#3500,.T.);
#3884 = ORIENTED_EDGE('',*,*,#3885,.T.);
#3885 = EDGE_CURVE('',#3493,#3886,#3888,.T.);
#3886 = VERTEX_POINT('',#3887);
#3887 = CARTESIAN_POINT('',(0.16,-0.16,-3.));
#3888 = LINE('',#3889,#3890);
#3889 = CARTESIAN_POINT('',(0.16,-0.16,-3.));
#3890 = VECTOR('',#3891,1.);
#3891 = DIRECTION('',(-0.57735026919,0.57735026919,-0.57735026919));
#3892 = ORIENTED_EDGE('',*,*,#3893,.F.);
#3893 = EDGE_CURVE('',#3877,#3886,#3894,.T.);
#3894 = LINE('',#3895,#3896);
#3895 = CARTESIAN_POINT('',(-0.32,-0.16,-3.));
#3896 = VECTOR('',#3897,1.);
#3897 = DIRECTION('',(1.,0.,0.));
#3898 = PLANE('',#3899);
#3899 = AXIS2_PLACEMENT_3D('',#3900,#3901,#3902);
#3900 = CARTESIAN_POINT('',(-0.32,-0.24,-2.92));
#3901 = DIRECTION('',(1.735167508357E-18,-0.707106781187,-0.707106781187
    ));
#3902 = DIRECTION('',(-1.,-1.226948711654E-18,-1.226948711654E-18));
#3903 = ADVANCED_FACE('',(#3904),#3922,.F.);
#3904 = FACE_BOUND('',#3905,.F.);
#3905 = EDGE_LOOP('',(#3906,#3907,#3908,#3916));
#3906 = ORIENTED_EDGE('',*,*,#3885,.F.);
#3907 = ORIENTED_EDGE('',*,*,#3524,.T.);
#3908 = ORIENTED_EDGE('',*,*,#3909,.T.);
#3909 = EDGE_CURVE('',#3525,#3910,#3912,.T.);
#3910 = VERTEX_POINT('',#3911);
#3911 = CARTESIAN_POINT('',(0.16,0.16,-3.));
#3912 = LINE('',#3913,#3914);
#3913 = CARTESIAN_POINT('',(5.333333333333E-02,5.333333333333E-02,
    -3.106666666667));
#3914 = VECTOR('',#3915,1.);
#3915 = DIRECTION('',(-0.57735026919,-0.57735026919,-0.57735026919));
#3916 = ORIENTED_EDGE('',*,*,#3917,.F.);
#3917 = EDGE_CURVE('',#3886,#3910,#3918,.T.);
#3918 = LINE('',#3919,#3920);
#3919 = CARTESIAN_POINT('',(0.16,-0.32,-3.));
#3920 = VECTOR('',#3921,1.);
#3921 = DIRECTION('',(0.,1.,0.));
#3922 = PLANE('',#3923);
#3923 = AXIS2_PLACEMENT_3D('',#3924,#3925,#3926);
#3924 = CARTESIAN_POINT('',(0.24,-0.32,-2.92));
#3925 = DIRECTION('',(-0.707106781187,1.735167508357E-18,0.707106781187)
  );
#3926 = DIRECTION('',(1.226948711654E-18,1.,-1.226948711654E-18));
#3927 = ADVANCED_FACE('',(#3928),#3946,.F.);
#3928 = FACE_BOUND('',#3929,.T.);
#3929 = EDGE_LOOP('',(#3930,#3938,#3939,#3940));
#3930 = ORIENTED_EDGE('',*,*,#3931,.F.);
#3931 = EDGE_CURVE('',#3549,#3932,#3934,.T.);
#3932 = VERTEX_POINT('',#3933);
#3933 = CARTESIAN_POINT('',(-0.16,0.16,-3.));
#3934 = LINE('',#3935,#3936);
#3935 = CARTESIAN_POINT('',(-0.16,0.16,-3.));
#3936 = VECTOR('',#3937,1.);
#3937 = DIRECTION('',(0.57735026919,-0.57735026919,-0.57735026919));
#3938 = ORIENTED_EDGE('',*,*,#3548,.T.);
#3939 = ORIENTED_EDGE('',*,*,#3909,.T.);
#3940 = ORIENTED_EDGE('',*,*,#3941,.F.);
#3941 = EDGE_CURVE('',#3932,#3910,#3942,.T.);
#3942 = LINE('',#3943,#3944);
#3943 = CARTESIAN_POINT('',(-0.32,0.16,-3.));
#3944 = VECTOR('',#3945,1.);
#3945 = DIRECTION('',(1.,0.,0.));
#3946 = PLANE('',#3947);
#3947 = AXIS2_PLACEMENT_3D('',#3948,#3949,#3950);
#3948 = CARTESIAN_POINT('',(-0.32,0.24,-2.92));
#3949 = DIRECTION('',(-1.735167508357E-18,-0.707106781187,0.707106781187
    ));
#3950 = DIRECTION('',(-1.,1.226948711654E-18,-1.226948711654E-18));
#3951 = ADVANCED_FACE('',(#3952),#3963,.T.);
#3952 = FACE_BOUND('',#3953,.T.);
#3953 = EDGE_LOOP('',(#3954,#3955,#3956,#3957));
#3954 = ORIENTED_EDGE('',*,*,#3876,.F.);
#3955 = ORIENTED_EDGE('',*,*,#3572,.T.);
#3956 = ORIENTED_EDGE('',*,*,#3931,.T.);
#3957 = ORIENTED_EDGE('',*,*,#3958,.F.);
#3958 = EDGE_CURVE('',#3877,#3932,#3959,.T.);
#3959 = LINE('',#3960,#3961);
#3960 = CARTESIAN_POINT('',(-0.16,-0.32,-3.));
#3961 = VECTOR('',#3962,1.);
#3962 = DIRECTION('',(0.,1.,0.));
#3963 = PLANE('',#3964);
#3964 = AXIS2_PLACEMENT_3D('',#3965,#3966,#3967);
#3965 = CARTESIAN_POINT('',(-0.24,-0.32,-2.92));
#3966 = DIRECTION('',(-0.707106781187,-1.735167508357E-18,
    -0.707106781187));
#3967 = DIRECTION('',(-1.226948711654E-18,1.,-1.226948711654E-18));
#3968 = ADVANCED_FACE('',(#3969),#3994,.T.);
#3969 = FACE_BOUND('',#3970,.F.);
#3970 = EDGE_LOOP('',(#3971,#3979,#3980,#3988));
#3971 = ORIENTED_EDGE('',*,*,#3972,.F.);
#3972 = EDGE_CURVE('',#3597,#3973,#3975,.T.);
#3973 = VERTEX_POINT('',#3974);
#3974 = CARTESIAN_POINT('',(-0.16,-2.7,-3.));
#3975 = LINE('',#3976,#3977);
#3976 = CARTESIAN_POINT('',(-0.266666666667,-2.806666666667,
    -2.893333333333));
#3977 = VECTOR('',#3978,1.);
#3978 = DIRECTION('',(0.57735026919,0.57735026919,-0.57735026919));
#3979 = ORIENTED_EDGE('',*,*,#3596,.T.);
#3980 = ORIENTED_EDGE('',*,*,#3981,.T.);
#3981 = EDGE_CURVE('',#3589,#3982,#3984,.T.);
#3982 = VERTEX_POINT('',#3983);
#3983 = CARTESIAN_POINT('',(0.16,-2.7,-3.));
#3984 = LINE('',#3985,#3986);
#3985 = CARTESIAN_POINT('',(0.16,-2.7,-3.));
#3986 = VECTOR('',#3987,1.);
#3987 = DIRECTION('',(-0.57735026919,0.57735026919,-0.57735026919));
#3988 = ORIENTED_EDGE('',*,*,#3989,.F.);
#3989 = EDGE_CURVE('',#3973,#3982,#3990,.T.);
#3990 = LINE('',#3991,#3992);
#3991 = CARTESIAN_POINT('',(-0.32,-2.7,-3.));
#3992 = VECTOR('',#3993,1.);
#3993 = DIRECTION('',(1.,0.,0.));
#3994 = PLANE('',#3995);
#3995 = AXIS2_PLACEMENT_3D('',#3996,#3997,#3998);
#3996 = CARTESIAN_POINT('',(-0.32,-2.78,-2.92));
#3997 = DIRECTION('',(1.735167508357E-18,-0.707106781187,-0.707106781187
    ));
#3998 = DIRECTION('',(-1.,-1.226948711654E-18,-1.226948711654E-18));
#3999 = ADVANCED_FACE('',(#4000),#4018,.F.);
#4000 = FACE_BOUND('',#4001,.F.);
#4001 = EDGE_LOOP('',(#4002,#4003,#4004,#4012));
#4002 = ORIENTED_EDGE('',*,*,#3981,.F.);
#4003 = ORIENTED_EDGE('',*,*,#3620,.T.);
#4004 = ORIENTED_EDGE('',*,*,#4005,.T.);
#4005 = EDGE_CURVE('',#3621,#4006,#4008,.T.);
#4006 = VERTEX_POINT('',#4007);
#4007 = CARTESIAN_POINT('',(0.16,-2.38,-3.));
#4008 = LINE('',#4009,#4010);
#4009 = CARTESIAN_POINT('',(5.333333333333E-02,-2.486666666667,
    -3.106666666667));
#4010 = VECTOR('',#4011,1.);
#4011 = DIRECTION('',(-0.57735026919,-0.57735026919,-0.57735026919));
#4012 = ORIENTED_EDGE('',*,*,#4013,.F.);
#4013 = EDGE_CURVE('',#3982,#4006,#4014,.T.);
#4014 = LINE('',#4015,#4016);
#4015 = CARTESIAN_POINT('',(0.16,-2.86,-3.));
#4016 = VECTOR('',#4017,1.);
#4017 = DIRECTION('',(0.,1.,0.));
#4018 = PLANE('',#4019);
#4019 = AXIS2_PLACEMENT_3D('',#4020,#4021,#4022);
#4020 = CARTESIAN_POINT('',(0.24,-2.86,-2.92));
#4021 = DIRECTION('',(-0.707106781187,1.735167508357E-18,0.707106781187)
  );
#4022 = DIRECTION('',(1.226948711654E-18,1.,-1.226948711654E-18));
#4023 = ADVANCED_FACE('',(#4024),#4042,.F.);
#4024 = FACE_BOUND('',#4025,.T.);
#4025 = EDGE_LOOP('',(#4026,#4034,#4035,#4036));
#4026 = ORIENTED_EDGE('',*,*,#4027,.F.);
#4027 = EDGE_CURVE('',#3645,#4028,#4030,.T.);
#4028 = VERTEX_POINT('',#4029);
#4029 = CARTESIAN_POINT('',(-0.16,-2.38,-3.));
#4030 = LINE('',#4031,#4032);
#4031 = CARTESIAN_POINT('',(-0.16,-2.38,-3.));
#4032 = VECTOR('',#4033,1.);
#4033 = DIRECTION('',(0.57735026919,-0.57735026919,-0.57735026919));
#4034 = ORIENTED_EDGE('',*,*,#3644,.T.);
#4035 = ORIENTED_EDGE('',*,*,#4005,.T.);
#4036 = ORIENTED_EDGE('',*,*,#4037,.F.);
#4037 = EDGE_CURVE('',#4028,#4006,#4038,.T.);
#4038 = LINE('',#4039,#4040);
#4039 = CARTESIAN_POINT('',(-0.32,-2.38,-3.));
#4040 = VECTOR('',#4041,1.);
#4041 = DIRECTION('',(1.,0.,0.));
#4042 = PLANE('',#4043);
#4043 = AXIS2_PLACEMENT_3D('',#4044,#4045,#4046);
#4044 = CARTESIAN_POINT('',(-0.32,-2.3,-2.92));
#4045 = DIRECTION('',(-1.735167508357E-18,-0.707106781187,0.707106781187
    ));
#4046 = DIRECTION('',(-1.,1.226948711654E-18,-1.226948711654E-18));
#4047 = ADVANCED_FACE('',(#4048),#4059,.T.);
#4048 = FACE_BOUND('',#4049,.T.);
#4049 = EDGE_LOOP('',(#4050,#4051,#4052,#4053));
#4050 = ORIENTED_EDGE('',*,*,#3972,.F.);
#4051 = ORIENTED_EDGE('',*,*,#3668,.T.);
#4052 = ORIENTED_EDGE('',*,*,#4027,.T.);
#4053 = ORIENTED_EDGE('',*,*,#4054,.F.);
#4054 = EDGE_CURVE('',#3973,#4028,#4055,.T.);
#4055 = LINE('',#4056,#4057);
#4056 = CARTESIAN_POINT('',(-0.16,-2.86,-3.));
#4057 = VECTOR('',#4058,1.);
#4058 = DIRECTION('',(0.,1.,0.));
#4059 = PLANE('',#4060);
#4060 = AXIS2_PLACEMENT_3D('',#4061,#4062,#4063);
#4061 = CARTESIAN_POINT('',(-0.24,-2.86,-2.92));
#4062 = DIRECTION('',(-0.707106781187,-1.735167508357E-18,
    -0.707106781187));
#4063 = DIRECTION('',(-1.226948711654E-18,1.,-1.226948711654E-18));
#4064 = ADVANCED_FACE('',(#4065),#4090,.F.);
#4065 = FACE_BOUND('',#4066,.T.);
#4066 = EDGE_LOOP('',(#4067,#4075,#4076,#4084));
#4067 = ORIENTED_EDGE('',*,*,#4068,.F.);
#4068 = EDGE_CURVE('',#3694,#4069,#4071,.T.);
#4069 = VERTEX_POINT('',#4070);
#4070 = CARTESIAN_POINT('',(-0.16,-0.16,8.54));
#4071 = LINE('',#4072,#4073);
#4072 = CARTESIAN_POINT('',(-0.266666666667,-0.266666666667,
    8.433333333333));
#4073 = VECTOR('',#4074,1.);
#4074 = DIRECTION('',(0.57735026919,0.57735026919,0.57735026919));
#4075 = ORIENTED_EDGE('',*,*,#3701,.T.);
#4076 = ORIENTED_EDGE('',*,*,#4077,.T.);
#4077 = EDGE_CURVE('',#3685,#4078,#4080,.T.);
#4078 = VERTEX_POINT('',#4079);
#4079 = CARTESIAN_POINT('',(0.16,-0.16,8.54));
#4080 = LINE('',#4081,#4082);
#4081 = CARTESIAN_POINT('',(0.16,-0.16,8.54));
#4082 = VECTOR('',#4083,1.);
#4083 = DIRECTION('',(-0.57735026919,0.57735026919,0.57735026919));
#4084 = ORIENTED_EDGE('',*,*,#4085,.F.);
#4085 = EDGE_CURVE('',#4069,#4078,#4086,.T.);
#4086 = LINE('',#4087,#4088);
#4087 = CARTESIAN_POINT('',(-0.32,-0.16,8.54));
#4088 = VECTOR('',#4089,1.);
#4089 = DIRECTION('',(1.,0.,0.));
#4090 = PLANE('',#4091);
#4091 = AXIS2_PLACEMENT_3D('',#4092,#4093,#4094);
#4092 = CARTESIAN_POINT('',(-0.32,-0.24,8.46));
#4093 = DIRECTION('',(-1.735167508357E-18,0.707106781187,-0.707106781187
    ));
#4094 = DIRECTION('',(-1.,-1.226948711654E-18,1.226948711654E-18));
#4095 = ADVANCED_FACE('',(#4096),#4114,.T.);
#4096 = FACE_BOUND('',#4097,.T.);
#4097 = EDGE_LOOP('',(#4098,#4099,#4100,#4108));
#4098 = ORIENTED_EDGE('',*,*,#4077,.F.);
#4099 = ORIENTED_EDGE('',*,*,#3725,.T.);
#4100 = ORIENTED_EDGE('',*,*,#4101,.T.);
#4101 = EDGE_CURVE('',#3718,#4102,#4104,.T.);
#4102 = VERTEX_POINT('',#4103);
#4103 = CARTESIAN_POINT('',(0.16,0.16,8.54));
#4104 = LINE('',#4105,#4106);
#4105 = CARTESIAN_POINT('',(5.333333333333E-02,5.333333333333E-02,
    8.646666666667));
#4106 = VECTOR('',#4107,1.);
#4107 = DIRECTION('',(-0.57735026919,-0.57735026919,0.57735026919));
#4108 = ORIENTED_EDGE('',*,*,#4109,.F.);
#4109 = EDGE_CURVE('',#4078,#4102,#4110,.T.);
#4110 = LINE('',#4111,#4112);
#4111 = CARTESIAN_POINT('',(0.16,-0.32,8.54));
#4112 = VECTOR('',#4113,1.);
#4113 = DIRECTION('',(0.,1.,0.));
#4114 = PLANE('',#4115);
#4115 = AXIS2_PLACEMENT_3D('',#4116,#4117,#4118);
#4116 = CARTESIAN_POINT('',(0.24,-0.32,8.46));
#4117 = DIRECTION('',(0.707106781187,-1.735167508357E-18,0.707106781187)
  );
#4118 = DIRECTION('',(1.226948711654E-18,1.,1.226948711654E-18));
#4119 = ADVANCED_FACE('',(#4120),#4138,.T.);
#4120 = FACE_BOUND('',#4121,.F.);
#4121 = EDGE_LOOP('',(#4122,#4130,#4131,#4132));
#4122 = ORIENTED_EDGE('',*,*,#4123,.F.);
#4123 = EDGE_CURVE('',#3742,#4124,#4126,.T.);
#4124 = VERTEX_POINT('',#4125);
#4125 = CARTESIAN_POINT('',(-0.16,0.16,8.54));
#4126 = LINE('',#4127,#4128);
#4127 = CARTESIAN_POINT('',(-0.16,0.16,8.54));
#4128 = VECTOR('',#4129,1.);
#4129 = DIRECTION('',(0.57735026919,-0.57735026919,0.57735026919));
#4130 = ORIENTED_EDGE('',*,*,#3749,.T.);
#4131 = ORIENTED_EDGE('',*,*,#4101,.T.);
#4132 = ORIENTED_EDGE('',*,*,#4133,.F.);
#4133 = EDGE_CURVE('',#4124,#4102,#4134,.T.);
#4134 = LINE('',#4135,#4136);
#4135 = CARTESIAN_POINT('',(-0.32,0.16,8.54));
#4136 = VECTOR('',#4137,1.);
#4137 = DIRECTION('',(1.,0.,0.));
#4138 = PLANE('',#4139);
#4139 = AXIS2_PLACEMENT_3D('',#4140,#4141,#4142);
#4140 = CARTESIAN_POINT('',(-0.32,0.24,8.46));
#4141 = DIRECTION('',(1.735167508357E-18,0.707106781187,0.707106781187)
  );
#4142 = DIRECTION('',(-1.,1.226948711654E-18,1.226948711654E-18));
#4143 = ADVANCED_FACE('',(#4144),#4155,.F.);
#4144 = FACE_BOUND('',#4145,.F.);
#4145 = EDGE_LOOP('',(#4146,#4147,#4148,#4149));
#4146 = ORIENTED_EDGE('',*,*,#4068,.F.);
#4147 = ORIENTED_EDGE('',*,*,#3766,.T.);
#4148 = ORIENTED_EDGE('',*,*,#4123,.T.);
#4149 = ORIENTED_EDGE('',*,*,#4150,.F.);
#4150 = EDGE_CURVE('',#4069,#4124,#4151,.T.);
#4151 = LINE('',#4152,#4153);
#4152 = CARTESIAN_POINT('',(-0.16,-0.32,8.54));
#4153 = VECTOR('',#4154,1.);
#4154 = DIRECTION('',(0.,1.,0.));
#4155 = PLANE('',#4156);
#4156 = AXIS2_PLACEMENT_3D('',#4157,#4158,#4159);
#4157 = CARTESIAN_POINT('',(-0.24,-0.32,8.46));
#4158 = DIRECTION('',(0.707106781187,1.735167508357E-18,-0.707106781187)
  );
#4159 = DIRECTION('',(-1.226948711654E-18,1.,1.226948711654E-18));
#4160 = ADVANCED_FACE('',(#4161),#4186,.F.);
#4161 = FACE_BOUND('',#4162,.T.);
#4162 = EDGE_LOOP('',(#4163,#4171,#4172,#4180));
#4163 = ORIENTED_EDGE('',*,*,#4164,.F.);
#4164 = EDGE_CURVE('',#3790,#4165,#4167,.T.);
#4165 = VERTEX_POINT('',#4166);
#4166 = CARTESIAN_POINT('',(-0.16,-2.7,8.54));
#4167 = LINE('',#4168,#4169);
#4168 = CARTESIAN_POINT('',(-0.266666666667,-2.806666666667,
    8.433333333333));
#4169 = VECTOR('',#4170,1.);
#4170 = DIRECTION('',(0.57735026919,0.57735026919,0.57735026919));
#4171 = ORIENTED_EDGE('',*,*,#3797,.T.);
#4172 = ORIENTED_EDGE('',*,*,#4173,.T.);
#4173 = EDGE_CURVE('',#3781,#4174,#4176,.T.);
#4174 = VERTEX_POINT('',#4175);
#4175 = CARTESIAN_POINT('',(0.16,-2.7,8.54));
#4176 = LINE('',#4177,#4178);
#4177 = CARTESIAN_POINT('',(0.16,-2.7,8.54));
#4178 = VECTOR('',#4179,1.);
#4179 = DIRECTION('',(-0.57735026919,0.57735026919,0.57735026919));
#4180 = ORIENTED_EDGE('',*,*,#4181,.F.);
#4181 = EDGE_CURVE('',#4165,#4174,#4182,.T.);
#4182 = LINE('',#4183,#4184);
#4183 = CARTESIAN_POINT('',(-0.32,-2.7,8.54));
#4184 = VECTOR('',#4185,1.);
#4185 = DIRECTION('',(1.,0.,0.));
#4186 = PLANE('',#4187);
#4187 = AXIS2_PLACEMENT_3D('',#4188,#4189,#4190);
#4188 = CARTESIAN_POINT('',(-0.32,-2.78,8.46));
#4189 = DIRECTION('',(-1.735167508357E-18,0.707106781187,-0.707106781187
    ));
#4190 = DIRECTION('',(-1.,-1.226948711654E-18,1.226948711654E-18));
#4191 = ADVANCED_FACE('',(#4192),#4210,.T.);
#4192 = FACE_BOUND('',#4193,.T.);
#4193 = EDGE_LOOP('',(#4194,#4195,#4196,#4204));
#4194 = ORIENTED_EDGE('',*,*,#4173,.F.);
#4195 = ORIENTED_EDGE('',*,*,#3821,.T.);
#4196 = ORIENTED_EDGE('',*,*,#4197,.T.);
#4197 = EDGE_CURVE('',#3814,#4198,#4200,.T.);
#4198 = VERTEX_POINT('',#4199);
#4199 = CARTESIAN_POINT('',(0.16,-2.38,8.54));
#4200 = LINE('',#4201,#4202);
#4201 = CARTESIAN_POINT('',(5.333333333333E-02,-2.486666666667,
    8.646666666667));
#4202 = VECTOR('',#4203,1.);
#4203 = DIRECTION('',(-0.57735026919,-0.57735026919,0.57735026919));
#4204 = ORIENTED_EDGE('',*,*,#4205,.F.);
#4205 = EDGE_CURVE('',#4174,#4198,#4206,.T.);
#4206 = LINE('',#4207,#4208);
#4207 = CARTESIAN_POINT('',(0.16,-2.86,8.54));
#4208 = VECTOR('',#4209,1.);
#4209 = DIRECTION('',(0.,1.,0.));
#4210 = PLANE('',#4211);
#4211 = AXIS2_PLACEMENT_3D('',#4212,#4213,#4214);
#4212 = CARTESIAN_POINT('',(0.24,-2.86,8.46));
#4213 = DIRECTION('',(0.707106781187,-1.735167508357E-18,0.707106781187)
  );
#4214 = DIRECTION('',(1.226948711654E-18,1.,1.226948711654E-18));
#4215 = ADVANCED_FACE('',(#4216),#4234,.T.);
#4216 = FACE_BOUND('',#4217,.F.);
#4217 = EDGE_LOOP('',(#4218,#4226,#4227,#4228));
#4218 = ORIENTED_EDGE('',*,*,#4219,.F.);
#4219 = EDGE_CURVE('',#3838,#4220,#4222,.T.);
#4220 = VERTEX_POINT('',#4221);
#4221 = CARTESIAN_POINT('',(-0.16,-2.38,8.54));
#4222 = LINE('',#4223,#4224);
#4223 = CARTESIAN_POINT('',(-0.16,-2.38,8.54));
#4224 = VECTOR('',#4225,1.);
#4225 = DIRECTION('',(0.57735026919,-0.57735026919,0.57735026919));
#4226 = ORIENTED_EDGE('',*,*,#3845,.T.);
#4227 = ORIENTED_EDGE('',*,*,#4197,.T.);
#4228 = ORIENTED_EDGE('',*,*,#4229,.F.);
#4229 = EDGE_CURVE('',#4220,#4198,#4230,.T.);
#4230 = LINE('',#4231,#4232);
#4231 = CARTESIAN_POINT('',(-0.32,-2.38,8.54));
#4232 = VECTOR('',#4233,1.);
#4233 = DIRECTION('',(1.,0.,0.));
#4234 = PLANE('',#4235);
#4235 = AXIS2_PLACEMENT_3D('',#4236,#4237,#4238);
#4236 = CARTESIAN_POINT('',(-0.32,-2.3,8.46));
#4237 = DIRECTION('',(1.735167508357E-18,0.707106781187,0.707106781187)
  );
#4238 = DIRECTION('',(-1.,1.226948711654E-18,1.226948711654E-18));
#4239 = ADVANCED_FACE('',(#4240),#4251,.F.);
#4240 = FACE_BOUND('',#4241,.F.);
#4241 = EDGE_LOOP('',(#4242,#4243,#4244,#4245));
#4242 = ORIENTED_EDGE('',*,*,#4164,.F.);
#4243 = ORIENTED_EDGE('',*,*,#3862,.T.);
#4244 = ORIENTED_EDGE('',*,*,#4219,.T.);
#4245 = ORIENTED_EDGE('',*,*,#4246,.F.);
#4246 = EDGE_CURVE('',#4165,#4220,#4247,.T.);
#4247 = LINE('',#4248,#4249);
#4248 = CARTESIAN_POINT('',(-0.16,-2.86,8.54));
#4249 = VECTOR('',#4250,1.);
#4250 = DIRECTION('',(0.,1.,0.));
#4251 = PLANE('',#4252);
#4252 = AXIS2_PLACEMENT_3D('',#4253,#4254,#4255);
#4253 = CARTESIAN_POINT('',(-0.24,-2.86,8.46));
#4254 = DIRECTION('',(0.707106781187,1.735167508357E-18,-0.707106781187)
  );
#4255 = DIRECTION('',(-1.226948711654E-18,1.,1.226948711654E-18));
#4256 = ADVANCED_FACE('',(#4257),#4263,.F.);
#4257 = FACE_BOUND('',#4258,.F.);
#4258 = EDGE_LOOP('',(#4259,#4260,#4261,#4262));
#4259 = ORIENTED_EDGE('',*,*,#3958,.F.);
#4260 = ORIENTED_EDGE('',*,*,#3893,.T.);
#4261 = ORIENTED_EDGE('',*,*,#3917,.T.);
#4262 = ORIENTED_EDGE('',*,*,#3941,.F.);
#4263 = PLANE('',#4264);
#4264 = AXIS2_PLACEMENT_3D('',#4265,#4266,#4267);
#4265 = CARTESIAN_POINT('',(-0.32,-0.32,-3.));
#4266 = DIRECTION('',(0.,0.,1.));
#4267 = DIRECTION('',(1.,0.,-0.));
#4268 = ADVANCED_FACE('',(#4269),#4275,.F.);
#4269 = FACE_BOUND('',#4270,.F.);
#4270 = EDGE_LOOP('',(#4271,#4272,#4273,#4274));
#4271 = ORIENTED_EDGE('',*,*,#4054,.F.);
#4272 = ORIENTED_EDGE('',*,*,#3989,.T.);
#4273 = ORIENTED_EDGE('',*,*,#4013,.T.);
#4274 = ORIENTED_EDGE('',*,*,#4037,.F.);
#4275 = PLANE('',#4276);
#4276 = AXIS2_PLACEMENT_3D('',#4277,#4278,#4279);
#4277 = CARTESIAN_POINT('',(-0.32,-2.86,-3.));
#4278 = DIRECTION('',(0.,0.,1.));
#4279 = DIRECTION('',(1.,0.,-0.));
#4280 = ADVANCED_FACE('',(#4281),#4287,.T.);
#4281 = FACE_BOUND('',#4282,.T.);
#4282 = EDGE_LOOP('',(#4283,#4284,#4285,#4286));
#4283 = ORIENTED_EDGE('',*,*,#4133,.F.);
#4284 = ORIENTED_EDGE('',*,*,#4150,.F.);
#4285 = ORIENTED_EDGE('',*,*,#4085,.T.);
#4286 = ORIENTED_EDGE('',*,*,#4109,.T.);
#4287 = PLANE('',#4288);
#4288 = AXIS2_PLACEMENT_3D('',#4289,#4290,#4291);
#4289 = CARTESIAN_POINT('',(-0.32,-0.32,8.54));
#4290 = DIRECTION('',(0.,0.,1.));
#4291 = DIRECTION('',(1.,0.,-0.));
#4292 = ADVANCED_FACE('',(#4293),#4299,.T.);
#4293 = FACE_BOUND('',#4294,.T.);
#4294 = EDGE_LOOP('',(#4295,#4296,#4297,#4298));
#4295 = ORIENTED_EDGE('',*,*,#4229,.F.);
#4296 = ORIENTED_EDGE('',*,*,#4246,.F.);
#4297 = ORIENTED_EDGE('',*,*,#4181,.T.);
#4298 = ORIENTED_EDGE('',*,*,#4205,.T.);
#4299 = PLANE('',#4300);
#4300 = AXIS2_PLACEMENT_3D('',#4301,#4302,#4303);
#4301 = CARTESIAN_POINT('',(-0.32,-2.86,8.54));
#4302 = DIRECTION('',(0.,0.,1.));
#4303 = DIRECTION('',(1.,0.,-0.));
#4304 = ( GEOMETRIC_REPRESENTATION_CONTEXT(3) 
GLOBAL_UNCERTAINTY_ASSIGNED_CONTEXT((#4308)) 
GLOBAL_UNIT_ASSIGNED_CONTEXT((#4305,#4306,#4307)) REPRESENTATION_CONTEXT
('Context #1','3D Context with UNIT and UNCERTAINTY') );
#4305 = ( LENGTH_UNIT() NAMED_UNIT(*) SI_UNIT(.MILLI.,.METRE.) );
#4306 = ( NAMED_UNIT(*) PLANE_ANGLE_UNIT() SI_UNIT($,.RADIAN.) );
#4307 = ( NAMED_UNIT(*) SI_UNIT($,.STERADIAN.) SOLID_ANGLE_UNIT() );
#4308 = UNCERTAINTY_MEASURE_WITH_UNIT(LENGTH_MEASURE(1.E-07),#4305,
  'distance_accuracy_value','confusion accuracy');
#4309 = CONTEXT_DEPENDENT_SHAPE_REPRESENTATION(#4310,#4312);
#4310 = ( REPRESENTATION_RELATIONSHIP('','',#2871,#10) 
REPRESENTATION_RELATIONSHIP_WITH_TRANSFORMATION(#4311) 
SHAPE_REPRESENTATION_RELATIONSHIP() );
#4311 = ITEM_DEFINED_TRANSFORMATION('','',#11,#19);
#4312 = PRODUCT_DEFINITION_SHAPE('Placement','Placement of an item',
  #4313);
#4313 = NEXT_ASSEMBLY_USAGE_OCCURRENCE('2','J8','',#5,#2866,$);
#4314 = PRODUCT_RELATED_PRODUCT_CATEGORY('part',$,(#2868));
#4315 = CONTEXT_DEPENDENT_SHAPE_REPRESENTATION(#4316,#4318);
#4316 = ( REPRESENTATION_RELATIONSHIP('','',#2871,#10) 
REPRESENTATION_RELATIONSHIP_WITH_TRANSFORMATION(#4317) 
SHAPE_REPRESENTATION_RELATIONSHIP() );
#4317 = ITEM_DEFINED_TRANSFORMATION('','',#11,#23);
#4318 = PRODUCT_DEFINITION_SHAPE('Placement','Placement of an item',
  #4319);
#4319 = NEXT_ASSEMBLY_USAGE_OCCURRENCE('3','J4','',#5,#2866,$);
#4320 = SHAPE_DEFINITION_REPRESENTATION(#4321,#4327);
#4321 = PRODUCT_DEFINITION_SHAPE('','',#4322);
#4322 = PRODUCT_DEFINITION('design','',#4323,#4326);
#4323 = PRODUCT_DEFINITION_FORMATION('','',#4324);
#4324 = PRODUCT('R_Axial_DIN0309_L9.0mm_D3.2mm_P2.54mm_Vertical',
  'R_Axial_DIN0309_L9.0mm_D3.2mm_P2.54mm_Vertical','',(#4325));
#4325 = PRODUCT_CONTEXT('',#2,'mechanical');
#4326 = PRODUCT_DEFINITION_CONTEXT('part definition',#2,'design');
#4327 = ADVANCED_BREP_SHAPE_REPRESENTATION('',(#11,#4328),#4715);
#4328 = MANIFOLD_SOLID_BREP('',#4329);
#4329 = CLOSED_SHELL('',(#4330,#4363,#4389,#4409,#4429,#4454,#4479,#4499
    ,#4508,#4533,#4559,#4579,#4604,#4630,#4655,#4681,#4706));
#4330 = ADVANCED_FACE('',(#4331),#4358,.T.);
#4331 = FACE_BOUND('',#4332,.T.);
#4332 = EDGE_LOOP('',(#4333,#4342,#4350,#4357));
#4333 = ORIENTED_EDGE('',*,*,#4334,.T.);
#4334 = EDGE_CURVE('',#4335,#4335,#4337,.T.);
#4335 = VERTEX_POINT('',#4336);
#4336 = CARTESIAN_POINT('',(1.6,0.,1.8));
#4337 = CIRCLE('',#4338,1.6);
#4338 = AXIS2_PLACEMENT_3D('',#4339,#4340,#4341);
#4339 = CARTESIAN_POINT('',(0.,0.,1.8));
#4340 = DIRECTION('',(0.,0.,1.));
#4341 = DIRECTION('',(1.,0.,-0.));
#4342 = ORIENTED_EDGE('',*,*,#4343,.T.);
#4343 = EDGE_CURVE('',#4335,#4344,#4346,.T.);
#4344 = VERTEX_POINT('',#4345);
#4345 = CARTESIAN_POINT('',(1.6,0.,3.25));
#4346 = LINE('',#4347,#4348);
#4347 = CARTESIAN_POINT('',(1.6,0.,1.));
#4348 = VECTOR('',#4349,1.);
#4349 = DIRECTION('',(0.,0.,1.));
#4350 = ORIENTED_EDGE('',*,*,#4351,.F.);
#4351 = EDGE_CURVE('',#4344,#4344,#4352,.T.);
#4352 = CIRCLE('',#4353,1.6);
#4353 = AXIS2_PLACEMENT_3D('',#4354,#4355,#4356);
#4354 = CARTESIAN_POINT('',(0.,0.,3.25));
#4355 = DIRECTION('',(0.,0.,1.));
#4356 = DIRECTION('',(1.,0.,-0.));
#4357 = ORIENTED_EDGE('',*,*,#4343,.F.);
#4358 = CYLINDRICAL_SURFACE('',#4359,1.6);
#4359 = AXIS2_PLACEMENT_3D('',#4360,#4361,#4362);
#4360 = CARTESIAN_POINT('',(0.,0.,1.));
#4361 = DIRECTION('',(-0.,-0.,-1.));
#4362 = DIRECTION('',(1.,0.,0.));
#4363 = ADVANCED_FACE('',(#4364),#4384,.T.);
#4364 = FACE_BOUND('',#4365,.T.);
#4365 = EDGE_LOOP('',(#4366,#4375,#4382,#4383));
#4366 = ORIENTED_EDGE('',*,*,#4367,.T.);
#4367 = EDGE_CURVE('',#4368,#4368,#4370,.T.);
#4368 = VERTEX_POINT('',#4369);
#4369 = CARTESIAN_POINT('',(0.8,0.,1.));
#4370 = CIRCLE('',#4371,0.8);
#4371 = AXIS2_PLACEMENT_3D('',#4372,#4373,#4374);
#4372 = CARTESIAN_POINT('',(0.,0.,1.));
#4373 = DIRECTION('',(0.,0.,1.));
#4374 = DIRECTION('',(1.,0.,-0.));
#4375 = ORIENTED_EDGE('',*,*,#4376,.F.);
#4376 = EDGE_CURVE('',#4335,#4368,#4377,.T.);
#4377 = CIRCLE('',#4378,0.8);
#4378 = AXIS2_PLACEMENT_3D('',#4379,#4380,#4381);
#4379 = CARTESIAN_POINT('',(0.8,0.,1.8));
#4380 = DIRECTION('',(-0.,1.,0.));
#4381 = DIRECTION('',(1.,0.,0.));
#4382 = ORIENTED_EDGE('',*,*,#4334,.F.);
#4383 = ORIENTED_EDGE('',*,*,#4376,.T.);
#4384 = TOROIDAL_SURFACE('',#4385,0.8,0.8);
#4385 = AXIS2_PLACEMENT_3D('',#4386,#4387,#4388);
#4386 = CARTESIAN_POINT('',(0.,0.,1.8));
#4387 = DIRECTION('',(0.,0.,-1.));
#4388 = DIRECTION('',(1.,0.,0.));
#4389 = ADVANCED_FACE('',(#4390,#4393),#4404,.F.);
#4390 = FACE_BOUND('',#4391,.F.);
#4391 = EDGE_LOOP('',(#4392));
#4392 = ORIENTED_EDGE('',*,*,#4351,.F.);
#4393 = FACE_BOUND('',#4394,.F.);
#4394 = EDGE_LOOP('',(#4395));
#4395 = ORIENTED_EDGE('',*,*,#4396,.F.);
#4396 = EDGE_CURVE('',#4397,#4397,#4399,.T.);
#4397 = VERTEX_POINT('',#4398);
#4398 = CARTESIAN_POINT('',(1.44,0.,3.25));
#4399 = CIRCLE('',#4400,1.44);
#4400 = AXIS2_PLACEMENT_3D('',#4401,#4402,#4403);
#4401 = CARTESIAN_POINT('',(0.,0.,3.25));
#4402 = DIRECTION('',(0.,0.,-1.));
#4403 = DIRECTION('',(1.,0.,0.));
#4404 = PLANE('',#4405);
#4405 = AXIS2_PLACEMENT_3D('',#4406,#4407,#4408);
#4406 = CARTESIAN_POINT('',(1.6,0.,3.25));
#4407 = DIRECTION('',(0.,0.,-1.));
#4408 = DIRECTION('',(-1.,0.,0.));
#4409 = ADVANCED_FACE('',(#4410,#4413),#4424,.T.);
#4410 = FACE_BOUND('',#4411,.T.);
#4411 = EDGE_LOOP('',(#4412));
#4412 = ORIENTED_EDGE('',*,*,#4367,.F.);
#4413 = FACE_BOUND('',#4414,.T.);
#4414 = EDGE_LOOP('',(#4415));
#4415 = ORIENTED_EDGE('',*,*,#4416,.T.);
#4416 = EDGE_CURVE('',#4417,#4417,#4419,.T.);
#4417 = VERTEX_POINT('',#4418);
#4418 = CARTESIAN_POINT('',(0.35,0.,1.));
#4419 = CIRCLE('',#4420,0.35);
#4420 = AXIS2_PLACEMENT_3D('',#4421,#4422,#4423);
#4421 = CARTESIAN_POINT('',(0.,0.,1.));
#4422 = DIRECTION('',(0.,0.,1.));
#4423 = DIRECTION('',(1.,0.,-0.));
#4424 = PLANE('',#4425);
#4425 = AXIS2_PLACEMENT_3D('',#4426,#4427,#4428);
#4426 = CARTESIAN_POINT('',(1.6,0.,1.));
#4427 = DIRECTION('',(0.,0.,-1.));
#4428 = DIRECTION('',(-1.,0.,0.));
#4429 = ADVANCED_FACE('',(#4430),#4449,.T.);
#4430 = FACE_BOUND('',#4431,.T.);
#4431 = EDGE_LOOP('',(#4432,#4441,#4447,#4448));
#4432 = ORIENTED_EDGE('',*,*,#4433,.T.);
#4433 = EDGE_CURVE('',#4434,#4434,#4436,.T.);
#4434 = VERTEX_POINT('',#4435);
#4435 = CARTESIAN_POINT('',(1.44,0.,7.75));
#4436 = CIRCLE('',#4437,1.44);
#4437 = AXIS2_PLACEMENT_3D('',#4438,#4439,#4440);
#4438 = CARTESIAN_POINT('',(0.,0.,7.75));
#4439 = DIRECTION('',(0.,0.,-1.));
#4440 = DIRECTION('',(1.,0.,0.));
#4441 = ORIENTED_EDGE('',*,*,#4442,.F.);
#4442 = EDGE_CURVE('',#4397,#4434,#4443,.T.);
#4443 = LINE('',#4444,#4445);
#4444 = CARTESIAN_POINT('',(1.44,0.,1.));
#4445 = VECTOR('',#4446,1.);
#4446 = DIRECTION('',(0.,0.,1.));
#4447 = ORIENTED_EDGE('',*,*,#4396,.F.);
#4448 = ORIENTED_EDGE('',*,*,#4442,.T.);
#4449 = CYLINDRICAL_SURFACE('',#4450,1.44);
#4450 = AXIS2_PLACEMENT_3D('',#4451,#4452,#4453);
#4451 = CARTESIAN_POINT('',(0.,0.,1.));
#4452 = DIRECTION('',(-0.,-0.,-1.));
#4453 = DIRECTION('',(1.,0.,0.));
#4454 = ADVANCED_FACE('',(#4455),#4474,.T.);
#4455 = FACE_BOUND('',#4456,.T.);
#4456 = EDGE_LOOP('',(#4457,#4466,#4472,#4473));
#4457 = ORIENTED_EDGE('',*,*,#4458,.T.);
#4458 = EDGE_CURVE('',#4459,#4459,#4461,.T.);
#4459 = VERTEX_POINT('',#4460);
#4460 = CARTESIAN_POINT('',(0.35,-8.572527594031E-17,-3.));
#4461 = CIRCLE('',#4462,0.35);
#4462 = AXIS2_PLACEMENT_3D('',#4463,#4464,#4465);
#4463 = CARTESIAN_POINT('',(0.,0.,-3.));
#4464 = DIRECTION('',(0.,0.,1.));
#4465 = DIRECTION('',(1.,0.,-0.));
#4466 = ORIENTED_EDGE('',*,*,#4467,.T.);
#4467 = EDGE_CURVE('',#4459,#4417,#4468,.T.);
#4468 = LINE('',#4469,#4470);
#4469 = CARTESIAN_POINT('',(0.35,0.,-3.));
#4470 = VECTOR('',#4471,1.);
#4471 = DIRECTION('',(0.,0.,1.));
#4472 = ORIENTED_EDGE('',*,*,#4416,.F.);
#4473 = ORIENTED_EDGE('',*,*,#4467,.F.);
#4474 = CYLINDRICAL_SURFACE('',#4475,0.35);
#4475 = AXIS2_PLACEMENT_3D('',#4476,#4477,#4478);
#4476 = CARTESIAN_POINT('',(0.,0.,-3.));
#4477 = DIRECTION('',(0.,0.,1.));
#4478 = DIRECTION('',(1.,0.,-0.));
#4479 = ADVANCED_FACE('',(#4480,#4491),#4494,.T.);
#4480 = FACE_BOUND('',#4481,.T.);
#4481 = EDGE_LOOP('',(#4482));
#4482 = ORIENTED_EDGE('',*,*,#4483,.F.);
#4483 = EDGE_CURVE('',#4484,#4484,#4486,.T.);
#4484 = VERTEX_POINT('',#4485);
#4485 = CARTESIAN_POINT('',(1.6,0.,7.75));
#4486 = CIRCLE('',#4487,1.6);
#4487 = AXIS2_PLACEMENT_3D('',#4488,#4489,#4490);
#4488 = CARTESIAN_POINT('',(0.,0.,7.75));
#4489 = DIRECTION('',(0.,0.,1.));
#4490 = DIRECTION('',(1.,0.,-0.));
#4491 = FACE_BOUND('',#4492,.T.);
#4492 = EDGE_LOOP('',(#4493));
#4493 = ORIENTED_EDGE('',*,*,#4433,.F.);
#4494 = PLANE('',#4495);
#4495 = AXIS2_PLACEMENT_3D('',#4496,#4497,#4498);
#4496 = CARTESIAN_POINT('',(1.6,0.,7.75));
#4497 = DIRECTION('',(0.,0.,-1.));
#4498 = DIRECTION('',(-1.,0.,0.));
#4499 = ADVANCED_FACE('',(#4500),#4503,.T.);
#4500 = FACE_BOUND('',#4501,.F.);
#4501 = EDGE_LOOP('',(#4502));
#4502 = ORIENTED_EDGE('',*,*,#4458,.T.);
#4503 = PLANE('',#4504);
#4504 = AXIS2_PLACEMENT_3D('',#4505,#4506,#4507);
#4505 = CARTESIAN_POINT('',(0.35,0.,-3.));
#4506 = DIRECTION('',(0.,0.,-1.));
#4507 = DIRECTION('',(-1.,0.,0.));
#4508 = ADVANCED_FACE('',(#4509),#4528,.T.);
#4509 = FACE_BOUND('',#4510,.T.);
#4510 = EDGE_LOOP('',(#4511,#4512,#4520,#4527));
#4511 = ORIENTED_EDGE('',*,*,#4483,.T.);
#4512 = ORIENTED_EDGE('',*,*,#4513,.T.);
#4513 = EDGE_CURVE('',#4484,#4514,#4516,.T.);
#4514 = VERTEX_POINT('',#4515);
#4515 = CARTESIAN_POINT('',(1.6,0.,9.2));
#4516 = LINE('',#4517,#4518);
#4517 = CARTESIAN_POINT('',(1.6,0.,7.75));
#4518 = VECTOR('',#4519,1.);
#4519 = DIRECTION('',(0.,0.,1.));
#4520 = ORIENTED_EDGE('',*,*,#4521,.F.);
#4521 = EDGE_CURVE('',#4514,#4514,#4522,.T.);
#4522 = CIRCLE('',#4523,1.6);
#4523 = AXIS2_PLACEMENT_3D('',#4524,#4525,#4526);
#4524 = CARTESIAN_POINT('',(0.,0.,9.2));
#4525 = DIRECTION('',(0.,0.,1.));
#4526 = DIRECTION('',(1.,0.,-0.));
#4527 = ORIENTED_EDGE('',*,*,#4513,.F.);
#4528 = CYLINDRICAL_SURFACE('',#4529,1.6);
#4529 = AXIS2_PLACEMENT_3D('',#4530,#4531,#4532);
#4530 = CARTESIAN_POINT('',(0.,0.,7.75));
#4531 = DIRECTION('',(-0.,-0.,-1.));
#4532 = DIRECTION('',(1.,0.,0.));
#4533 = ADVANCED_FACE('',(#4534),#4554,.T.);
#4534 = FACE_BOUND('',#4535,.T.);
#4535 = EDGE_LOOP('',(#4536,#4545,#4546,#4547));
#4536 = ORIENTED_EDGE('',*,*,#4537,.F.);
#4537 = EDGE_CURVE('',#4514,#4538,#4540,.T.);
#4538 = VERTEX_POINT('',#4539);
#4539 = CARTESIAN_POINT('',(0.8,0.,10.));
#4540 = CIRCLE('',#4541,0.8);
#4541 = AXIS2_PLACEMENT_3D('',#4542,#4543,#4544);
#4542 = CARTESIAN_POINT('',(0.8,0.,9.2));
#4543 = DIRECTION('',(0.,-1.,0.));
#4544 = DIRECTION('',(1.,0.,0.));
#4545 = ORIENTED_EDGE('',*,*,#4521,.T.);
#4546 = ORIENTED_EDGE('',*,*,#4537,.T.);
#4547 = ORIENTED_EDGE('',*,*,#4548,.F.);
#4548 = EDGE_CURVE('',#4538,#4538,#4549,.T.);
#4549 = CIRCLE('',#4550,0.8);
#4550 = AXIS2_PLACEMENT_3D('',#4551,#4552,#4553);
#4551 = CARTESIAN_POINT('',(0.,0.,10.));
#4552 = DIRECTION('',(0.,0.,1.));
#4553 = DIRECTION('',(1.,0.,-0.));
#4554 = TOROIDAL_SURFACE('',#4555,0.8,0.8);
#4555 = AXIS2_PLACEMENT_3D('',#4556,#4557,#4558);
#4556 = CARTESIAN_POINT('',(0.,0.,9.2));
#4557 = DIRECTION('',(0.,0.,1.));
#4558 = DIRECTION('',(1.,0.,-0.));
#4559 = ADVANCED_FACE('',(#4560,#4563),#4574,.F.);
#4560 = FACE_BOUND('',#4561,.F.);
#4561 = EDGE_LOOP('',(#4562));
#4562 = ORIENTED_EDGE('',*,*,#4548,.F.);
#4563 = FACE_BOUND('',#4564,.F.);
#4564 = EDGE_LOOP('',(#4565));
#4565 = ORIENTED_EDGE('',*,*,#4566,.T.);
#4566 = EDGE_CURVE('',#4567,#4567,#4569,.T.);
#4567 = VERTEX_POINT('',#4568);
#4568 = CARTESIAN_POINT('',(0.35,0.,10.));
#4569 = CIRCLE('',#4570,0.35);
#4570 = AXIS2_PLACEMENT_3D('',#4571,#4572,#4573);
#4571 = CARTESIAN_POINT('',(0.,0.,10.));
#4572 = DIRECTION('',(0.,0.,1.));
#4573 = DIRECTION('',(1.,0.,-0.));
#4574 = PLANE('',#4575);
#4575 = AXIS2_PLACEMENT_3D('',#4576,#4577,#4578);
#4576 = CARTESIAN_POINT('',(1.6,0.,10.));
#4577 = DIRECTION('',(0.,0.,-1.));
#4578 = DIRECTION('',(-1.,0.,0.));
#4579 = ADVANCED_FACE('',(#4580),#4599,.T.);
#4580 = FACE_BOUND('',#4581,.T.);
#4581 = EDGE_LOOP('',(#4582,#4583,#4591,#4598));
#4582 = ORIENTED_EDGE('',*,*,#4566,.T.);
#4583 = ORIENTED_EDGE('',*,*,#4584,.T.);
#4584 = EDGE_CURVE('',#4567,#4585,#4587,.T.);
#4585 = VERTEX_POINT('',#4586);
#4586 = CARTESIAN_POINT('',(0.35,0.,11.));
#4587 = LINE('',#4588,#4589);
#4588 = CARTESIAN_POINT('',(0.35,0.,-3.));
#4589 = VECTOR('',#4590,1.);
#4590 = DIRECTION('',(0.,0.,1.));
#4591 = ORIENTED_EDGE('',*,*,#4592,.F.);
#4592 = EDGE_CURVE('',#4585,#4585,#4593,.T.);
#4593 = CIRCLE('',#4594,0.35);
#4594 = AXIS2_PLACEMENT_3D('',#4595,#4596,#4597);
#4595 = CARTESIAN_POINT('',(0.,0.,11.));
#4596 = DIRECTION('',(0.,0.,1.));
#4597 = DIRECTION('',(1.,0.,-0.));
#4598 = ORIENTED_EDGE('',*,*,#4584,.F.);
#4599 = CYLINDRICAL_SURFACE('',#4600,0.35);
#4600 = AXIS2_PLACEMENT_3D('',#4601,#4602,#4603);
#4601 = CARTESIAN_POINT('',(0.,0.,-3.));
#4602 = DIRECTION('',(0.,0.,1.));
#4603 = DIRECTION('',(1.,0.,-0.));
#4604 = ADVANCED_FACE('',(#4605),#4625,.T.);
#4605 = FACE_BOUND('',#4606,.T.);
#4606 = EDGE_LOOP('',(#4607,#4616,#4623,#4624));
#4607 = ORIENTED_EDGE('',*,*,#4608,.T.);
#4608 = EDGE_CURVE('',#4585,#4609,#4611,.T.);
#4609 = VERTEX_POINT('',#4610);
#4610 = CARTESIAN_POINT('',(1.05,0.,11.7));
#4611 = CIRCLE('',#4612,0.7);
#4612 = AXIS2_PLACEMENT_3D('',#4613,#4614,#4615);
#4613 = CARTESIAN_POINT('',(1.05,1.285879139105E-16,11.));
#4614 = DIRECTION('',(0.,1.,-0.));
#4615 = DIRECTION('',(-1.,0.,0.));
#4616 = ORIENTED_EDGE('',*,*,#4617,.T.);
#4617 = EDGE_CURVE('',#4609,#4609,#4618,.T.);
#4618 = CIRCLE('',#4619,0.35);
#4619 = AXIS2_PLACEMENT_3D('',#4620,#4621,#4622);
#4620 = CARTESIAN_POINT('',(1.05,0.,12.05));
#4621 = DIRECTION('',(-1.,0.,-9.494107596575E-16));
#4622 = DIRECTION('',(-9.494107596575E-16,0.,1.));
#4623 = ORIENTED_EDGE('',*,*,#4608,.F.);
#4624 = ORIENTED_EDGE('',*,*,#4592,.T.);
#4625 = TOROIDAL_SURFACE('',#4626,1.05,0.35);
#4626 = AXIS2_PLACEMENT_3D('',#4627,#4628,#4629);
#4627 = CARTESIAN_POINT('',(1.05,0.,11.));
#4628 = DIRECTION('',(0.,1.,0.));
#4629 = DIRECTION('',(-1.,0.,0.));
#4630 = ADVANCED_FACE('',(#4631),#4650,.T.);
#4631 = FACE_BOUND('',#4632,.T.);
#4632 = EDGE_LOOP('',(#4633,#4641,#4648,#4649));
#4633 = ORIENTED_EDGE('',*,*,#4634,.T.);
#4634 = EDGE_CURVE('',#4609,#4635,#4637,.T.);
#4635 = VERTEX_POINT('',#4636);
#4636 = CARTESIAN_POINT('',(1.49,0.,11.7));
#4637 = LINE('',#4638,#4639);
#4638 = CARTESIAN_POINT('',(1.05,0.,11.7));
#4639 = VECTOR('',#4640,1.);
#4640 = DIRECTION('',(1.,0.,0.));
#4641 = ORIENTED_EDGE('',*,*,#4642,.F.);
#4642 = EDGE_CURVE('',#4635,#4635,#4643,.T.);
#4643 = CIRCLE('',#4644,0.35);
#4644 = AXIS2_PLACEMENT_3D('',#4645,#4646,#4647);
#4645 = CARTESIAN_POINT('',(1.49,0.,12.05));
#4646 = DIRECTION('',(1.,-0.,0.));
#4647 = DIRECTION('',(0.,0.,-1.));
#4648 = ORIENTED_EDGE('',*,*,#4634,.F.);
#4649 = ORIENTED_EDGE('',*,*,#4617,.F.);
#4650 = CYLINDRICAL_SURFACE('',#4651,0.35);
#4651 = AXIS2_PLACEMENT_3D('',#4652,#4653,#4654);
#4652 = CARTESIAN_POINT('',(1.05,0.,12.05));
#4653 = DIRECTION('',(1.,0.,0.));
#4654 = DIRECTION('',(0.,0.,-1.));
#4655 = ADVANCED_FACE('',(#4656),#4676,.T.);
#4656 = FACE_BOUND('',#4657,.T.);
#4657 = EDGE_LOOP('',(#4658,#4667,#4674,#4675));
#4658 = ORIENTED_EDGE('',*,*,#4659,.T.);
#4659 = EDGE_CURVE('',#4635,#4660,#4662,.T.);
#4660 = VERTEX_POINT('',#4661);
#4661 = CARTESIAN_POINT('',(2.19,0.,11.));
#4662 = CIRCLE('',#4663,0.7);
#4663 = AXIS2_PLACEMENT_3D('',#4664,#4665,#4666);
#4664 = CARTESIAN_POINT('',(1.49,1.285879139105E-16,11.));
#4665 = DIRECTION('',(-0.,1.,0.));
#4666 = DIRECTION('',(1.057355261548E-15,0.,1.));
#4667 = ORIENTED_EDGE('',*,*,#4668,.T.);
#4668 = EDGE_CURVE('',#4660,#4660,#4669,.T.);
#4669 = CIRCLE('',#4670,0.35);
#4670 = AXIS2_PLACEMENT_3D('',#4671,#4672,#4673);
#4671 = CARTESIAN_POINT('',(2.54,0.,11.));
#4672 = DIRECTION('',(1.079445018903E-16,-0.,1.));
#4673 = DIRECTION('',(1.,0.,-1.079445018903E-16));
#4674 = ORIENTED_EDGE('',*,*,#4659,.F.);
#4675 = ORIENTED_EDGE('',*,*,#4642,.T.);
#4676 = TOROIDAL_SURFACE('',#4677,1.05,0.35);
#4677 = AXIS2_PLACEMENT_3D('',#4678,#4679,#4680);
#4678 = CARTESIAN_POINT('',(1.49,0.,11.));
#4679 = DIRECTION('',(0.,1.,0.));
#4680 = DIRECTION('',(1.057355261548E-15,-0.,1.));
#4681 = ADVANCED_FACE('',(#4682),#4701,.T.);
#4682 = FACE_BOUND('',#4683,.T.);
#4683 = EDGE_LOOP('',(#4684,#4692,#4699,#4700));
#4684 = ORIENTED_EDGE('',*,*,#4685,.T.);
#4685 = EDGE_CURVE('',#4660,#4686,#4688,.T.);
#4686 = VERTEX_POINT('',#4687);
#4687 = CARTESIAN_POINT('',(2.19,-8.572527594031E-17,-3.));
#4688 = LINE('',#4689,#4690);
#4689 = CARTESIAN_POINT('',(2.19,0.,11.));
#4690 = VECTOR('',#4691,1.);
#4691 = DIRECTION('',(0.,0.,-1.));
#4692 = ORIENTED_EDGE('',*,*,#4693,.F.);
#4693 = EDGE_CURVE('',#4686,#4686,#4694,.T.);
#4694 = CIRCLE('',#4695,0.35);
#4695 = AXIS2_PLACEMENT_3D('',#4696,#4697,#4698);
#4696 = CARTESIAN_POINT('',(2.54,0.,-3.));
#4697 = DIRECTION('',(0.,0.,-1.));
#4698 = DIRECTION('',(-1.,0.,0.));
#4699 = ORIENTED_EDGE('',*,*,#4685,.F.);
#4700 = ORIENTED_EDGE('',*,*,#4668,.F.);
#4701 = CYLINDRICAL_SURFACE('',#4702,0.35);
#4702 = AXIS2_PLACEMENT_3D('',#4703,#4704,#4705);
#4703 = CARTESIAN_POINT('',(2.54,0.,11.));
#4704 = DIRECTION('',(0.,0.,-1.));
#4705 = DIRECTION('',(-1.,0.,0.));
#4706 = ADVANCED_FACE('',(#4707),#4710,.F.);
#4707 = FACE_BOUND('',#4708,.T.);
#4708 = EDGE_LOOP('',(#4709));
#4709 = ORIENTED_EDGE('',*,*,#4693,.T.);
#4710 = PLANE('',#4711);
#4711 = AXIS2_PLACEMENT_3D('',#4712,#4713,#4714);
#4712 = CARTESIAN_POINT('',(2.19,0.,-3.));
#4713 = DIRECTION('',(0.,0.,1.));
#4714 = DIRECTION('',(1.,0.,-0.));
#4715 = ( GEOMETRIC_REPRESENTATION_CONTEXT(3) 
GLOBAL_UNCERTAINTY_ASSIGNED_CONTEXT((#4719)) 
GLOBAL_UNIT_ASSIGNED_CONTEXT((#4716,#4717,#4718)) REPRESENTATION_CONTEXT
('Context #1','3D Context with UNIT and UNCERTAINTY') );
#4716 = ( LENGTH_UNIT() NAMED_UNIT(*) SI_UNIT(.MILLI.,.METRE.) );
#4717 = ( NAMED_UNIT(*) PLANE_ANGLE_UNIT() SI_UNIT($,.RADIAN.) );
#4718 = ( NAMED_UNIT(*) SI_UNIT($,.STERADIAN.) SOLID_ANGLE_UNIT() );
#4719 = UNCERTAINTY_MEASURE_WITH_UNIT(LENGTH_MEASURE(1.E-07),#4716,
  'distance_accuracy_value','confusion accuracy');
#4720 = CONTEXT_DEPENDENT_SHAPE_REPRESENTATION(#4721,#4723);
#4721 = ( REPRESENTATION_RELATIONSHIP('','',#4327,#10) 
REPRESENTATION_RELATIONSHIP_WITH_TRANSFORMATION(#4722) 
SHAPE_REPRESENTATION_RELATIONSHIP() );
#4722 = ITEM_DEFINED_TRANSFORMATION('','',#11,#27);
#4723 = PRODUCT_DEFINITION_SHAPE('Placement','Placement of an item',
  #4724);
#4724 = NEXT_ASSEMBLY_USAGE_OCCURRENCE('4','R1','',#5,#4322,$);
#4725 = PRODUCT_RELATED_PRODUCT_CATEGORY('part',$,(#4324));
#4726 = SHAPE_DEFINITION_REPRESENTATION(#4727,#4733);
#4727 = PRODUCT_DEFINITION_SHAPE('','',#4728);
#4728 = PRODUCT_DEFINITION('design','',#4729,#4732);
#4729 = PRODUCT_DEFINITION_FORMATION('','',#4730);
#4730 = PRODUCT('LED_D5.0mm','LED_D5.0mm','',(#4731));
#4731 = PRODUCT_CONTEXT('',#2,'mechanical');
#4732 = PRODUCT_DEFINITION_CONTEXT('part definition',#2,'design');
#4733 = ADVANCED_BREP_SHAPE_REPRESENTATION('',(#11,#4734),#5159);
#4734 = MANIFOLD_SOLID_BREP('',#4735);
#4735 = CLOSED_SHELL('',(#4736,#4763,#4788,#4816,#4848,#4865,#4943,#4974
    ,#4998,#5022,#5039,#5070,#5094,#5118,#5135,#5147));
#4736 = ADVANCED_FACE('',(#4737),#4758,.T.);
#4737 = FACE_BOUND('',#4738,.T.);
#4738 = EDGE_LOOP('',(#4739,#4750,#4751));
#4739 = ORIENTED_EDGE('',*,*,#4740,.T.);
#4740 = EDGE_CURVE('',#4741,#4743,#4745,.T.);
#4741 = VERTEX_POINT('',#4742);
#4742 = CARTESIAN_POINT('',(3.72,6.095124405192E-15,9.15));
#4743 = VERTEX_POINT('',#4744);
#4744 = CARTESIAN_POINT('',(1.27,7.727152251391E-15,11.6));
#4745 = CIRCLE('',#4746,2.45);
#4746 = AXIS2_PLACEMENT_3D('',#4747,#4748,#4749);
#4747 = CARTESIAN_POINT('',(1.27,6.095124405192E-15,9.15));
#4748 = DIRECTION('',(0.,-1.,6.661338147751E-16));
#4749 = DIRECTION('',(1.,0.,0.));
#4750 = ORIENTED_EDGE('',*,*,#4740,.F.);
#4751 = ORIENTED_EDGE('',*,*,#4752,.F.);
#4752 = EDGE_CURVE('',#4741,#4741,#4753,.T.);
#4753 = CIRCLE('',#4754,2.45);
#4754 = AXIS2_PLACEMENT_3D('',#4755,#4756,#4757);
#4755 = CARTESIAN_POINT('',(1.27,4.063416270128E-15,9.15));
#4756 = DIRECTION('',(-5.585532782092E-47,-4.440892098501E-16,-1.));
#4757 = DIRECTION('',(1.,8.292686265567E-16,-3.68269249121E-31));
#4758 = SPHERICAL_SURFACE('',#4759,2.45);
#4759 = AXIS2_PLACEMENT_3D('',#4760,#4761,#4762);
#4760 = CARTESIAN_POINT('',(1.27,6.095124405192E-15,9.15));
#4761 = DIRECTION('',(0.,4.440892098501E-16,1.));
#4762 = DIRECTION('',(1.,1.394807543452E-15,-6.194189798646E-31));
#4763 = ADVANCED_FACE('',(#4764),#4783,.T.);
#4764 = FACE_BOUND('',#4765,.T.);
#4765 = EDGE_LOOP('',(#4766,#4774,#4775,#4776));
#4766 = ORIENTED_EDGE('',*,*,#4767,.F.);
#4767 = EDGE_CURVE('',#4741,#4768,#4770,.T.);
#4768 = VERTEX_POINT('',#4769);
#4769 = CARTESIAN_POINT('',(3.72,2.6645352591E-15,4.));
#4770 = LINE('',#4771,#4772);
#4771 = CARTESIAN_POINT('',(3.72,6.095124405192E-15,9.15));
#4772 = VECTOR('',#4773,1.);
#4773 = DIRECTION('',(0.,-6.661338147751E-16,-1.));
#4774 = ORIENTED_EDGE('',*,*,#4752,.T.);
#4775 = ORIENTED_EDGE('',*,*,#4767,.T.);
#4776 = ORIENTED_EDGE('',*,*,#4777,.F.);
#4777 = EDGE_CURVE('',#4768,#4768,#4778,.T.);
#4778 = CIRCLE('',#4779,2.45);
#4779 = AXIS2_PLACEMENT_3D('',#4780,#4781,#4782);
#4780 = CARTESIAN_POINT('',(1.27,1.7763568394E-15,4.));
#4781 = DIRECTION('',(-2.681055735445E-47,-4.440892098501E-16,-1.));
#4782 = DIRECTION('',(1.,3.625218039592E-16,-1.609920214737E-31));
#4783 = CYLINDRICAL_SURFACE('',#4784,2.45);
#4784 = AXIS2_PLACEMENT_3D('',#4785,#4786,#4787);
#4785 = CARTESIAN_POINT('',(1.27,4.063416270128E-15,9.15));
#4786 = DIRECTION('',(0.,-4.440892098501E-16,-1.));
#4787 = DIRECTION('',(1.,8.292686265567E-16,-3.68269249121E-31));
#4788 = ADVANCED_FACE('',(#4789,#4808),#4811,.F.);
#4789 = FACE_BOUND('',#4790,.F.);
#4790 = EDGE_LOOP('',(#4791,#4802));
#4791 = ORIENTED_EDGE('',*,*,#4792,.F.);
#4792 = EDGE_CURVE('',#4793,#4795,#4797,.T.);
#4793 = VERTEX_POINT('',#4794);
#4794 = CARTESIAN_POINT('',(-1.229999999999,-1.46969384567,4.));
#4795 = VERTEX_POINT('',#4796);
#4796 = CARTESIAN_POINT('',(-1.23,1.469693845669,4.));
#4797 = CIRCLE('',#4798,2.9);
#4798 = AXIS2_PLACEMENT_3D('',#4799,#4800,#4801);
#4799 = CARTESIAN_POINT('',(1.27,0.,4.));
#4800 = DIRECTION('',(0.,0.,1.));
#4801 = DIRECTION('',(1.,0.,-0.));
#4802 = ORIENTED_EDGE('',*,*,#4803,.T.);
#4803 = EDGE_CURVE('',#4793,#4795,#4804,.T.);
#4804 = LINE('',#4805,#4806);
#4805 = CARTESIAN_POINT('',(-1.229999999999,-1.46969384567,4.));
#4806 = VECTOR('',#4807,1.);
#4807 = DIRECTION('',(0.,1.,0.));
#4808 = FACE_BOUND('',#4809,.F.);
#4809 = EDGE_LOOP('',(#4810));
#4810 = ORIENTED_EDGE('',*,*,#4777,.F.);
#4811 = PLANE('',#4812);
#4812 = AXIS2_PLACEMENT_3D('',#4813,#4814,#4815);
#4813 = CARTESIAN_POINT('',(-1.229999999999,-1.469693845671,4.));
#4814 = DIRECTION('',(0.,0.,-1.));
#4815 = DIRECTION('',(-1.,0.,0.));
#4816 = ADVANCED_FACE('',(#4817),#4843,.T.);
#4817 = FACE_BOUND('',#4818,.T.);
#4818 = EDGE_LOOP('',(#4819,#4830,#4836,#4837));
#4819 = ORIENTED_EDGE('',*,*,#4820,.T.);
#4820 = EDGE_CURVE('',#4821,#4823,#4825,.T.);
#4821 = VERTEX_POINT('',#4822);
#4822 = CARTESIAN_POINT('',(-1.229999999999,-1.46969384567,3.));
#4823 = VERTEX_POINT('',#4824);
#4824 = CARTESIAN_POINT('',(-1.23,1.469693845669,3.));
#4825 = CIRCLE('',#4826,2.9);
#4826 = AXIS2_PLACEMENT_3D('',#4827,#4828,#4829);
#4827 = CARTESIAN_POINT('',(1.27,0.,3.));
#4828 = DIRECTION('',(0.,0.,1.));
#4829 = DIRECTION('',(1.,0.,-0.));
#4830 = ORIENTED_EDGE('',*,*,#4831,.T.);
#4831 = EDGE_CURVE('',#4823,#4795,#4832,.T.);
#4832 = LINE('',#4833,#4834);
#4833 = CARTESIAN_POINT('',(-1.23,1.469693845669,3.));
#4834 = VECTOR('',#4835,1.);
#4835 = DIRECTION('',(0.,0.,1.));
#4836 = ORIENTED_EDGE('',*,*,#4792,.F.);
#4837 = ORIENTED_EDGE('',*,*,#4838,.F.);
#4838 = EDGE_CURVE('',#4821,#4793,#4839,.T.);
#4839 = LINE('',#4840,#4841);
#4840 = CARTESIAN_POINT('',(-1.229999999999,-1.46969384567,3.));
#4841 = VECTOR('',#4842,1.);
#4842 = DIRECTION('',(0.,0.,1.));
#4843 = CYLINDRICAL_SURFACE('',#4844,2.9);
#4844 = AXIS2_PLACEMENT_3D('',#4845,#4846,#4847);
#4845 = CARTESIAN_POINT('',(1.27,0.,3.));
#4846 = DIRECTION('',(-0.,-0.,-1.));
#4847 = DIRECTION('',(1.,0.,0.));
#4848 = ADVANCED_FACE('',(#4849),#4860,.T.);
#4849 = FACE_BOUND('',#4850,.T.);
#4850 = EDGE_LOOP('',(#4851,#4852,#4853,#4854));
#4851 = ORIENTED_EDGE('',*,*,#4838,.T.);
#4852 = ORIENTED_EDGE('',*,*,#4803,.T.);
#4853 = ORIENTED_EDGE('',*,*,#4831,.F.);
#4854 = ORIENTED_EDGE('',*,*,#4855,.F.);
#4855 = EDGE_CURVE('',#4821,#4823,#4856,.T.);
#4856 = LINE('',#4857,#4858);
#4857 = CARTESIAN_POINT('',(-1.229999999999,-1.46969384567,3.));
#4858 = VECTOR('',#4859,1.);
#4859 = DIRECTION('',(0.,1.,0.));
#4860 = PLANE('',#4861);
#4861 = AXIS2_PLACEMENT_3D('',#4862,#4863,#4864);
#4862 = CARTESIAN_POINT('',(-1.229999999999,-1.46969384567,3.));
#4863 = DIRECTION('',(-1.,0.,0.));
#4864 = DIRECTION('',(0.,1.,0.));
#4865 = ADVANCED_FACE('',(#4866,#4870,#4904),#4938,.T.);
#4866 = FACE_BOUND('',#4867,.T.);
#4867 = EDGE_LOOP('',(#4868,#4869));
#4868 = ORIENTED_EDGE('',*,*,#4820,.F.);
#4869 = ORIENTED_EDGE('',*,*,#4855,.T.);
#4870 = FACE_BOUND('',#4871,.T.);
#4871 = EDGE_LOOP('',(#4872,#4882,#4890,#4898));
#4872 = ORIENTED_EDGE('',*,*,#4873,.T.);
#4873 = EDGE_CURVE('',#4874,#4876,#4878,.T.);
#4874 = VERTEX_POINT('',#4875);
#4875 = CARTESIAN_POINT('',(-0.2,-0.2,3.));
#4876 = VERTEX_POINT('',#4877);
#4877 = CARTESIAN_POINT('',(0.2,-0.2,3.));
#4878 = LINE('',#4879,#4880);
#4879 = CARTESIAN_POINT('',(-0.515,-0.2,3.));
#4880 = VECTOR('',#4881,1.);
#4881 = DIRECTION('',(1.,0.,0.));
#4882 = ORIENTED_EDGE('',*,*,#4883,.T.);
#4883 = EDGE_CURVE('',#4876,#4884,#4886,.T.);
#4884 = VERTEX_POINT('',#4885);
#4885 = CARTESIAN_POINT('',(0.2,0.2,3.));
#4886 = LINE('',#4887,#4888);
#4887 = CARTESIAN_POINT('',(0.2,-0.634846922835,3.));
#4888 = VECTOR('',#4889,1.);
#4889 = DIRECTION('',(0.,1.,0.));
#4890 = ORIENTED_EDGE('',*,*,#4891,.T.);
#4891 = EDGE_CURVE('',#4884,#4892,#4894,.T.);
#4892 = VERTEX_POINT('',#4893);
#4893 = CARTESIAN_POINT('',(-0.2,0.2,3.));
#4894 = LINE('',#4895,#4896);
#4895 = CARTESIAN_POINT('',(-0.715,0.2,3.));
#4896 = VECTOR('',#4897,1.);
#4897 = DIRECTION('',(-1.,-0.,-0.));
#4898 = ORIENTED_EDGE('',*,*,#4899,.T.);
#4899 = EDGE_CURVE('',#4892,#4874,#4900,.T.);
#4900 = LINE('',#4901,#4902);
#4901 = CARTESIAN_POINT('',(-0.2,-0.834846922835,3.));
#4902 = VECTOR('',#4903,1.);
#4903 = DIRECTION('',(0.,-1.,0.));
#4904 = FACE_BOUND('',#4905,.T.);
#4905 = EDGE_LOOP('',(#4906,#4916,#4924,#4932));
#4906 = ORIENTED_EDGE('',*,*,#4907,.T.);
#4907 = EDGE_CURVE('',#4908,#4910,#4912,.T.);
#4908 = VERTEX_POINT('',#4909);
#4909 = CARTESIAN_POINT('',(2.34,0.2,3.));
#4910 = VERTEX_POINT('',#4911);
#4911 = CARTESIAN_POINT('',(2.34,-0.2,3.));
#4912 = LINE('',#4913,#4914);
#4913 = CARTESIAN_POINT('',(2.34,-0.834846922835,3.));
#4914 = VECTOR('',#4915,1.);
#4915 = DIRECTION('',(0.,-1.,0.));
#4916 = ORIENTED_EDGE('',*,*,#4917,.T.);
#4917 = EDGE_CURVE('',#4910,#4918,#4920,.T.);
#4918 = VERTEX_POINT('',#4919);
#4919 = CARTESIAN_POINT('',(2.74,-0.2,3.));
#4920 = LINE('',#4921,#4922);
#4921 = CARTESIAN_POINT('',(0.755,-0.2,3.));
#4922 = VECTOR('',#4923,1.);
#4923 = DIRECTION('',(1.,0.,0.));
#4924 = ORIENTED_EDGE('',*,*,#4925,.T.);
#4925 = EDGE_CURVE('',#4918,#4926,#4928,.T.);
#4926 = VERTEX_POINT('',#4927);
#4927 = CARTESIAN_POINT('',(2.74,0.2,3.));
#4928 = LINE('',#4929,#4930);
#4929 = CARTESIAN_POINT('',(2.74,-0.634846922835,3.));
#4930 = VECTOR('',#4931,1.);
#4931 = DIRECTION('',(0.,1.,0.));
#4932 = ORIENTED_EDGE('',*,*,#4933,.T.);
#4933 = EDGE_CURVE('',#4926,#4908,#4934,.T.);
#4934 = LINE('',#4935,#4936);
#4935 = CARTESIAN_POINT('',(0.555,0.2,3.));
#4936 = VECTOR('',#4937,1.);
#4937 = DIRECTION('',(-1.,-0.,-0.));
#4938 = PLANE('',#4939);
#4939 = AXIS2_PLACEMENT_3D('',#4940,#4941,#4942);
#4940 = CARTESIAN_POINT('',(-1.229999999999,-1.469693845671,3.));
#4941 = DIRECTION('',(0.,0.,-1.));
#4942 = DIRECTION('',(-1.,0.,0.));
#4943 = ADVANCED_FACE('',(#4944),#4969,.F.);
#4944 = FACE_BOUND('',#4945,.F.);
#4945 = EDGE_LOOP('',(#4946,#4947,#4955,#4963));
#4946 = ORIENTED_EDGE('',*,*,#4873,.T.);
#4947 = ORIENTED_EDGE('',*,*,#4948,.T.);
#4948 = EDGE_CURVE('',#4876,#4949,#4951,.T.);
#4949 = VERTEX_POINT('',#4950);
#4950 = CARTESIAN_POINT('',(0.2,-0.2,-2.5));
#4951 = LINE('',#4952,#4953);
#4952 = CARTESIAN_POINT('',(0.2,-0.2,3.5));
#4953 = VECTOR('',#4954,1.);
#4954 = DIRECTION('',(-0.,-0.,-1.));
#4955 = ORIENTED_EDGE('',*,*,#4956,.T.);
#4956 = EDGE_CURVE('',#4949,#4957,#4959,.T.);
#4957 = VERTEX_POINT('',#4958);
#4958 = CARTESIAN_POINT('',(-0.2,-0.2,-2.5));
#4959 = LINE('',#4960,#4961);
#4960 = CARTESIAN_POINT('',(0.2,-0.2,-2.5));
#4961 = VECTOR('',#4962,1.);
#4962 = DIRECTION('',(-1.,0.,0.));
#4963 = ORIENTED_EDGE('',*,*,#4964,.F.);
#4964 = EDGE_CURVE('',#4874,#4957,#4965,.T.);
#4965 = LINE('',#4966,#4967);
#4966 = CARTESIAN_POINT('',(-0.2,-0.2,3.5));
#4967 = VECTOR('',#4968,1.);
#4968 = DIRECTION('',(-0.,-0.,-1.));
#4969 = PLANE('',#4970);
#4970 = AXIS2_PLACEMENT_3D('',#4971,#4972,#4973);
#4971 = CARTESIAN_POINT('',(0.2,-0.2,3.5));
#4972 = DIRECTION('',(0.,1.,0.));
#4973 = DIRECTION('',(-1.,0.,0.));
#4974 = ADVANCED_FACE('',(#4975),#4993,.F.);
#4975 = FACE_BOUND('',#4976,.F.);
#4976 = EDGE_LOOP('',(#4977,#4978,#4979,#4987));
#4977 = ORIENTED_EDGE('',*,*,#4899,.T.);
#4978 = ORIENTED_EDGE('',*,*,#4964,.T.);
#4979 = ORIENTED_EDGE('',*,*,#4980,.T.);
#4980 = EDGE_CURVE('',#4957,#4981,#4983,.T.);
#4981 = VERTEX_POINT('',#4982);
#4982 = CARTESIAN_POINT('',(-0.2,0.2,-2.5));
#4983 = LINE('',#4984,#4985);
#4984 = CARTESIAN_POINT('',(-0.2,-0.2,-2.5));
#4985 = VECTOR('',#4986,1.);
#4986 = DIRECTION('',(0.,1.,0.));
#4987 = ORIENTED_EDGE('',*,*,#4988,.F.);
#4988 = EDGE_CURVE('',#4892,#4981,#4989,.T.);
#4989 = LINE('',#4990,#4991);
#4990 = CARTESIAN_POINT('',(-0.2,0.2,3.5));
#4991 = VECTOR('',#4992,1.);
#4992 = DIRECTION('',(-0.,-0.,-1.));
#4993 = PLANE('',#4994);
#4994 = AXIS2_PLACEMENT_3D('',#4995,#4996,#4997);
#4995 = CARTESIAN_POINT('',(-0.2,-0.2,3.5));
#4996 = DIRECTION('',(1.,0.,0.));
#4997 = DIRECTION('',(-0.,1.,0.));
#4998 = ADVANCED_FACE('',(#4999),#5017,.F.);
#4999 = FACE_BOUND('',#5000,.F.);
#5000 = EDGE_LOOP('',(#5001,#5002,#5003,#5011));
#5001 = ORIENTED_EDGE('',*,*,#4891,.T.);
#5002 = ORIENTED_EDGE('',*,*,#4988,.T.);
#5003 = ORIENTED_EDGE('',*,*,#5004,.T.);
#5004 = EDGE_CURVE('',#4981,#5005,#5007,.T.);
#5005 = VERTEX_POINT('',#5006);
#5006 = CARTESIAN_POINT('',(0.2,0.2,-2.5));
#5007 = LINE('',#5008,#5009);
#5008 = CARTESIAN_POINT('',(-0.2,0.2,-2.5));
#5009 = VECTOR('',#5010,1.);
#5010 = DIRECTION('',(1.,0.,0.));
#5011 = ORIENTED_EDGE('',*,*,#5012,.F.);
#5012 = EDGE_CURVE('',#4884,#5005,#5013,.T.);
#5013 = LINE('',#5014,#5015);
#5014 = CARTESIAN_POINT('',(0.2,0.2,3.5));
#5015 = VECTOR('',#5016,1.);
#5016 = DIRECTION('',(-0.,-0.,-1.));
#5017 = PLANE('',#5018);
#5018 = AXIS2_PLACEMENT_3D('',#5019,#5020,#5021);
#5019 = CARTESIAN_POINT('',(-0.2,0.2,3.5));
#5020 = DIRECTION('',(0.,-1.,0.));
#5021 = DIRECTION('',(1.,0.,0.));
#5022 = ADVANCED_FACE('',(#5023),#5034,.F.);
#5023 = FACE_BOUND('',#5024,.F.);
#5024 = EDGE_LOOP('',(#5025,#5026,#5027,#5033));
#5025 = ORIENTED_EDGE('',*,*,#4883,.T.);
#5026 = ORIENTED_EDGE('',*,*,#5012,.T.);
#5027 = ORIENTED_EDGE('',*,*,#5028,.T.);
#5028 = EDGE_CURVE('',#5005,#4949,#5029,.T.);
#5029 = LINE('',#5030,#5031);
#5030 = CARTESIAN_POINT('',(0.2,0.2,-2.5));
#5031 = VECTOR('',#5032,1.);
#5032 = DIRECTION('',(0.,-1.,0.));
#5033 = ORIENTED_EDGE('',*,*,#4948,.F.);
#5034 = PLANE('',#5035);
#5035 = AXIS2_PLACEMENT_3D('',#5036,#5037,#5038);
#5036 = CARTESIAN_POINT('',(0.2,0.2,3.5));
#5037 = DIRECTION('',(-1.,0.,0.));
#5038 = DIRECTION('',(0.,-1.,0.));
#5039 = ADVANCED_FACE('',(#5040),#5065,.F.);
#5040 = FACE_BOUND('',#5041,.F.);
#5041 = EDGE_LOOP('',(#5042,#5043,#5051,#5059));
#5042 = ORIENTED_EDGE('',*,*,#4907,.T.);
#5043 = ORIENTED_EDGE('',*,*,#5044,.T.);
#5044 = EDGE_CURVE('',#4910,#5045,#5047,.T.);
#5045 = VERTEX_POINT('',#5046);
#5046 = CARTESIAN_POINT('',(2.34,-0.2,-2.5));
#5047 = LINE('',#5048,#5049);
#5048 = CARTESIAN_POINT('',(2.34,-0.2,3.5));
#5049 = VECTOR('',#5050,1.);
#5050 = DIRECTION('',(-0.,-0.,-1.));
#5051 = ORIENTED_EDGE('',*,*,#5052,.T.);
#5052 = EDGE_CURVE('',#5045,#5053,#5055,.T.);
#5053 = VERTEX_POINT('',#5054);
#5054 = CARTESIAN_POINT('',(2.34,0.2,-2.5));
#5055 = LINE('',#5056,#5057);
#5056 = CARTESIAN_POINT('',(2.34,-0.2,-2.5));
#5057 = VECTOR('',#5058,1.);
#5058 = DIRECTION('',(0.,1.,0.));
#5059 = ORIENTED_EDGE('',*,*,#5060,.F.);
#5060 = EDGE_CURVE('',#4908,#5053,#5061,.T.);
#5061 = LINE('',#5062,#5063);
#5062 = CARTESIAN_POINT('',(2.34,0.2,3.5));
#5063 = VECTOR('',#5064,1.);
#5064 = DIRECTION('',(-0.,-0.,-1.));
#5065 = PLANE('',#5066);
#5066 = AXIS2_PLACEMENT_3D('',#5067,#5068,#5069);
#5067 = CARTESIAN_POINT('',(2.34,-0.2,3.5));
#5068 = DIRECTION('',(1.,0.,0.));
#5069 = DIRECTION('',(-0.,1.,0.));
#5070 = ADVANCED_FACE('',(#5071),#5089,.F.);
#5071 = FACE_BOUND('',#5072,.F.);
#5072 = EDGE_LOOP('',(#5073,#5074,#5075,#5083));
#5073 = ORIENTED_EDGE('',*,*,#4933,.T.);
#5074 = ORIENTED_EDGE('',*,*,#5060,.T.);
#5075 = ORIENTED_EDGE('',*,*,#5076,.T.);
#5076 = EDGE_CURVE('',#5053,#5077,#5079,.T.);
#5077 = VERTEX_POINT('',#5078);
#5078 = CARTESIAN_POINT('',(2.74,0.2,-2.5));
#5079 = LINE('',#5080,#5081);
#5080 = CARTESIAN_POINT('',(2.34,0.2,-2.5));
#5081 = VECTOR('',#5082,1.);
#5082 = DIRECTION('',(1.,0.,0.));
#5083 = ORIENTED_EDGE('',*,*,#5084,.F.);
#5084 = EDGE_CURVE('',#4926,#5077,#5085,.T.);
#5085 = LINE('',#5086,#5087);
#5086 = CARTESIAN_POINT('',(2.74,0.2,3.5));
#5087 = VECTOR('',#5088,1.);
#5088 = DIRECTION('',(-0.,-0.,-1.));
#5089 = PLANE('',#5090);
#5090 = AXIS2_PLACEMENT_3D('',#5091,#5092,#5093);
#5091 = CARTESIAN_POINT('',(2.34,0.2,3.5));
#5092 = DIRECTION('',(0.,-1.,0.));
#5093 = DIRECTION('',(1.,0.,0.));
#5094 = ADVANCED_FACE('',(#5095),#5113,.F.);
#5095 = FACE_BOUND('',#5096,.F.);
#5096 = EDGE_LOOP('',(#5097,#5098,#5099,#5107));
#5097 = ORIENTED_EDGE('',*,*,#4925,.T.);
#5098 = ORIENTED_EDGE('',*,*,#5084,.T.);
#5099 = ORIENTED_EDGE('',*,*,#5100,.T.);
#5100 = EDGE_CURVE('',#5077,#5101,#5103,.T.);
#5101 = VERTEX_POINT('',#5102);
#5102 = CARTESIAN_POINT('',(2.74,-0.2,-2.5));
#5103 = LINE('',#5104,#5105);
#5104 = CARTESIAN_POINT('',(2.74,0.2,-2.5));
#5105 = VECTOR('',#5106,1.);
#5106 = DIRECTION('',(0.,-1.,0.));
#5107 = ORIENTED_EDGE('',*,*,#5108,.F.);
#5108 = EDGE_CURVE('',#4918,#5101,#5109,.T.);
#5109 = LINE('',#5110,#5111);
#5110 = CARTESIAN_POINT('',(2.74,-0.2,3.5));
#5111 = VECTOR('',#5112,1.);
#5112 = DIRECTION('',(-0.,-0.,-1.));
#5113 = PLANE('',#5114);
#5114 = AXIS2_PLACEMENT_3D('',#5115,#5116,#5117);
#5115 = CARTESIAN_POINT('',(2.74,0.2,3.5));
#5116 = DIRECTION('',(-1.,0.,0.));
#5117 = DIRECTION('',(0.,-1.,0.));
#5118 = ADVANCED_FACE('',(#5119),#5130,.F.);
#5119 = FACE_BOUND('',#5120,.F.);
#5120 = EDGE_LOOP('',(#5121,#5122,#5123,#5129));
#5121 = ORIENTED_EDGE('',*,*,#4917,.T.);
#5122 = ORIENTED_EDGE('',*,*,#5108,.T.);
#5123 = ORIENTED_EDGE('',*,*,#5124,.T.);
#5124 = EDGE_CURVE('',#5101,#5045,#5125,.T.);
#5125 = LINE('',#5126,#5127);
#5126 = CARTESIAN_POINT('',(2.74,-0.2,-2.5));
#5127 = VECTOR('',#5128,1.);
#5128 = DIRECTION('',(-1.,0.,0.));
#5129 = ORIENTED_EDGE('',*,*,#5044,.F.);
#5130 = PLANE('',#5131);
#5131 = AXIS2_PLACEMENT_3D('',#5132,#5133,#5134);
#5132 = CARTESIAN_POINT('',(2.74,-0.2,3.5));
#5133 = DIRECTION('',(0.,1.,0.));
#5134 = DIRECTION('',(-1.,0.,0.));
#5135 = ADVANCED_FACE('',(#5136),#5142,.F.);
#5136 = FACE_BOUND('',#5137,.T.);
#5137 = EDGE_LOOP('',(#5138,#5139,#5140,#5141));
#5138 = ORIENTED_EDGE('',*,*,#5004,.T.);
#5139 = ORIENTED_EDGE('',*,*,#5028,.T.);
#5140 = ORIENTED_EDGE('',*,*,#4956,.T.);
#5141 = ORIENTED_EDGE('',*,*,#4980,.T.);
#5142 = PLANE('',#5143);
#5143 = AXIS2_PLACEMENT_3D('',#5144,#5145,#5146);
#5144 = CARTESIAN_POINT('',(-0.2,0.2,-2.5));
#5145 = DIRECTION('',(0.,0.,1.));
#5146 = DIRECTION('',(1.,0.,-0.));
#5147 = ADVANCED_FACE('',(#5148),#5154,.F.);
#5148 = FACE_BOUND('',#5149,.T.);
#5149 = EDGE_LOOP('',(#5150,#5151,#5152,#5153));
#5150 = ORIENTED_EDGE('',*,*,#5076,.T.);
#5151 = ORIENTED_EDGE('',*,*,#5100,.T.);
#5152 = ORIENTED_EDGE('',*,*,#5124,.T.);
#5153 = ORIENTED_EDGE('',*,*,#5052,.T.);
#5154 = PLANE('',#5155);
#5155 = AXIS2_PLACEMENT_3D('',#5156,#5157,#5158);
#5156 = CARTESIAN_POINT('',(2.34,0.2,-2.5));
#5157 = DIRECTION('',(0.,0.,1.));
#5158 = DIRECTION('',(1.,0.,-0.));
#5159 = ( GEOMETRIC_REPRESENTATION_CONTEXT(3) 
GLOBAL_UNCERTAINTY_ASSIGNED_CONTEXT((#5163)) 
GLOBAL_UNIT_ASSIGNED_CONTEXT((#5160,#5161,#5162)) REPRESENTATION_CONTEXT
('Context #1','3D Context with UNIT and UNCERTAINTY') );
#5160 = ( LENGTH_UNIT() NAMED_UNIT(*) SI_UNIT(.MILLI.,.METRE.) );
#5161 = ( NAMED_UNIT(*) PLANE_ANGLE_UNIT() SI_UNIT($,.RADIAN.) );
#5162 = ( NAMED_UNIT(*) SI_UNIT($,.STERADIAN.) SOLID_ANGLE_UNIT() );
#5163 = UNCERTAINTY_MEASURE_WITH_UNIT(LENGTH_MEASURE(1.E-07),#5160,
  'distance_accuracy_value','confusion accuracy');
#5164 = CONTEXT_DEPENDENT_SHAPE_REPRESENTATION(#5165,#5167);
#5165 = ( REPRESENTATION_RELATIONSHIP('','',#4733,#10) 
REPRESENTATION_RELATIONSHIP_WITH_TRANSFORMATION(#5166) 
SHAPE_REPRESENTATION_RELATIONSHIP() );
#5166 = ITEM_DEFINED_TRANSFORMATION('','',#11,#31);
#5167 = PRODUCT_DEFINITION_SHAPE('Placement','Placement of an item',
  #5168);
#5168 = NEXT_ASSEMBLY_USAGE_OCCURRENCE('5','D1','',#5,#4728,$);
#5169 = PRODUCT_RELATED_PRODUCT_CATEGORY('part',$,(#4730));
#5170 = CONTEXT_DEPENDENT_SHAPE_REPRESENTATION(#5171,#5173);
#5171 = ( REPRESENTATION_RELATIONSHIP('','',#72,#10) 
REPRESENTATION_RELATIONSHIP_WITH_TRANSFORMATION(#5172) 
SHAPE_REPRESENTATION_RELATIONSHIP() );
#5172 = ITEM_DEFINED_TRANSFORMATION('','',#11,#35);
#5173 = PRODUCT_DEFINITION_SHAPE('Placement','Placement of an item',
  #5174);
#5174 = NEXT_ASSEMBLY_USAGE_OCCURRENCE('6','J6','',#5,#67,$);
#5175 = SHAPE_DEFINITION_REPRESENTATION(#5176,#5182);
#5176 = PRODUCT_DEFINITION_SHAPE('','',#5177);
#5177 = PRODUCT_DEFINITION('design','',#5178,#5181);
#5178 = PRODUCT_DEFINITION_FORMATION('','',#5179);
#5179 = PRODUCT('PinHeader_1x07_P2.54mm_Vertical',
  'PinHeader_1x07_P2.54mm_Vertical','',(#5180));
#5180 = PRODUCT_CONTEXT('',#2,'mechanical');
#5181 = PRODUCT_DEFINITION_CONTEXT('part definition',#2,'design');
#5182 = ADVANCED_BREP_SHAPE_REPRESENTATION('',(#11,#5183),#9985);
#5183 = MANIFOLD_SOLID_BREP('',#5184);
#5184 = CLOSED_SHELL('',(#5185,#5225,#5256,#5287,#5862,#6437,#6454,#6471
    ,#6488,#6505,#6522,#6539,#6556,#6573,#6590,#6607,#6624,#6641,#6658,
    #6675,#6692,#6709,#6726,#6743,#6760,#6777,#6794,#6811,#6828,#6845,
    #6862,#6879,#6896,#6913,#6930,#6947,#6964,#6981,#6998,#7015,#7032,
    #7049,#7066,#7083,#7100,#7117,#7129,#7160,#7184,#7208,#7225,#7256,
    #7280,#7304,#7321,#7352,#7376,#7400,#7417,#7448,#7472,#7496,#7513,
    #7544,#7568,#7592,#7609,#7640,#7664,#7688,#7705,#7736,#7760,#7784,
    #7801,#7832,#7856,#7880,#7897,#7928,#7952,#7976,#7993,#8024,#8048,
    #8072,#8089,#8120,#8144,#8168,#8185,#8216,#8240,#8264,#8281,#8312,
    #8336,#8360,#8377,#8408,#8432,#8456,#8473,#8504,#8528,#8552,#8569,
    #8600,#8624,#8648,#8665,#8696,#8720,#8744,#8761,#8792,#8816,#8840,
    #8857,#8888,#8912,#8936,#8953,#8984,#9008,#9032,#9049,#9080,#9104,
    #9128,#9145,#9176,#9200,#9224,#9241,#9272,#9296,#9320,#9337,#9368,
    #9392,#9416,#9433,#9464,#9488,#9512,#9529,#9560,#9584,#9608,#9625,
    #9656,#9680,#9704,#9721,#9752,#9776,#9800,#9817,#9829,#9841,#9853,
    #9865,#9877,#9889,#9901,#9913,#9925,#9937,#9949,#9961,#9973));
#5185 = ADVANCED_FACE('',(#5186),#5220,.F.);
#5186 = FACE_BOUND('',#5187,.F.);
#5187 = EDGE_LOOP('',(#5188,#5198,#5206,#5214));
#5188 = ORIENTED_EDGE('',*,*,#5189,.T.);
#5189 = EDGE_CURVE('',#5190,#5192,#5194,.T.);
#5190 = VERTEX_POINT('',#5191);
#5191 = CARTESIAN_POINT('',(-1.016,1.27,0.));
#5192 = VERTEX_POINT('',#5193);
#5193 = CARTESIAN_POINT('',(-1.016,1.27,2.54));
#5194 = LINE('',#5195,#5196);
#5195 = CARTESIAN_POINT('',(-1.016,1.27,0.));
#5196 = VECTOR('',#5197,1.);
#5197 = DIRECTION('',(0.,0.,1.));
#5198 = ORIENTED_EDGE('',*,*,#5199,.T.);
#5199 = EDGE_CURVE('',#5192,#5200,#5202,.T.);
#5200 = VERTEX_POINT('',#5201);
#5201 = CARTESIAN_POINT('',(-1.27,1.016,2.54));
#5202 = LINE('',#5203,#5204);
#5203 = CARTESIAN_POINT('',(-1.016,1.27,2.54));
#5204 = VECTOR('',#5205,1.);
#5205 = DIRECTION('',(-0.707106781187,-0.707106781187,0.));
#5206 = ORIENTED_EDGE('',*,*,#5207,.F.);
#5207 = EDGE_CURVE('',#5208,#5200,#5210,.T.);
#5208 = VERTEX_POINT('',#5209);
#5209 = CARTESIAN_POINT('',(-1.27,1.016,0.));
#5210 = LINE('',#5211,#5212);
#5211 = CARTESIAN_POINT('',(-1.27,1.016,0.));
#5212 = VECTOR('',#5213,1.);
#5213 = DIRECTION('',(0.,0.,1.));
#5214 = ORIENTED_EDGE('',*,*,#5215,.F.);
#5215 = EDGE_CURVE('',#5190,#5208,#5216,.T.);
#5216 = LINE('',#5217,#5218);
#5217 = CARTESIAN_POINT('',(-1.016,1.27,0.));
#5218 = VECTOR('',#5219,1.);
#5219 = DIRECTION('',(-0.707106781187,-0.707106781187,0.));
#5220 = PLANE('',#5221);
#5221 = AXIS2_PLACEMENT_3D('',#5222,#5223,#5224);
#5222 = CARTESIAN_POINT('',(-1.016,1.27,0.));
#5223 = DIRECTION('',(0.707106781187,-0.707106781187,0.));
#5224 = DIRECTION('',(-0.707106781187,-0.707106781187,0.));
#5225 = ADVANCED_FACE('',(#5226),#5251,.F.);
#5226 = FACE_BOUND('',#5227,.F.);
#5227 = EDGE_LOOP('',(#5228,#5238,#5244,#5245));
#5228 = ORIENTED_EDGE('',*,*,#5229,.T.);
#5229 = EDGE_CURVE('',#5230,#5232,#5234,.T.);
#5230 = VERTEX_POINT('',#5231);
#5231 = CARTESIAN_POINT('',(1.016,1.27,0.));
#5232 = VERTEX_POINT('',#5233);
#5233 = CARTESIAN_POINT('',(1.016,1.27,2.54));
#5234 = LINE('',#5235,#5236);
#5235 = CARTESIAN_POINT('',(1.016,1.27,0.));
#5236 = VECTOR('',#5237,1.);
#5237 = DIRECTION('',(0.,0.,1.));
#5238 = ORIENTED_EDGE('',*,*,#5239,.T.);
#5239 = EDGE_CURVE('',#5232,#5192,#5240,.T.);
#5240 = LINE('',#5241,#5242);
#5241 = CARTESIAN_POINT('',(1.016,1.27,2.54));
#5242 = VECTOR('',#5243,1.);
#5243 = DIRECTION('',(-1.,0.,0.));
#5244 = ORIENTED_EDGE('',*,*,#5189,.F.);
#5245 = ORIENTED_EDGE('',*,*,#5246,.F.);
#5246 = EDGE_CURVE('',#5230,#5190,#5247,.T.);
#5247 = LINE('',#5248,#5249);
#5248 = CARTESIAN_POINT('',(1.016,1.27,0.));
#5249 = VECTOR('',#5250,1.);
#5250 = DIRECTION('',(-1.,0.,0.));
#5251 = PLANE('',#5252);
#5252 = AXIS2_PLACEMENT_3D('',#5253,#5254,#5255);
#5253 = CARTESIAN_POINT('',(1.016,1.27,0.));
#5254 = DIRECTION('',(0.,-1.,0.));
#5255 = DIRECTION('',(-1.,0.,0.));
#5256 = ADVANCED_FACE('',(#5257),#5282,.F.);
#5257 = FACE_BOUND('',#5258,.F.);
#5258 = EDGE_LOOP('',(#5259,#5260,#5268,#5276));
#5259 = ORIENTED_EDGE('',*,*,#5207,.T.);
#5260 = ORIENTED_EDGE('',*,*,#5261,.T.);
#5261 = EDGE_CURVE('',#5200,#5262,#5264,.T.);
#5262 = VERTEX_POINT('',#5263);
#5263 = CARTESIAN_POINT('',(-1.27,-1.016,2.54));
#5264 = LINE('',#5265,#5266);
#5265 = CARTESIAN_POINT('',(-1.27,1.016,2.54));
#5266 = VECTOR('',#5267,1.);
#5267 = DIRECTION('',(0.,-1.,0.));
#5268 = ORIENTED_EDGE('',*,*,#5269,.F.);
#5269 = EDGE_CURVE('',#5270,#5262,#5272,.T.);
#5270 = VERTEX_POINT('',#5271);
#5271 = CARTESIAN_POINT('',(-1.27,-1.016,0.));
#5272 = LINE('',#5273,#5274);
#5273 = CARTESIAN_POINT('',(-1.27,-1.016,0.));
#5274 = VECTOR('',#5275,1.);
#5275 = DIRECTION('',(0.,0.,1.));
#5276 = ORIENTED_EDGE('',*,*,#5277,.F.);
#5277 = EDGE_CURVE('',#5208,#5270,#5278,.T.);
#5278 = LINE('',#5279,#5280);
#5279 = CARTESIAN_POINT('',(-1.27,1.016,0.));
#5280 = VECTOR('',#5281,1.);
#5281 = DIRECTION('',(0.,-1.,0.));
#5282 = PLANE('',#5283);
#5283 = AXIS2_PLACEMENT_3D('',#5284,#5285,#5286);
#5284 = CARTESIAN_POINT('',(-1.27,1.016,0.));
#5285 = DIRECTION('',(1.,0.,0.));
#5286 = DIRECTION('',(0.,-1.,0.));
#5287 = ADVANCED_FACE('',(#5288,#5619,#5653,#5687,#5721,#5755,#5789,
    #5823),#5857,.F.);
#5288 = FACE_BOUND('',#5289,.F.);
#5289 = EDGE_LOOP('',(#5290,#5291,#5292,#5300,#5308,#5316,#5324,#5332,
    #5340,#5348,#5356,#5364,#5372,#5380,#5388,#5396,#5404,#5412,#5420,
    #5428,#5436,#5444,#5452,#5460,#5468,#5476,#5484,#5492,#5500,#5508,
    #5516,#5524,#5532,#5540,#5548,#5556,#5564,#5572,#5580,#5588,#5596,
    #5604,#5612,#5618));
#5290 = ORIENTED_EDGE('',*,*,#5215,.T.);
#5291 = ORIENTED_EDGE('',*,*,#5277,.T.);
#5292 = ORIENTED_EDGE('',*,*,#5293,.T.);
#5293 = EDGE_CURVE('',#5270,#5294,#5296,.T.);
#5294 = VERTEX_POINT('',#5295);
#5295 = CARTESIAN_POINT('',(-1.016,-1.27,0.));
#5296 = LINE('',#5297,#5298);
#5297 = CARTESIAN_POINT('',(-1.27,-1.016,0.));
#5298 = VECTOR('',#5299,1.);
#5299 = DIRECTION('',(0.707106781187,-0.707106781187,0.));
#5300 = ORIENTED_EDGE('',*,*,#5301,.T.);
#5301 = EDGE_CURVE('',#5294,#5302,#5304,.T.);
#5302 = VERTEX_POINT('',#5303);
#5303 = CARTESIAN_POINT('',(-1.27,-1.524,0.));
#5304 = LINE('',#5305,#5306);
#5305 = CARTESIAN_POINT('',(-1.016,-1.27,0.));
#5306 = VECTOR('',#5307,1.);
#5307 = DIRECTION('',(-0.707106781187,-0.707106781187,0.));
#5308 = ORIENTED_EDGE('',*,*,#5309,.T.);
#5309 = EDGE_CURVE('',#5302,#5310,#5312,.T.);
#5310 = VERTEX_POINT('',#5311);
#5311 = CARTESIAN_POINT('',(-1.27,-3.556,0.));
#5312 = LINE('',#5313,#5314);
#5313 = CARTESIAN_POINT('',(-1.27,-1.524,0.));
#5314 = VECTOR('',#5315,1.);
#5315 = DIRECTION('',(0.,-1.,0.));
#5316 = ORIENTED_EDGE('',*,*,#5317,.T.);
#5317 = EDGE_CURVE('',#5310,#5318,#5320,.T.);
#5318 = VERTEX_POINT('',#5319);
#5319 = CARTESIAN_POINT('',(-1.016,-3.81,0.));
#5320 = LINE('',#5321,#5322);
#5321 = CARTESIAN_POINT('',(-1.27,-3.556,0.));
#5322 = VECTOR('',#5323,1.);
#5323 = DIRECTION('',(0.707106781187,-0.707106781187,0.));
#5324 = ORIENTED_EDGE('',*,*,#5325,.T.);
#5325 = EDGE_CURVE('',#5318,#5326,#5328,.T.);
#5326 = VERTEX_POINT('',#5327);
#5327 = CARTESIAN_POINT('',(-1.27,-4.064,0.));
#5328 = LINE('',#5329,#5330);
#5329 = CARTESIAN_POINT('',(-1.016,-3.81,0.));
#5330 = VECTOR('',#5331,1.);
#5331 = DIRECTION('',(-0.707106781187,-0.707106781187,0.));
#5332 = ORIENTED_EDGE('',*,*,#5333,.T.);
#5333 = EDGE_CURVE('',#5326,#5334,#5336,.T.);
#5334 = VERTEX_POINT('',#5335);
#5335 = CARTESIAN_POINT('',(-1.27,-6.096,0.));
#5336 = LINE('',#5337,#5338);
#5337 = CARTESIAN_POINT('',(-1.27,-4.064,0.));
#5338 = VECTOR('',#5339,1.);
#5339 = DIRECTION('',(0.,-1.,0.));
#5340 = ORIENTED_EDGE('',*,*,#5341,.T.);
#5341 = EDGE_CURVE('',#5334,#5342,#5344,.T.);
#5342 = VERTEX_POINT('',#5343);
#5343 = CARTESIAN_POINT('',(-1.016,-6.35,0.));
#5344 = LINE('',#5345,#5346);
#5345 = CARTESIAN_POINT('',(-1.27,-6.096,0.));
#5346 = VECTOR('',#5347,1.);
#5347 = DIRECTION('',(0.707106781187,-0.707106781187,0.));
#5348 = ORIENTED_EDGE('',*,*,#5349,.T.);
#5349 = EDGE_CURVE('',#5342,#5350,#5352,.T.);
#5350 = VERTEX_POINT('',#5351);
#5351 = CARTESIAN_POINT('',(-1.27,-6.604,0.));
#5352 = LINE('',#5353,#5354);
#5353 = CARTESIAN_POINT('',(-1.016,-6.35,0.));
#5354 = VECTOR('',#5355,1.);
#5355 = DIRECTION('',(-0.707106781187,-0.707106781187,0.));
#5356 = ORIENTED_EDGE('',*,*,#5357,.T.);
#5357 = EDGE_CURVE('',#5350,#5358,#5360,.T.);
#5358 = VERTEX_POINT('',#5359);
#5359 = CARTESIAN_POINT('',(-1.27,-8.636,0.));
#5360 = LINE('',#5361,#5362);
#5361 = CARTESIAN_POINT('',(-1.27,-6.604,0.));
#5362 = VECTOR('',#5363,1.);
#5363 = DIRECTION('',(0.,-1.,0.));
#5364 = ORIENTED_EDGE('',*,*,#5365,.T.);
#5365 = EDGE_CURVE('',#5358,#5366,#5368,.T.);
#5366 = VERTEX_POINT('',#5367);
#5367 = CARTESIAN_POINT('',(-1.016,-8.89,0.));
#5368 = LINE('',#5369,#5370);
#5369 = CARTESIAN_POINT('',(-1.27,-8.636,0.));
#5370 = VECTOR('',#5371,1.);
#5371 = DIRECTION('',(0.707106781187,-0.707106781187,0.));
#5372 = ORIENTED_EDGE('',*,*,#5373,.T.);
#5373 = EDGE_CURVE('',#5366,#5374,#5376,.T.);
#5374 = VERTEX_POINT('',#5375);
#5375 = CARTESIAN_POINT('',(-1.27,-9.144,0.));
#5376 = LINE('',#5377,#5378);
#5377 = CARTESIAN_POINT('',(-1.016,-8.89,0.));
#5378 = VECTOR('',#5379,1.);
#5379 = DIRECTION('',(-0.707106781187,-0.707106781187,0.));
#5380 = ORIENTED_EDGE('',*,*,#5381,.T.);
#5381 = EDGE_CURVE('',#5374,#5382,#5384,.T.);
#5382 = VERTEX_POINT('',#5383);
#5383 = CARTESIAN_POINT('',(-1.27,-11.176,0.));
#5384 = LINE('',#5385,#5386);
#5385 = CARTESIAN_POINT('',(-1.27,-9.144,0.));
#5386 = VECTOR('',#5387,1.);
#5387 = DIRECTION('',(0.,-1.,0.));
#5388 = ORIENTED_EDGE('',*,*,#5389,.T.);
#5389 = EDGE_CURVE('',#5382,#5390,#5392,.T.);
#5390 = VERTEX_POINT('',#5391);
#5391 = CARTESIAN_POINT('',(-1.016,-11.43,0.));
#5392 = LINE('',#5393,#5394);
#5393 = CARTESIAN_POINT('',(-1.27,-11.176,0.));
#5394 = VECTOR('',#5395,1.);
#5395 = DIRECTION('',(0.707106781187,-0.707106781187,0.));
#5396 = ORIENTED_EDGE('',*,*,#5397,.T.);
#5397 = EDGE_CURVE('',#5390,#5398,#5400,.T.);
#5398 = VERTEX_POINT('',#5399);
#5399 = CARTESIAN_POINT('',(-1.27,-11.684,0.));
#5400 = LINE('',#5401,#5402);
#5401 = CARTESIAN_POINT('',(-1.016,-11.43,0.));
#5402 = VECTOR('',#5403,1.);
#5403 = DIRECTION('',(-0.707106781187,-0.707106781187,0.));
#5404 = ORIENTED_EDGE('',*,*,#5405,.T.);
#5405 = EDGE_CURVE('',#5398,#5406,#5408,.T.);
#5406 = VERTEX_POINT('',#5407);
#5407 = CARTESIAN_POINT('',(-1.27,-13.716,0.));
#5408 = LINE('',#5409,#5410);
#5409 = CARTESIAN_POINT('',(-1.27,-11.684,0.));
#5410 = VECTOR('',#5411,1.);
#5411 = DIRECTION('',(0.,-1.,0.));
#5412 = ORIENTED_EDGE('',*,*,#5413,.T.);
#5413 = EDGE_CURVE('',#5406,#5414,#5416,.T.);
#5414 = VERTEX_POINT('',#5415);
#5415 = CARTESIAN_POINT('',(-1.016,-13.97,0.));
#5416 = LINE('',#5417,#5418);
#5417 = CARTESIAN_POINT('',(-1.27,-13.716,0.));
#5418 = VECTOR('',#5419,1.);
#5419 = DIRECTION('',(0.707106781187,-0.707106781187,0.));
#5420 = ORIENTED_EDGE('',*,*,#5421,.T.);
#5421 = EDGE_CURVE('',#5414,#5422,#5424,.T.);
#5422 = VERTEX_POINT('',#5423);
#5423 = CARTESIAN_POINT('',(-1.27,-14.224,0.));
#5424 = LINE('',#5425,#5426);
#5425 = CARTESIAN_POINT('',(-1.016,-13.97,0.));
#5426 = VECTOR('',#5427,1.);
#5427 = DIRECTION('',(-0.707106781187,-0.707106781187,0.));
#5428 = ORIENTED_EDGE('',*,*,#5429,.T.);
#5429 = EDGE_CURVE('',#5422,#5430,#5432,.T.);
#5430 = VERTEX_POINT('',#5431);
#5431 = CARTESIAN_POINT('',(-1.27,-16.256,0.));
#5432 = LINE('',#5433,#5434);
#5433 = CARTESIAN_POINT('',(-1.27,-14.224,0.));
#5434 = VECTOR('',#5435,1.);
#5435 = DIRECTION('',(0.,-1.,0.));
#5436 = ORIENTED_EDGE('',*,*,#5437,.T.);
#5437 = EDGE_CURVE('',#5430,#5438,#5440,.T.);
#5438 = VERTEX_POINT('',#5439);
#5439 = CARTESIAN_POINT('',(-1.016,-16.51,0.));
#5440 = LINE('',#5441,#5442);
#5441 = CARTESIAN_POINT('',(-1.27,-16.256,0.));
#5442 = VECTOR('',#5443,1.);
#5443 = DIRECTION('',(0.707106781187,-0.707106781187,0.));
#5444 = ORIENTED_EDGE('',*,*,#5445,.T.);
#5445 = EDGE_CURVE('',#5438,#5446,#5448,.T.);
#5446 = VERTEX_POINT('',#5447);
#5447 = CARTESIAN_POINT('',(1.016,-16.51,0.));
#5448 = LINE('',#5449,#5450);
#5449 = CARTESIAN_POINT('',(-1.016,-16.51,0.));
#5450 = VECTOR('',#5451,1.);
#5451 = DIRECTION('',(1.,0.,0.));
#5452 = ORIENTED_EDGE('',*,*,#5453,.T.);
#5453 = EDGE_CURVE('',#5446,#5454,#5456,.T.);
#5454 = VERTEX_POINT('',#5455);
#5455 = CARTESIAN_POINT('',(1.27,-16.256,0.));
#5456 = LINE('',#5457,#5458);
#5457 = CARTESIAN_POINT('',(1.016,-16.51,0.));
#5458 = VECTOR('',#5459,1.);
#5459 = DIRECTION('',(0.707106781187,0.707106781187,0.));
#5460 = ORIENTED_EDGE('',*,*,#5461,.T.);
#5461 = EDGE_CURVE('',#5454,#5462,#5464,.T.);
#5462 = VERTEX_POINT('',#5463);
#5463 = CARTESIAN_POINT('',(1.27,-14.224,0.));
#5464 = LINE('',#5465,#5466);
#5465 = CARTESIAN_POINT('',(1.27,-16.256,0.));
#5466 = VECTOR('',#5467,1.);
#5467 = DIRECTION('',(0.,1.,0.));
#5468 = ORIENTED_EDGE('',*,*,#5469,.T.);
#5469 = EDGE_CURVE('',#5462,#5470,#5472,.T.);
#5470 = VERTEX_POINT('',#5471);
#5471 = CARTESIAN_POINT('',(1.016,-13.97,0.));
#5472 = LINE('',#5473,#5474);
#5473 = CARTESIAN_POINT('',(1.27,-14.224,0.));
#5474 = VECTOR('',#5475,1.);
#5475 = DIRECTION('',(-0.707106781187,0.707106781187,0.));
#5476 = ORIENTED_EDGE('',*,*,#5477,.T.);
#5477 = EDGE_CURVE('',#5470,#5478,#5480,.T.);
#5478 = VERTEX_POINT('',#5479);
#5479 = CARTESIAN_POINT('',(1.27,-13.716,0.));
#5480 = LINE('',#5481,#5482);
#5481 = CARTESIAN_POINT('',(1.016,-13.97,0.));
#5482 = VECTOR('',#5483,1.);
#5483 = DIRECTION('',(0.707106781187,0.707106781187,0.));
#5484 = ORIENTED_EDGE('',*,*,#5485,.T.);
#5485 = EDGE_CURVE('',#5478,#5486,#5488,.T.);
#5486 = VERTEX_POINT('',#5487);
#5487 = CARTESIAN_POINT('',(1.27,-11.684,0.));
#5488 = LINE('',#5489,#5490);
#5489 = CARTESIAN_POINT('',(1.27,-13.716,0.));
#5490 = VECTOR('',#5491,1.);
#5491 = DIRECTION('',(0.,1.,0.));
#5492 = ORIENTED_EDGE('',*,*,#5493,.T.);
#5493 = EDGE_CURVE('',#5486,#5494,#5496,.T.);
#5494 = VERTEX_POINT('',#5495);
#5495 = CARTESIAN_POINT('',(1.016,-11.43,0.));
#5496 = LINE('',#5497,#5498);
#5497 = CARTESIAN_POINT('',(1.27,-11.684,0.));
#5498 = VECTOR('',#5499,1.);
#5499 = DIRECTION('',(-0.707106781187,0.707106781187,0.));
#5500 = ORIENTED_EDGE('',*,*,#5501,.T.);
#5501 = EDGE_CURVE('',#5494,#5502,#5504,.T.);
#5502 = VERTEX_POINT('',#5503);
#5503 = CARTESIAN_POINT('',(1.27,-11.176,0.));
#5504 = LINE('',#5505,#5506);
#5505 = CARTESIAN_POINT('',(1.016,-11.43,0.));
#5506 = VECTOR('',#5507,1.);
#5507 = DIRECTION('',(0.707106781187,0.707106781187,0.));
#5508 = ORIENTED_EDGE('',*,*,#5509,.T.);
#5509 = EDGE_CURVE('',#5502,#5510,#5512,.T.);
#5510 = VERTEX_POINT('',#5511);
#5511 = CARTESIAN_POINT('',(1.27,-9.144,0.));
#5512 = LINE('',#5513,#5514);
#5513 = CARTESIAN_POINT('',(1.27,-11.176,0.));
#5514 = VECTOR('',#5515,1.);
#5515 = DIRECTION('',(0.,1.,0.));
#5516 = ORIENTED_EDGE('',*,*,#5517,.T.);
#5517 = EDGE_CURVE('',#5510,#5518,#5520,.T.);
#5518 = VERTEX_POINT('',#5519);
#5519 = CARTESIAN_POINT('',(1.016,-8.89,0.));
#5520 = LINE('',#5521,#5522);
#5521 = CARTESIAN_POINT('',(1.27,-9.144,0.));
#5522 = VECTOR('',#5523,1.);
#5523 = DIRECTION('',(-0.707106781187,0.707106781187,0.));
#5524 = ORIENTED_EDGE('',*,*,#5525,.T.);
#5525 = EDGE_CURVE('',#5518,#5526,#5528,.T.);
#5526 = VERTEX_POINT('',#5527);
#5527 = CARTESIAN_POINT('',(1.27,-8.636,0.));
#5528 = LINE('',#5529,#5530);
#5529 = CARTESIAN_POINT('',(1.016,-8.89,0.));
#5530 = VECTOR('',#5531,1.);
#5531 = DIRECTION('',(0.707106781187,0.707106781187,0.));
#5532 = ORIENTED_EDGE('',*,*,#5533,.T.);
#5533 = EDGE_CURVE('',#5526,#5534,#5536,.T.);
#5534 = VERTEX_POINT('',#5535);
#5535 = CARTESIAN_POINT('',(1.27,-6.604,0.));
#5536 = LINE('',#5537,#5538);
#5537 = CARTESIAN_POINT('',(1.27,-8.636,0.));
#5538 = VECTOR('',#5539,1.);
#5539 = DIRECTION('',(0.,1.,0.));
#5540 = ORIENTED_EDGE('',*,*,#5541,.T.);
#5541 = EDGE_CURVE('',#5534,#5542,#5544,.T.);
#5542 = VERTEX_POINT('',#5543);
#5543 = CARTESIAN_POINT('',(1.016,-6.35,0.));
#5544 = LINE('',#5545,#5546);
#5545 = CARTESIAN_POINT('',(1.27,-6.604,0.));
#5546 = VECTOR('',#5547,1.);
#5547 = DIRECTION('',(-0.707106781187,0.707106781187,0.));
#5548 = ORIENTED_EDGE('',*,*,#5549,.T.);
#5549 = EDGE_CURVE('',#5542,#5550,#5552,.T.);
#5550 = VERTEX_POINT('',#5551);
#5551 = CARTESIAN_POINT('',(1.27,-6.096,0.));
#5552 = LINE('',#5553,#5554);
#5553 = CARTESIAN_POINT('',(1.016,-6.35,0.));
#5554 = VECTOR('',#5555,1.);
#5555 = DIRECTION('',(0.707106781187,0.707106781187,0.));
#5556 = ORIENTED_EDGE('',*,*,#5557,.T.);
#5557 = EDGE_CURVE('',#5550,#5558,#5560,.T.);
#5558 = VERTEX_POINT('',#5559);
#5559 = CARTESIAN_POINT('',(1.27,-4.064,0.));
#5560 = LINE('',#5561,#5562);
#5561 = CARTESIAN_POINT('',(1.27,-6.096,0.));
#5562 = VECTOR('',#5563,1.);
#5563 = DIRECTION('',(0.,1.,0.));
#5564 = ORIENTED_EDGE('',*,*,#5565,.T.);
#5565 = EDGE_CURVE('',#5558,#5566,#5568,.T.);
#5566 = VERTEX_POINT('',#5567);
#5567 = CARTESIAN_POINT('',(1.016,-3.81,0.));
#5568 = LINE('',#5569,#5570);
#5569 = CARTESIAN_POINT('',(1.27,-4.064,0.));
#5570 = VECTOR('',#5571,1.);
#5571 = DIRECTION('',(-0.707106781187,0.707106781187,0.));
#5572 = ORIENTED_EDGE('',*,*,#5573,.T.);
#5573 = EDGE_CURVE('',#5566,#5574,#5576,.T.);
#5574 = VERTEX_POINT('',#5575);
#5575 = CARTESIAN_POINT('',(1.27,-3.556,0.));
#5576 = LINE('',#5577,#5578);
#5577 = CARTESIAN_POINT('',(1.016,-3.81,0.));
#5578 = VECTOR('',#5579,1.);
#5579 = DIRECTION('',(0.707106781187,0.707106781187,0.));
#5580 = ORIENTED_EDGE('',*,*,#5581,.T.);
#5581 = EDGE_CURVE('',#5574,#5582,#5584,.T.);
#5582 = VERTEX_POINT('',#5583);
#5583 = CARTESIAN_POINT('',(1.27,-1.524,0.));
#5584 = LINE('',#5585,#5586);
#5585 = CARTESIAN_POINT('',(1.27,-3.556,0.));
#5586 = VECTOR('',#5587,1.);
#5587 = DIRECTION('',(0.,1.,0.));
#5588 = ORIENTED_EDGE('',*,*,#5589,.T.);
#5589 = EDGE_CURVE('',#5582,#5590,#5592,.T.);
#5590 = VERTEX_POINT('',#5591);
#5591 = CARTESIAN_POINT('',(1.016,-1.27,0.));
#5592 = LINE('',#5593,#5594);
#5593 = CARTESIAN_POINT('',(1.27,-1.524,0.));
#5594 = VECTOR('',#5595,1.);
#5595 = DIRECTION('',(-0.707106781187,0.707106781187,0.));
#5596 = ORIENTED_EDGE('',*,*,#5597,.T.);
#5597 = EDGE_CURVE('',#5590,#5598,#5600,.T.);
#5598 = VERTEX_POINT('',#5599);
#5599 = CARTESIAN_POINT('',(1.27,-1.016,0.));
#5600 = LINE('',#5601,#5602);
#5601 = CARTESIAN_POINT('',(1.016,-1.27,0.));
#5602 = VECTOR('',#5603,1.);
#5603 = DIRECTION('',(0.707106781187,0.707106781187,0.));
#5604 = ORIENTED_EDGE('',*,*,#5605,.T.);
#5605 = EDGE_CURVE('',#5598,#5606,#5608,.T.);
#5606 = VERTEX_POINT('',#5607);
#5607 = CARTESIAN_POINT('',(1.27,1.016,0.));
#5608 = LINE('',#5609,#5610);
#5609 = CARTESIAN_POINT('',(1.27,-1.016,0.));
#5610 = VECTOR('',#5611,1.);
#5611 = DIRECTION('',(0.,1.,0.));
#5612 = ORIENTED_EDGE('',*,*,#5613,.T.);
#5613 = EDGE_CURVE('',#5606,#5230,#5614,.T.);
#5614 = LINE('',#5615,#5616);
#5615 = CARTESIAN_POINT('',(1.27,1.016,0.));
#5616 = VECTOR('',#5617,1.);
#5617 = DIRECTION('',(-0.707106781187,0.707106781187,0.));
#5618 = ORIENTED_EDGE('',*,*,#5246,.T.);
#5619 = FACE_BOUND('',#5620,.F.);
#5620 = EDGE_LOOP('',(#5621,#5631,#5639,#5647));
#5621 = ORIENTED_EDGE('',*,*,#5622,.F.);
#5622 = EDGE_CURVE('',#5623,#5625,#5627,.T.);
#5623 = VERTEX_POINT('',#5624);
#5624 = CARTESIAN_POINT('',(0.32,-12.38,0.));
#5625 = VERTEX_POINT('',#5626);
#5626 = CARTESIAN_POINT('',(-0.32,-12.38,0.));
#5627 = LINE('',#5628,#5629);
#5628 = CARTESIAN_POINT('',(-0.16,-12.38,0.));
#5629 = VECTOR('',#5630,1.);
#5630 = DIRECTION('',(-1.,0.,0.));
#5631 = ORIENTED_EDGE('',*,*,#5632,.F.);
#5632 = EDGE_CURVE('',#5633,#5623,#5635,.T.);
#5633 = VERTEX_POINT('',#5634);
#5634 = CARTESIAN_POINT('',(0.32,-13.02,0.));
#5635 = LINE('',#5636,#5637);
#5636 = CARTESIAN_POINT('',(0.32,-10.32,0.));
#5637 = VECTOR('',#5638,1.);
#5638 = DIRECTION('',(0.,1.,0.));
#5639 = ORIENTED_EDGE('',*,*,#5640,.T.);
#5640 = EDGE_CURVE('',#5633,#5641,#5643,.T.);
#5641 = VERTEX_POINT('',#5642);
#5642 = CARTESIAN_POINT('',(-0.32,-13.02,0.));
#5643 = LINE('',#5644,#5645);
#5644 = CARTESIAN_POINT('',(-0.16,-13.02,0.));
#5645 = VECTOR('',#5646,1.);
#5646 = DIRECTION('',(-1.,0.,0.));
#5647 = ORIENTED_EDGE('',*,*,#5648,.T.);
#5648 = EDGE_CURVE('',#5641,#5625,#5649,.T.);
#5649 = LINE('',#5650,#5651);
#5650 = CARTESIAN_POINT('',(-0.32,-10.32,0.));
#5651 = VECTOR('',#5652,1.);
#5652 = DIRECTION('',(0.,1.,0.));
#5653 = FACE_BOUND('',#5654,.F.);
#5654 = EDGE_LOOP('',(#5655,#5665,#5673,#5681));
#5655 = ORIENTED_EDGE('',*,*,#5656,.F.);
#5656 = EDGE_CURVE('',#5657,#5659,#5661,.T.);
#5657 = VERTEX_POINT('',#5658);
#5658 = CARTESIAN_POINT('',(0.32,-15.56,0.));
#5659 = VERTEX_POINT('',#5660);
#5660 = CARTESIAN_POINT('',(0.32,-14.92,0.));
#5661 = LINE('',#5662,#5663);
#5662 = CARTESIAN_POINT('',(0.32,-11.59,0.));
#5663 = VECTOR('',#5664,1.);
#5664 = DIRECTION('',(0.,1.,0.));
#5665 = ORIENTED_EDGE('',*,*,#5666,.T.);
#5666 = EDGE_CURVE('',#5657,#5667,#5669,.T.);
#5667 = VERTEX_POINT('',#5668);
#5668 = CARTESIAN_POINT('',(-0.32,-15.56,0.));
#5669 = LINE('',#5670,#5671);
#5670 = CARTESIAN_POINT('',(-0.16,-15.56,0.));
#5671 = VECTOR('',#5672,1.);
#5672 = DIRECTION('',(-1.,0.,0.));
#5673 = ORIENTED_EDGE('',*,*,#5674,.T.);
#5674 = EDGE_CURVE('',#5667,#5675,#5677,.T.);
#5675 = VERTEX_POINT('',#5676);
#5676 = CARTESIAN_POINT('',(-0.32,-14.92,0.));
#5677 = LINE('',#5678,#5679);
#5678 = CARTESIAN_POINT('',(-0.32,-11.59,0.));
#5679 = VECTOR('',#5680,1.);
#5680 = DIRECTION('',(0.,1.,0.));
#5681 = ORIENTED_EDGE('',*,*,#5682,.F.);
#5682 = EDGE_CURVE('',#5659,#5675,#5683,.T.);
#5683 = LINE('',#5684,#5685);
#5684 = CARTESIAN_POINT('',(-0.16,-14.92,0.));
#5685 = VECTOR('',#5686,1.);
#5686 = DIRECTION('',(-1.,0.,0.));
#5687 = FACE_BOUND('',#5688,.F.);
#5688 = EDGE_LOOP('',(#5689,#5699,#5707,#5715));
#5689 = ORIENTED_EDGE('',*,*,#5690,.F.);
#5690 = EDGE_CURVE('',#5691,#5693,#5695,.T.);
#5691 = VERTEX_POINT('',#5692);
#5692 = CARTESIAN_POINT('',(0.32,-9.84,0.));
#5693 = VERTEX_POINT('',#5694);
#5694 = CARTESIAN_POINT('',(-0.32,-9.84,0.));
#5695 = LINE('',#5696,#5697);
#5696 = CARTESIAN_POINT('',(-0.16,-9.84,0.));
#5697 = VECTOR('',#5698,1.);
#5698 = DIRECTION('',(-1.,0.,0.));
#5699 = ORIENTED_EDGE('',*,*,#5700,.F.);
#5700 = EDGE_CURVE('',#5701,#5691,#5703,.T.);
#5701 = VERTEX_POINT('',#5702);
#5702 = CARTESIAN_POINT('',(0.32,-10.48,0.));
#5703 = LINE('',#5704,#5705);
#5704 = CARTESIAN_POINT('',(0.32,-9.05,0.));
#5705 = VECTOR('',#5706,1.);
#5706 = DIRECTION('',(0.,1.,0.));
#5707 = ORIENTED_EDGE('',*,*,#5708,.T.);
#5708 = EDGE_CURVE('',#5701,#5709,#5711,.T.);
#5709 = VERTEX_POINT('',#5710);
#5710 = CARTESIAN_POINT('',(-0.32,-10.48,0.));
#5711 = LINE('',#5712,#5713);
#5712 = CARTESIAN_POINT('',(-0.16,-10.48,0.));
#5713 = VECTOR('',#5714,1.);
#5714 = DIRECTION('',(-1.,0.,0.));
#5715 = ORIENTED_EDGE('',*,*,#5716,.T.);
#5716 = EDGE_CURVE('',#5709,#5693,#5717,.T.);
#5717 = LINE('',#5718,#5719);
#5718 = CARTESIAN_POINT('',(-0.32,-9.05,0.));
#5719 = VECTOR('',#5720,1.);
#5720 = DIRECTION('',(0.,1.,0.));
#5721 = FACE_BOUND('',#5722,.F.);
#5722 = EDGE_LOOP('',(#5723,#5733,#5741,#5749));
#5723 = ORIENTED_EDGE('',*,*,#5724,.F.);
#5724 = EDGE_CURVE('',#5725,#5727,#5729,.T.);
#5725 = VERTEX_POINT('',#5726);
#5726 = CARTESIAN_POINT('',(0.32,-2.86,0.));
#5727 = VERTEX_POINT('',#5728);
#5728 = CARTESIAN_POINT('',(0.32,-2.22,0.));
#5729 = LINE('',#5730,#5731);
#5730 = CARTESIAN_POINT('',(0.32,-5.24,0.));
#5731 = VECTOR('',#5732,1.);
#5732 = DIRECTION('',(0.,1.,0.));
#5733 = ORIENTED_EDGE('',*,*,#5734,.T.);
#5734 = EDGE_CURVE('',#5725,#5735,#5737,.T.);
#5735 = VERTEX_POINT('',#5736);
#5736 = CARTESIAN_POINT('',(-0.32,-2.86,0.));
#5737 = LINE('',#5738,#5739);
#5738 = CARTESIAN_POINT('',(-0.16,-2.86,0.));
#5739 = VECTOR('',#5740,1.);
#5740 = DIRECTION('',(-1.,0.,0.));
#5741 = ORIENTED_EDGE('',*,*,#5742,.T.);
#5742 = EDGE_CURVE('',#5735,#5743,#5745,.T.);
#5743 = VERTEX_POINT('',#5744);
#5744 = CARTESIAN_POINT('',(-0.32,-2.22,0.));
#5745 = LINE('',#5746,#5747);
#5746 = CARTESIAN_POINT('',(-0.32,-5.24,0.));
#5747 = VECTOR('',#5748,1.);
#5748 = DIRECTION('',(0.,1.,0.));
#5749 = ORIENTED_EDGE('',*,*,#5750,.F.);
#5750 = EDGE_CURVE('',#5727,#5743,#5751,.T.);
#5751 = LINE('',#5752,#5753);
#5752 = CARTESIAN_POINT('',(-0.16,-2.22,0.));
#5753 = VECTOR('',#5754,1.);
#5754 = DIRECTION('',(-1.,0.,0.));
#5755 = FACE_BOUND('',#5756,.F.);
#5756 = EDGE_LOOP('',(#5757,#5767,#5775,#5783));
#5757 = ORIENTED_EDGE('',*,*,#5758,.T.);
#5758 = EDGE_CURVE('',#5759,#5761,#5763,.T.);
#5759 = VERTEX_POINT('',#5760);
#5760 = CARTESIAN_POINT('',(0.32,-5.4,0.));
#5761 = VERTEX_POINT('',#5762);
#5762 = CARTESIAN_POINT('',(-0.32,-5.4,0.));
#5763 = LINE('',#5764,#5765);
#5764 = CARTESIAN_POINT('',(-0.16,-5.4,0.));
#5765 = VECTOR('',#5766,1.);
#5766 = DIRECTION('',(-1.,0.,0.));
#5767 = ORIENTED_EDGE('',*,*,#5768,.T.);
#5768 = EDGE_CURVE('',#5761,#5769,#5771,.T.);
#5769 = VERTEX_POINT('',#5770);
#5770 = CARTESIAN_POINT('',(-0.32,-4.76,0.));
#5771 = LINE('',#5772,#5773);
#5772 = CARTESIAN_POINT('',(-0.32,-6.51,0.));
#5773 = VECTOR('',#5774,1.);
#5774 = DIRECTION('',(0.,1.,0.));
#5775 = ORIENTED_EDGE('',*,*,#5776,.F.);
#5776 = EDGE_CURVE('',#5777,#5769,#5779,.T.);
#5777 = VERTEX_POINT('',#5778);
#5778 = CARTESIAN_POINT('',(0.32,-4.76,0.));
#5779 = LINE('',#5780,#5781);
#5780 = CARTESIAN_POINT('',(-0.16,-4.76,0.));
#5781 = VECTOR('',#5782,1.);
#5782 = DIRECTION('',(-1.,0.,0.));
#5783 = ORIENTED_EDGE('',*,*,#5784,.F.);
#5784 = EDGE_CURVE('',#5759,#5777,#5785,.T.);
#5785 = LINE('',#5786,#5787);
#5786 = CARTESIAN_POINT('',(0.32,-6.51,0.));
#5787 = VECTOR('',#5788,1.);
#5788 = DIRECTION('',(0.,1.,0.));
#5789 = FACE_BOUND('',#5790,.F.);
#5790 = EDGE_LOOP('',(#5791,#5801,#5809,#5817));
#5791 = ORIENTED_EDGE('',*,*,#5792,.F.);
#5792 = EDGE_CURVE('',#5793,#5795,#5797,.T.);
#5793 = VERTEX_POINT('',#5794);
#5794 = CARTESIAN_POINT('',(0.32,-7.94,0.));
#5795 = VERTEX_POINT('',#5796);
#5796 = CARTESIAN_POINT('',(0.32,-7.3,0.));
#5797 = LINE('',#5798,#5799);
#5798 = CARTESIAN_POINT('',(0.32,-7.78,0.));
#5799 = VECTOR('',#5800,1.);
#5800 = DIRECTION('',(0.,1.,0.));
#5801 = ORIENTED_EDGE('',*,*,#5802,.T.);
#5802 = EDGE_CURVE('',#5793,#5803,#5805,.T.);
#5803 = VERTEX_POINT('',#5804);
#5804 = CARTESIAN_POINT('',(-0.32,-7.94,0.));
#5805 = LINE('',#5806,#5807);
#5806 = CARTESIAN_POINT('',(-0.16,-7.94,0.));
#5807 = VECTOR('',#5808,1.);
#5808 = DIRECTION('',(-1.,0.,0.));
#5809 = ORIENTED_EDGE('',*,*,#5810,.T.);
#5810 = EDGE_CURVE('',#5803,#5811,#5813,.T.);
#5811 = VERTEX_POINT('',#5812);
#5812 = CARTESIAN_POINT('',(-0.32,-7.3,0.));
#5813 = LINE('',#5814,#5815);
#5814 = CARTESIAN_POINT('',(-0.32,-7.78,0.));
#5815 = VECTOR('',#5816,1.);
#5816 = DIRECTION('',(0.,1.,0.));
#5817 = ORIENTED_EDGE('',*,*,#5818,.F.);
#5818 = EDGE_CURVE('',#5795,#5811,#5819,.T.);
#5819 = LINE('',#5820,#5821);
#5820 = CARTESIAN_POINT('',(-0.16,-7.3,0.));
#5821 = VECTOR('',#5822,1.);
#5822 = DIRECTION('',(-1.,0.,0.));
#5823 = FACE_BOUND('',#5824,.F.);
#5824 = EDGE_LOOP('',(#5825,#5835,#5843,#5851));
#5825 = ORIENTED_EDGE('',*,*,#5826,.T.);
#5826 = EDGE_CURVE('',#5827,#5829,#5831,.T.);
#5827 = VERTEX_POINT('',#5828);
#5828 = CARTESIAN_POINT('',(0.32,-0.32,0.));
#5829 = VERTEX_POINT('',#5830);
#5830 = CARTESIAN_POINT('',(-0.32,-0.32,0.));
#5831 = LINE('',#5832,#5833);
#5832 = CARTESIAN_POINT('',(-0.16,-0.32,0.));
#5833 = VECTOR('',#5834,1.);
#5834 = DIRECTION('',(-1.,0.,0.));
#5835 = ORIENTED_EDGE('',*,*,#5836,.T.);
#5836 = EDGE_CURVE('',#5829,#5837,#5839,.T.);
#5837 = VERTEX_POINT('',#5838);
#5838 = CARTESIAN_POINT('',(-0.32,0.32,0.));
#5839 = LINE('',#5840,#5841);
#5840 = CARTESIAN_POINT('',(-0.32,-3.97,0.));
#5841 = VECTOR('',#5842,1.);
#5842 = DIRECTION('',(0.,1.,0.));
#5843 = ORIENTED_EDGE('',*,*,#5844,.F.);
#5844 = EDGE_CURVE('',#5845,#5837,#5847,.T.);
#5845 = VERTEX_POINT('',#5846);
#5846 = CARTESIAN_POINT('',(0.32,0.32,0.));
#5847 = LINE('',#5848,#5849);
#5848 = CARTESIAN_POINT('',(-0.16,0.32,0.));
#5849 = VECTOR('',#5850,1.);
#5850 = DIRECTION('',(-1.,0.,0.));
#5851 = ORIENTED_EDGE('',*,*,#5852,.F.);
#5852 = EDGE_CURVE('',#5827,#5845,#5853,.T.);
#5853 = LINE('',#5854,#5855);
#5854 = CARTESIAN_POINT('',(0.32,-3.97,0.));
#5855 = VECTOR('',#5856,1.);
#5856 = DIRECTION('',(0.,1.,0.));
#5857 = PLANE('',#5858);
#5858 = AXIS2_PLACEMENT_3D('',#5859,#5860,#5861);
#5859 = CARTESIAN_POINT('',(-1.56480052915E-17,-7.62,0.));
#5860 = DIRECTION('',(0.,0.,1.));
#5861 = DIRECTION('',(1.,0.,-0.));
#5862 = ADVANCED_FACE('',(#5863,#6194,#6228,#6262,#6296,#6330,#6364,
    #6398),#6432,.T.);
#5863 = FACE_BOUND('',#5864,.T.);
#5864 = EDGE_LOOP('',(#5865,#5866,#5867,#5875,#5883,#5891,#5899,#5907,
    #5915,#5923,#5931,#5939,#5947,#5955,#5963,#5971,#5979,#5987,#5995,
    #6003,#6011,#6019,#6027,#6035,#6043,#6051,#6059,#6067,#6075,#6083,
    #6091,#6099,#6107,#6115,#6123,#6131,#6139,#6147,#6155,#6163,#6171,
    #6179,#6187,#6193));
#5865 = ORIENTED_EDGE('',*,*,#5199,.T.);
#5866 = ORIENTED_EDGE('',*,*,#5261,.T.);
#5867 = ORIENTED_EDGE('',*,*,#5868,.T.);
#5868 = EDGE_CURVE('',#5262,#5869,#5871,.T.);
#5869 = VERTEX_POINT('',#5870);
#5870 = CARTESIAN_POINT('',(-1.016,-1.27,2.54));
#5871 = LINE('',#5872,#5873);
#5872 = CARTESIAN_POINT('',(-1.27,-1.016,2.54));
#5873 = VECTOR('',#5874,1.);
#5874 = DIRECTION('',(0.707106781187,-0.707106781187,0.));
#5875 = ORIENTED_EDGE('',*,*,#5876,.T.);
#5876 = EDGE_CURVE('',#5869,#5877,#5879,.T.);
#5877 = VERTEX_POINT('',#5878);
#5878 = CARTESIAN_POINT('',(-1.27,-1.524,2.54));
#5879 = LINE('',#5880,#5881);
#5880 = CARTESIAN_POINT('',(-1.016,-1.27,2.54));
#5881 = VECTOR('',#5882,1.);
#5882 = DIRECTION('',(-0.707106781187,-0.707106781187,0.));
#5883 = ORIENTED_EDGE('',*,*,#5884,.T.);
#5884 = EDGE_CURVE('',#5877,#5885,#5887,.T.);
#5885 = VERTEX_POINT('',#5886);
#5886 = CARTESIAN_POINT('',(-1.27,-3.556,2.54));
#5887 = LINE('',#5888,#5889);
#5888 = CARTESIAN_POINT('',(-1.27,-1.524,2.54));
#5889 = VECTOR('',#5890,1.);
#5890 = DIRECTION('',(0.,-1.,0.));
#5891 = ORIENTED_EDGE('',*,*,#5892,.T.);
#5892 = EDGE_CURVE('',#5885,#5893,#5895,.T.);
#5893 = VERTEX_POINT('',#5894);
#5894 = CARTESIAN_POINT('',(-1.016,-3.81,2.54));
#5895 = LINE('',#5896,#5897);
#5896 = CARTESIAN_POINT('',(-1.27,-3.556,2.54));
#5897 = VECTOR('',#5898,1.);
#5898 = DIRECTION('',(0.707106781187,-0.707106781187,0.));
#5899 = ORIENTED_EDGE('',*,*,#5900,.T.);
#5900 = EDGE_CURVE('',#5893,#5901,#5903,.T.);
#5901 = VERTEX_POINT('',#5902);
#5902 = CARTESIAN_POINT('',(-1.27,-4.064,2.54));
#5903 = LINE('',#5904,#5905);
#5904 = CARTESIAN_POINT('',(-1.016,-3.81,2.54));
#5905 = VECTOR('',#5906,1.);
#5906 = DIRECTION('',(-0.707106781187,-0.707106781187,0.));
#5907 = ORIENTED_EDGE('',*,*,#5908,.T.);
#5908 = EDGE_CURVE('',#5901,#5909,#5911,.T.);
#5909 = VERTEX_POINT('',#5910);
#5910 = CARTESIAN_POINT('',(-1.27,-6.096,2.54));
#5911 = LINE('',#5912,#5913);
#5912 = CARTESIAN_POINT('',(-1.27,-4.064,2.54));
#5913 = VECTOR('',#5914,1.);
#5914 = DIRECTION('',(0.,-1.,0.));
#5915 = ORIENTED_EDGE('',*,*,#5916,.T.);
#5916 = EDGE_CURVE('',#5909,#5917,#5919,.T.);
#5917 = VERTEX_POINT('',#5918);
#5918 = CARTESIAN_POINT('',(-1.016,-6.35,2.54));
#5919 = LINE('',#5920,#5921);
#5920 = CARTESIAN_POINT('',(-1.27,-6.096,2.54));
#5921 = VECTOR('',#5922,1.);
#5922 = DIRECTION('',(0.707106781187,-0.707106781187,0.));
#5923 = ORIENTED_EDGE('',*,*,#5924,.T.);
#5924 = EDGE_CURVE('',#5917,#5925,#5927,.T.);
#5925 = VERTEX_POINT('',#5926);
#5926 = CARTESIAN_POINT('',(-1.27,-6.604,2.54));
#5927 = LINE('',#5928,#5929);
#5928 = CARTESIAN_POINT('',(-1.016,-6.35,2.54));
#5929 = VECTOR('',#5930,1.);
#5930 = DIRECTION('',(-0.707106781187,-0.707106781187,0.));
#5931 = ORIENTED_EDGE('',*,*,#5932,.T.);
#5932 = EDGE_CURVE('',#5925,#5933,#5935,.T.);
#5933 = VERTEX_POINT('',#5934);
#5934 = CARTESIAN_POINT('',(-1.27,-8.636,2.54));
#5935 = LINE('',#5936,#5937);
#5936 = CARTESIAN_POINT('',(-1.27,-6.604,2.54));
#5937 = VECTOR('',#5938,1.);
#5938 = DIRECTION('',(0.,-1.,0.));
#5939 = ORIENTED_EDGE('',*,*,#5940,.T.);
#5940 = EDGE_CURVE('',#5933,#5941,#5943,.T.);
#5941 = VERTEX_POINT('',#5942);
#5942 = CARTESIAN_POINT('',(-1.016,-8.89,2.54));
#5943 = LINE('',#5944,#5945);
#5944 = CARTESIAN_POINT('',(-1.27,-8.636,2.54));
#5945 = VECTOR('',#5946,1.);
#5946 = DIRECTION('',(0.707106781187,-0.707106781187,0.));
#5947 = ORIENTED_EDGE('',*,*,#5948,.T.);
#5948 = EDGE_CURVE('',#5941,#5949,#5951,.T.);
#5949 = VERTEX_POINT('',#5950);
#5950 = CARTESIAN_POINT('',(-1.27,-9.144,2.54));
#5951 = LINE('',#5952,#5953);
#5952 = CARTESIAN_POINT('',(-1.016,-8.89,2.54));
#5953 = VECTOR('',#5954,1.);
#5954 = DIRECTION('',(-0.707106781187,-0.707106781187,0.));
#5955 = ORIENTED_EDGE('',*,*,#5956,.T.);
#5956 = EDGE_CURVE('',#5949,#5957,#5959,.T.);
#5957 = VERTEX_POINT('',#5958);
#5958 = CARTESIAN_POINT('',(-1.27,-11.176,2.54));
#5959 = LINE('',#5960,#5961);
#5960 = CARTESIAN_POINT('',(-1.27,-9.144,2.54));
#5961 = VECTOR('',#5962,1.);
#5962 = DIRECTION('',(0.,-1.,0.));
#5963 = ORIENTED_EDGE('',*,*,#5964,.T.);
#5964 = EDGE_CURVE('',#5957,#5965,#5967,.T.);
#5965 = VERTEX_POINT('',#5966);
#5966 = CARTESIAN_POINT('',(-1.016,-11.43,2.54));
#5967 = LINE('',#5968,#5969);
#5968 = CARTESIAN_POINT('',(-1.27,-11.176,2.54));
#5969 = VECTOR('',#5970,1.);
#5970 = DIRECTION('',(0.707106781187,-0.707106781187,0.));
#5971 = ORIENTED_EDGE('',*,*,#5972,.T.);
#5972 = EDGE_CURVE('',#5965,#5973,#5975,.T.);
#5973 = VERTEX_POINT('',#5974);
#5974 = CARTESIAN_POINT('',(-1.27,-11.684,2.54));
#5975 = LINE('',#5976,#5977);
#5976 = CARTESIAN_POINT('',(-1.016,-11.43,2.54));
#5977 = VECTOR('',#5978,1.);
#5978 = DIRECTION('',(-0.707106781187,-0.707106781187,0.));
#5979 = ORIENTED_EDGE('',*,*,#5980,.T.);
#5980 = EDGE_CURVE('',#5973,#5981,#5983,.T.);
#5981 = VERTEX_POINT('',#5982);
#5982 = CARTESIAN_POINT('',(-1.27,-13.716,2.54));
#5983 = LINE('',#5984,#5985);
#5984 = CARTESIAN_POINT('',(-1.27,-11.684,2.54));
#5985 = VECTOR('',#5986,1.);
#5986 = DIRECTION('',(0.,-1.,0.));
#5987 = ORIENTED_EDGE('',*,*,#5988,.T.);
#5988 = EDGE_CURVE('',#5981,#5989,#5991,.T.);
#5989 = VERTEX_POINT('',#5990);
#5990 = CARTESIAN_POINT('',(-1.016,-13.97,2.54));
#5991 = LINE('',#5992,#5993);
#5992 = CARTESIAN_POINT('',(-1.27,-13.716,2.54));
#5993 = VECTOR('',#5994,1.);
#5994 = DIRECTION('',(0.707106781187,-0.707106781187,0.));
#5995 = ORIENTED_EDGE('',*,*,#5996,.T.);
#5996 = EDGE_CURVE('',#5989,#5997,#5999,.T.);
#5997 = VERTEX_POINT('',#5998);
#5998 = CARTESIAN_POINT('',(-1.27,-14.224,2.54));
#5999 = LINE('',#6000,#6001);
#6000 = CARTESIAN_POINT('',(-1.016,-13.97,2.54));
#6001 = VECTOR('',#6002,1.);
#6002 = DIRECTION('',(-0.707106781187,-0.707106781187,0.));
#6003 = ORIENTED_EDGE('',*,*,#6004,.T.);
#6004 = EDGE_CURVE('',#5997,#6005,#6007,.T.);
#6005 = VERTEX_POINT('',#6006);
#6006 = CARTESIAN_POINT('',(-1.27,-16.256,2.54));
#6007 = LINE('',#6008,#6009);
#6008 = CARTESIAN_POINT('',(-1.27,-14.224,2.54));
#6009 = VECTOR('',#6010,1.);
#6010 = DIRECTION('',(0.,-1.,0.));
#6011 = ORIENTED_EDGE('',*,*,#6012,.T.);
#6012 = EDGE_CURVE('',#6005,#6013,#6015,.T.);
#6013 = VERTEX_POINT('',#6014);
#6014 = CARTESIAN_POINT('',(-1.016,-16.51,2.54));
#6015 = LINE('',#6016,#6017);
#6016 = CARTESIAN_POINT('',(-1.27,-16.256,2.54));
#6017 = VECTOR('',#6018,1.);
#6018 = DIRECTION('',(0.707106781187,-0.707106781187,0.));
#6019 = ORIENTED_EDGE('',*,*,#6020,.T.);
#6020 = EDGE_CURVE('',#6013,#6021,#6023,.T.);
#6021 = VERTEX_POINT('',#6022);
#6022 = CARTESIAN_POINT('',(1.016,-16.51,2.54));
#6023 = LINE('',#6024,#6025);
#6024 = CARTESIAN_POINT('',(-1.016,-16.51,2.54));
#6025 = VECTOR('',#6026,1.);
#6026 = DIRECTION('',(1.,0.,0.));
#6027 = ORIENTED_EDGE('',*,*,#6028,.T.);
#6028 = EDGE_CURVE('',#6021,#6029,#6031,.T.);
#6029 = VERTEX_POINT('',#6030);
#6030 = CARTESIAN_POINT('',(1.27,-16.256,2.54));
#6031 = LINE('',#6032,#6033);
#6032 = CARTESIAN_POINT('',(1.016,-16.51,2.54));
#6033 = VECTOR('',#6034,1.);
#6034 = DIRECTION('',(0.707106781187,0.707106781187,0.));
#6035 = ORIENTED_EDGE('',*,*,#6036,.T.);
#6036 = EDGE_CURVE('',#6029,#6037,#6039,.T.);
#6037 = VERTEX_POINT('',#6038);
#6038 = CARTESIAN_POINT('',(1.27,-14.224,2.54));
#6039 = LINE('',#6040,#6041);
#6040 = CARTESIAN_POINT('',(1.27,-16.256,2.54));
#6041 = VECTOR('',#6042,1.);
#6042 = DIRECTION('',(0.,1.,0.));
#6043 = ORIENTED_EDGE('',*,*,#6044,.T.);
#6044 = EDGE_CURVE('',#6037,#6045,#6047,.T.);
#6045 = VERTEX_POINT('',#6046);
#6046 = CARTESIAN_POINT('',(1.016,-13.97,2.54));
#6047 = LINE('',#6048,#6049);
#6048 = CARTESIAN_POINT('',(1.27,-14.224,2.54));
#6049 = VECTOR('',#6050,1.);
#6050 = DIRECTION('',(-0.707106781187,0.707106781187,0.));
#6051 = ORIENTED_EDGE('',*,*,#6052,.T.);
#6052 = EDGE_CURVE('',#6045,#6053,#6055,.T.);
#6053 = VERTEX_POINT('',#6054);
#6054 = CARTESIAN_POINT('',(1.27,-13.716,2.54));
#6055 = LINE('',#6056,#6057);
#6056 = CARTESIAN_POINT('',(1.016,-13.97,2.54));
#6057 = VECTOR('',#6058,1.);
#6058 = DIRECTION('',(0.707106781187,0.707106781187,0.));
#6059 = ORIENTED_EDGE('',*,*,#6060,.T.);
#6060 = EDGE_CURVE('',#6053,#6061,#6063,.T.);
#6061 = VERTEX_POINT('',#6062);
#6062 = CARTESIAN_POINT('',(1.27,-11.684,2.54));
#6063 = LINE('',#6064,#6065);
#6064 = CARTESIAN_POINT('',(1.27,-13.716,2.54));
#6065 = VECTOR('',#6066,1.);
#6066 = DIRECTION('',(0.,1.,0.));
#6067 = ORIENTED_EDGE('',*,*,#6068,.T.);
#6068 = EDGE_CURVE('',#6061,#6069,#6071,.T.);
#6069 = VERTEX_POINT('',#6070);
#6070 = CARTESIAN_POINT('',(1.016,-11.43,2.54));
#6071 = LINE('',#6072,#6073);
#6072 = CARTESIAN_POINT('',(1.27,-11.684,2.54));
#6073 = VECTOR('',#6074,1.);
#6074 = DIRECTION('',(-0.707106781187,0.707106781187,0.));
#6075 = ORIENTED_EDGE('',*,*,#6076,.T.);
#6076 = EDGE_CURVE('',#6069,#6077,#6079,.T.);
#6077 = VERTEX_POINT('',#6078);
#6078 = CARTESIAN_POINT('',(1.27,-11.176,2.54));
#6079 = LINE('',#6080,#6081);
#6080 = CARTESIAN_POINT('',(1.016,-11.43,2.54));
#6081 = VECTOR('',#6082,1.);
#6082 = DIRECTION('',(0.707106781187,0.707106781187,0.));
#6083 = ORIENTED_EDGE('',*,*,#6084,.T.);
#6084 = EDGE_CURVE('',#6077,#6085,#6087,.T.);
#6085 = VERTEX_POINT('',#6086);
#6086 = CARTESIAN_POINT('',(1.27,-9.144,2.54));
#6087 = LINE('',#6088,#6089);
#6088 = CARTESIAN_POINT('',(1.27,-11.176,2.54));
#6089 = VECTOR('',#6090,1.);
#6090 = DIRECTION('',(0.,1.,0.));
#6091 = ORIENTED_EDGE('',*,*,#6092,.T.);
#6092 = EDGE_CURVE('',#6085,#6093,#6095,.T.);
#6093 = VERTEX_POINT('',#6094);
#6094 = CARTESIAN_POINT('',(1.016,-8.89,2.54));
#6095 = LINE('',#6096,#6097);
#6096 = CARTESIAN_POINT('',(1.27,-9.144,2.54));
#6097 = VECTOR('',#6098,1.);
#6098 = DIRECTION('',(-0.707106781187,0.707106781187,0.));
#6099 = ORIENTED_EDGE('',*,*,#6100,.T.);
#6100 = EDGE_CURVE('',#6093,#6101,#6103,.T.);
#6101 = VERTEX_POINT('',#6102);
#6102 = CARTESIAN_POINT('',(1.27,-8.636,2.54));
#6103 = LINE('',#6104,#6105);
#6104 = CARTESIAN_POINT('',(1.016,-8.89,2.54));
#6105 = VECTOR('',#6106,1.);
#6106 = DIRECTION('',(0.707106781187,0.707106781187,0.));
#6107 = ORIENTED_EDGE('',*,*,#6108,.T.);
#6108 = EDGE_CURVE('',#6101,#6109,#6111,.T.);
#6109 = VERTEX_POINT('',#6110);
#6110 = CARTESIAN_POINT('',(1.27,-6.604,2.54));
#6111 = LINE('',#6112,#6113);
#6112 = CARTESIAN_POINT('',(1.27,-8.636,2.54));
#6113 = VECTOR('',#6114,1.);
#6114 = DIRECTION('',(0.,1.,0.));
#6115 = ORIENTED_EDGE('',*,*,#6116,.T.);
#6116 = EDGE_CURVE('',#6109,#6117,#6119,.T.);
#6117 = VERTEX_POINT('',#6118);
#6118 = CARTESIAN_POINT('',(1.016,-6.35,2.54));
#6119 = LINE('',#6120,#6121);
#6120 = CARTESIAN_POINT('',(1.27,-6.604,2.54));
#6121 = VECTOR('',#6122,1.);
#6122 = DIRECTION('',(-0.707106781187,0.707106781187,0.));
#6123 = ORIENTED_EDGE('',*,*,#6124,.T.);
#6124 = EDGE_CURVE('',#6117,#6125,#6127,.T.);
#6125 = VERTEX_POINT('',#6126);
#6126 = CARTESIAN_POINT('',(1.27,-6.096,2.54));
#6127 = LINE('',#6128,#6129);
#6128 = CARTESIAN_POINT('',(1.016,-6.35,2.54));
#6129 = VECTOR('',#6130,1.);
#6130 = DIRECTION('',(0.707106781187,0.707106781187,0.));
#6131 = ORIENTED_EDGE('',*,*,#6132,.T.);
#6132 = EDGE_CURVE('',#6125,#6133,#6135,.T.);
#6133 = VERTEX_POINT('',#6134);
#6134 = CARTESIAN_POINT('',(1.27,-4.064,2.54));
#6135 = LINE('',#6136,#6137);
#6136 = CARTESIAN_POINT('',(1.27,-6.096,2.54));
#6137 = VECTOR('',#6138,1.);
#6138 = DIRECTION('',(0.,1.,0.));
#6139 = ORIENTED_EDGE('',*,*,#6140,.T.);
#6140 = EDGE_CURVE('',#6133,#6141,#6143,.T.);
#6141 = VERTEX_POINT('',#6142);
#6142 = CARTESIAN_POINT('',(1.016,-3.81,2.54));
#6143 = LINE('',#6144,#6145);
#6144 = CARTESIAN_POINT('',(1.27,-4.064,2.54));
#6145 = VECTOR('',#6146,1.);
#6146 = DIRECTION('',(-0.707106781187,0.707106781187,0.));
#6147 = ORIENTED_EDGE('',*,*,#6148,.T.);
#6148 = EDGE_CURVE('',#6141,#6149,#6151,.T.);
#6149 = VERTEX_POINT('',#6150);
#6150 = CARTESIAN_POINT('',(1.27,-3.556,2.54));
#6151 = LINE('',#6152,#6153);
#6152 = CARTESIAN_POINT('',(1.016,-3.81,2.54));
#6153 = VECTOR('',#6154,1.);
#6154 = DIRECTION('',(0.707106781187,0.707106781187,0.));
#6155 = ORIENTED_EDGE('',*,*,#6156,.T.);
#6156 = EDGE_CURVE('',#6149,#6157,#6159,.T.);
#6157 = VERTEX_POINT('',#6158);
#6158 = CARTESIAN_POINT('',(1.27,-1.524,2.54));
#6159 = LINE('',#6160,#6161);
#6160 = CARTESIAN_POINT('',(1.27,-3.556,2.54));
#6161 = VECTOR('',#6162,1.);
#6162 = DIRECTION('',(0.,1.,0.));
#6163 = ORIENTED_EDGE('',*,*,#6164,.T.);
#6164 = EDGE_CURVE('',#6157,#6165,#6167,.T.);
#6165 = VERTEX_POINT('',#6166);
#6166 = CARTESIAN_POINT('',(1.016,-1.27,2.54));
#6167 = LINE('',#6168,#6169);
#6168 = CARTESIAN_POINT('',(1.27,-1.524,2.54));
#6169 = VECTOR('',#6170,1.);
#6170 = DIRECTION('',(-0.707106781187,0.707106781187,0.));
#6171 = ORIENTED_EDGE('',*,*,#6172,.T.);
#6172 = EDGE_CURVE('',#6165,#6173,#6175,.T.);
#6173 = VERTEX_POINT('',#6174);
#6174 = CARTESIAN_POINT('',(1.27,-1.016,2.54));
#6175 = LINE('',#6176,#6177);
#6176 = CARTESIAN_POINT('',(1.016,-1.27,2.54));
#6177 = VECTOR('',#6178,1.);
#6178 = DIRECTION('',(0.707106781187,0.707106781187,0.));
#6179 = ORIENTED_EDGE('',*,*,#6180,.T.);
#6180 = EDGE_CURVE('',#6173,#6181,#6183,.T.);
#6181 = VERTEX_POINT('',#6182);
#6182 = CARTESIAN_POINT('',(1.27,1.016,2.54));
#6183 = LINE('',#6184,#6185);
#6184 = CARTESIAN_POINT('',(1.27,-1.016,2.54));
#6185 = VECTOR('',#6186,1.);
#6186 = DIRECTION('',(0.,1.,0.));
#6187 = ORIENTED_EDGE('',*,*,#6188,.T.);
#6188 = EDGE_CURVE('',#6181,#5232,#6189,.T.);
#6189 = LINE('',#6190,#6191);
#6190 = CARTESIAN_POINT('',(1.27,1.016,2.54));
#6191 = VECTOR('',#6192,1.);
#6192 = DIRECTION('',(-0.707106781187,0.707106781187,0.));
#6193 = ORIENTED_EDGE('',*,*,#5239,.T.);
#6194 = FACE_BOUND('',#6195,.T.);
#6195 = EDGE_LOOP('',(#6196,#6206,#6214,#6222));
#6196 = ORIENTED_EDGE('',*,*,#6197,.F.);
#6197 = EDGE_CURVE('',#6198,#6200,#6202,.T.);
#6198 = VERTEX_POINT('',#6199);
#6199 = CARTESIAN_POINT('',(0.32,-12.38,2.54));
#6200 = VERTEX_POINT('',#6201);
#6201 = CARTESIAN_POINT('',(-0.32,-12.38,2.54));
#6202 = LINE('',#6203,#6204);
#6203 = CARTESIAN_POINT('',(-0.16,-12.38,2.54));
#6204 = VECTOR('',#6205,1.);
#6205 = DIRECTION('',(-1.,0.,0.));
#6206 = ORIENTED_EDGE('',*,*,#6207,.F.);
#6207 = EDGE_CURVE('',#6208,#6198,#6210,.T.);
#6208 = VERTEX_POINT('',#6209);
#6209 = CARTESIAN_POINT('',(0.32,-13.02,2.54));
#6210 = LINE('',#6211,#6212);
#6211 = CARTESIAN_POINT('',(0.32,-10.32,2.54));
#6212 = VECTOR('',#6213,1.);
#6213 = DIRECTION('',(0.,1.,0.));
#6214 = ORIENTED_EDGE('',*,*,#6215,.T.);
#6215 = EDGE_CURVE('',#6208,#6216,#6218,.T.);
#6216 = VERTEX_POINT('',#6217);
#6217 = CARTESIAN_POINT('',(-0.32,-13.02,2.54));
#6218 = LINE('',#6219,#6220);
#6219 = CARTESIAN_POINT('',(-0.16,-13.02,2.54));
#6220 = VECTOR('',#6221,1.);
#6221 = DIRECTION('',(-1.,0.,0.));
#6222 = ORIENTED_EDGE('',*,*,#6223,.T.);
#6223 = EDGE_CURVE('',#6216,#6200,#6224,.T.);
#6224 = LINE('',#6225,#6226);
#6225 = CARTESIAN_POINT('',(-0.32,-10.32,2.54));
#6226 = VECTOR('',#6227,1.);
#6227 = DIRECTION('',(0.,1.,0.));
#6228 = FACE_BOUND('',#6229,.T.);
#6229 = EDGE_LOOP('',(#6230,#6240,#6248,#6256));
#6230 = ORIENTED_EDGE('',*,*,#6231,.F.);
#6231 = EDGE_CURVE('',#6232,#6234,#6236,.T.);
#6232 = VERTEX_POINT('',#6233);
#6233 = CARTESIAN_POINT('',(0.32,-15.56,2.54));
#6234 = VERTEX_POINT('',#6235);
#6235 = CARTESIAN_POINT('',(0.32,-14.92,2.54));
#6236 = LINE('',#6237,#6238);
#6237 = CARTESIAN_POINT('',(0.32,-11.59,2.54));
#6238 = VECTOR('',#6239,1.);
#6239 = DIRECTION('',(0.,1.,0.));
#6240 = ORIENTED_EDGE('',*,*,#6241,.T.);
#6241 = EDGE_CURVE('',#6232,#6242,#6244,.T.);
#6242 = VERTEX_POINT('',#6243);
#6243 = CARTESIAN_POINT('',(-0.32,-15.56,2.54));
#6244 = LINE('',#6245,#6246);
#6245 = CARTESIAN_POINT('',(-0.16,-15.56,2.54));
#6246 = VECTOR('',#6247,1.);
#6247 = DIRECTION('',(-1.,0.,0.));
#6248 = ORIENTED_EDGE('',*,*,#6249,.T.);
#6249 = EDGE_CURVE('',#6242,#6250,#6252,.T.);
#6250 = VERTEX_POINT('',#6251);
#6251 = CARTESIAN_POINT('',(-0.32,-14.92,2.54));
#6252 = LINE('',#6253,#6254);
#6253 = CARTESIAN_POINT('',(-0.32,-11.59,2.54));
#6254 = VECTOR('',#6255,1.);
#6255 = DIRECTION('',(0.,1.,0.));
#6256 = ORIENTED_EDGE('',*,*,#6257,.F.);
#6257 = EDGE_CURVE('',#6234,#6250,#6258,.T.);
#6258 = LINE('',#6259,#6260);
#6259 = CARTESIAN_POINT('',(-0.16,-14.92,2.54));
#6260 = VECTOR('',#6261,1.);
#6261 = DIRECTION('',(-1.,0.,0.));
#6262 = FACE_BOUND('',#6263,.T.);
#6263 = EDGE_LOOP('',(#6264,#6274,#6282,#6290));
#6264 = ORIENTED_EDGE('',*,*,#6265,.F.);
#6265 = EDGE_CURVE('',#6266,#6268,#6270,.T.);
#6266 = VERTEX_POINT('',#6267);
#6267 = CARTESIAN_POINT('',(0.32,-9.84,2.54));
#6268 = VERTEX_POINT('',#6269);
#6269 = CARTESIAN_POINT('',(-0.32,-9.84,2.54));
#6270 = LINE('',#6271,#6272);
#6271 = CARTESIAN_POINT('',(-0.16,-9.84,2.54));
#6272 = VECTOR('',#6273,1.);
#6273 = DIRECTION('',(-1.,0.,0.));
#6274 = ORIENTED_EDGE('',*,*,#6275,.F.);
#6275 = EDGE_CURVE('',#6276,#6266,#6278,.T.);
#6276 = VERTEX_POINT('',#6277);
#6277 = CARTESIAN_POINT('',(0.32,-10.48,2.54));
#6278 = LINE('',#6279,#6280);
#6279 = CARTESIAN_POINT('',(0.32,-9.05,2.54));
#6280 = VECTOR('',#6281,1.);
#6281 = DIRECTION('',(0.,1.,0.));
#6282 = ORIENTED_EDGE('',*,*,#6283,.T.);
#6283 = EDGE_CURVE('',#6276,#6284,#6286,.T.);
#6284 = VERTEX_POINT('',#6285);
#6285 = CARTESIAN_POINT('',(-0.32,-10.48,2.54));
#6286 = LINE('',#6287,#6288);
#6287 = CARTESIAN_POINT('',(-0.16,-10.48,2.54));
#6288 = VECTOR('',#6289,1.);
#6289 = DIRECTION('',(-1.,0.,0.));
#6290 = ORIENTED_EDGE('',*,*,#6291,.T.);
#6291 = EDGE_CURVE('',#6284,#6268,#6292,.T.);
#6292 = LINE('',#6293,#6294);
#6293 = CARTESIAN_POINT('',(-0.32,-9.05,2.54));
#6294 = VECTOR('',#6295,1.);
#6295 = DIRECTION('',(0.,1.,0.));
#6296 = FACE_BOUND('',#6297,.T.);
#6297 = EDGE_LOOP('',(#6298,#6308,#6316,#6324));
#6298 = ORIENTED_EDGE('',*,*,#6299,.F.);
#6299 = EDGE_CURVE('',#6300,#6302,#6304,.T.);
#6300 = VERTEX_POINT('',#6301);
#6301 = CARTESIAN_POINT('',(0.32,-2.86,2.54));
#6302 = VERTEX_POINT('',#6303);
#6303 = CARTESIAN_POINT('',(0.32,-2.22,2.54));
#6304 = LINE('',#6305,#6306);
#6305 = CARTESIAN_POINT('',(0.32,-5.24,2.54));
#6306 = VECTOR('',#6307,1.);
#6307 = DIRECTION('',(0.,1.,0.));
#6308 = ORIENTED_EDGE('',*,*,#6309,.T.);
#6309 = EDGE_CURVE('',#6300,#6310,#6312,.T.);
#6310 = VERTEX_POINT('',#6311);
#6311 = CARTESIAN_POINT('',(-0.32,-2.86,2.54));
#6312 = LINE('',#6313,#6314);
#6313 = CARTESIAN_POINT('',(-0.16,-2.86,2.54));
#6314 = VECTOR('',#6315,1.);
#6315 = DIRECTION('',(-1.,0.,0.));
#6316 = ORIENTED_EDGE('',*,*,#6317,.T.);
#6317 = EDGE_CURVE('',#6310,#6318,#6320,.T.);
#6318 = VERTEX_POINT('',#6319);
#6319 = CARTESIAN_POINT('',(-0.32,-2.22,2.54));
#6320 = LINE('',#6321,#6322);
#6321 = CARTESIAN_POINT('',(-0.32,-5.24,2.54));
#6322 = VECTOR('',#6323,1.);
#6323 = DIRECTION('',(0.,1.,0.));
#6324 = ORIENTED_EDGE('',*,*,#6325,.F.);
#6325 = EDGE_CURVE('',#6302,#6318,#6326,.T.);
#6326 = LINE('',#6327,#6328);
#6327 = CARTESIAN_POINT('',(-0.16,-2.22,2.54));
#6328 = VECTOR('',#6329,1.);
#6329 = DIRECTION('',(-1.,0.,0.));
#6330 = FACE_BOUND('',#6331,.T.);
#6331 = EDGE_LOOP('',(#6332,#6342,#6350,#6358));
#6332 = ORIENTED_EDGE('',*,*,#6333,.T.);
#6333 = EDGE_CURVE('',#6334,#6336,#6338,.T.);
#6334 = VERTEX_POINT('',#6335);
#6335 = CARTESIAN_POINT('',(0.32,-5.4,2.54));
#6336 = VERTEX_POINT('',#6337);
#6337 = CARTESIAN_POINT('',(-0.32,-5.4,2.54));
#6338 = LINE('',#6339,#6340);
#6339 = CARTESIAN_POINT('',(-0.16,-5.4,2.54));
#6340 = VECTOR('',#6341,1.);
#6341 = DIRECTION('',(-1.,0.,0.));
#6342 = ORIENTED_EDGE('',*,*,#6343,.T.);
#6343 = EDGE_CURVE('',#6336,#6344,#6346,.T.);
#6344 = VERTEX_POINT('',#6345);
#6345 = CARTESIAN_POINT('',(-0.32,-4.76,2.54));
#6346 = LINE('',#6347,#6348);
#6347 = CARTESIAN_POINT('',(-0.32,-6.51,2.54));
#6348 = VECTOR('',#6349,1.);
#6349 = DIRECTION('',(0.,1.,0.));
#6350 = ORIENTED_EDGE('',*,*,#6351,.F.);
#6351 = EDGE_CURVE('',#6352,#6344,#6354,.T.);
#6352 = VERTEX_POINT('',#6353);
#6353 = CARTESIAN_POINT('',(0.32,-4.76,2.54));
#6354 = LINE('',#6355,#6356);
#6355 = CARTESIAN_POINT('',(-0.16,-4.76,2.54));
#6356 = VECTOR('',#6357,1.);
#6357 = DIRECTION('',(-1.,0.,0.));
#6358 = ORIENTED_EDGE('',*,*,#6359,.F.);
#6359 = EDGE_CURVE('',#6334,#6352,#6360,.T.);
#6360 = LINE('',#6361,#6362);
#6361 = CARTESIAN_POINT('',(0.32,-6.51,2.54));
#6362 = VECTOR('',#6363,1.);
#6363 = DIRECTION('',(0.,1.,0.));
#6364 = FACE_BOUND('',#6365,.T.);
#6365 = EDGE_LOOP('',(#6366,#6376,#6384,#6392));
#6366 = ORIENTED_EDGE('',*,*,#6367,.F.);
#6367 = EDGE_CURVE('',#6368,#6370,#6372,.T.);
#6368 = VERTEX_POINT('',#6369);
#6369 = CARTESIAN_POINT('',(0.32,-7.94,2.54));
#6370 = VERTEX_POINT('',#6371);
#6371 = CARTESIAN_POINT('',(0.32,-7.3,2.54));
#6372 = LINE('',#6373,#6374);
#6373 = CARTESIAN_POINT('',(0.32,-7.78,2.54));
#6374 = VECTOR('',#6375,1.);
#6375 = DIRECTION('',(0.,1.,0.));
#6376 = ORIENTED_EDGE('',*,*,#6377,.T.);
#6377 = EDGE_CURVE('',#6368,#6378,#6380,.T.);
#6378 = VERTEX_POINT('',#6379);
#6379 = CARTESIAN_POINT('',(-0.32,-7.94,2.54));
#6380 = LINE('',#6381,#6382);
#6381 = CARTESIAN_POINT('',(-0.16,-7.94,2.54));
#6382 = VECTOR('',#6383,1.);
#6383 = DIRECTION('',(-1.,0.,0.));
#6384 = ORIENTED_EDGE('',*,*,#6385,.T.);
#6385 = EDGE_CURVE('',#6378,#6386,#6388,.T.);
#6386 = VERTEX_POINT('',#6387);
#6387 = CARTESIAN_POINT('',(-0.32,-7.3,2.54));
#6388 = LINE('',#6389,#6390);
#6389 = CARTESIAN_POINT('',(-0.32,-7.78,2.54));
#6390 = VECTOR('',#6391,1.);
#6391 = DIRECTION('',(0.,1.,0.));
#6392 = ORIENTED_EDGE('',*,*,#6393,.F.);
#6393 = EDGE_CURVE('',#6370,#6386,#6394,.T.);
#6394 = LINE('',#6395,#6396);
#6395 = CARTESIAN_POINT('',(-0.16,-7.3,2.54));
#6396 = VECTOR('',#6397,1.);
#6397 = DIRECTION('',(-1.,0.,0.));
#6398 = FACE_BOUND('',#6399,.T.);
#6399 = EDGE_LOOP('',(#6400,#6410,#6418,#6426));
#6400 = ORIENTED_EDGE('',*,*,#6401,.T.);
#6401 = EDGE_CURVE('',#6402,#6404,#6406,.T.);
#6402 = VERTEX_POINT('',#6403);
#6403 = CARTESIAN_POINT('',(0.32,-0.32,2.54));
#6404 = VERTEX_POINT('',#6405);
#6405 = CARTESIAN_POINT('',(-0.32,-0.32,2.54));
#6406 = LINE('',#6407,#6408);
#6407 = CARTESIAN_POINT('',(-0.16,-0.32,2.54));
#6408 = VECTOR('',#6409,1.);
#6409 = DIRECTION('',(-1.,0.,0.));
#6410 = ORIENTED_EDGE('',*,*,#6411,.T.);
#6411 = EDGE_CURVE('',#6404,#6412,#6414,.T.);
#6412 = VERTEX_POINT('',#6413);
#6413 = CARTESIAN_POINT('',(-0.32,0.32,2.54));
#6414 = LINE('',#6415,#6416);
#6415 = CARTESIAN_POINT('',(-0.32,-3.97,2.54));
#6416 = VECTOR('',#6417,1.);
#6417 = DIRECTION('',(0.,1.,0.));
#6418 = ORIENTED_EDGE('',*,*,#6419,.F.);
#6419 = EDGE_CURVE('',#6420,#6412,#6422,.T.);
#6420 = VERTEX_POINT('',#6421);
#6421 = CARTESIAN_POINT('',(0.32,0.32,2.54));
#6422 = LINE('',#6423,#6424);
#6423 = CARTESIAN_POINT('',(-0.16,0.32,2.54));
#6424 = VECTOR('',#6425,1.);
#6425 = DIRECTION('',(-1.,0.,0.));
#6426 = ORIENTED_EDGE('',*,*,#6427,.F.);
#6427 = EDGE_CURVE('',#6402,#6420,#6428,.T.);
#6428 = LINE('',#6429,#6430);
#6429 = CARTESIAN_POINT('',(0.32,-3.97,2.54));
#6430 = VECTOR('',#6431,1.);
#6431 = DIRECTION('',(0.,1.,0.));
#6432 = PLANE('',#6433);
#6433 = AXIS2_PLACEMENT_3D('',#6434,#6435,#6436);
#6434 = CARTESIAN_POINT('',(-1.56480052915E-17,-7.62,2.54));
#6435 = DIRECTION('',(0.,0.,1.));
#6436 = DIRECTION('',(1.,0.,-0.));
#6437 = ADVANCED_FACE('',(#6438),#6449,.F.);
#6438 = FACE_BOUND('',#6439,.F.);
#6439 = EDGE_LOOP('',(#6440,#6446,#6447,#6448));
#6440 = ORIENTED_EDGE('',*,*,#6441,.T.);
#6441 = EDGE_CURVE('',#5606,#6181,#6442,.T.);
#6442 = LINE('',#6443,#6444);
#6443 = CARTESIAN_POINT('',(1.27,1.016,0.));
#6444 = VECTOR('',#6445,1.);
#6445 = DIRECTION('',(0.,0.,1.));
#6446 = ORIENTED_EDGE('',*,*,#6188,.T.);
#6447 = ORIENTED_EDGE('',*,*,#5229,.F.);
#6448 = ORIENTED_EDGE('',*,*,#5613,.F.);
#6449 = PLANE('',#6450);
#6450 = AXIS2_PLACEMENT_3D('',#6451,#6452,#6453);
#6451 = CARTESIAN_POINT('',(1.27,1.016,0.));
#6452 = DIRECTION('',(-0.707106781187,-0.707106781187,0.));
#6453 = DIRECTION('',(-0.707106781187,0.707106781187,0.));
#6454 = ADVANCED_FACE('',(#6455),#6466,.F.);
#6455 = FACE_BOUND('',#6456,.F.);
#6456 = EDGE_LOOP('',(#6457,#6458,#6459,#6465));
#6457 = ORIENTED_EDGE('',*,*,#5269,.T.);
#6458 = ORIENTED_EDGE('',*,*,#5868,.T.);
#6459 = ORIENTED_EDGE('',*,*,#6460,.F.);
#6460 = EDGE_CURVE('',#5294,#5869,#6461,.T.);
#6461 = LINE('',#6462,#6463);
#6462 = CARTESIAN_POINT('',(-1.016,-1.27,0.));
#6463 = VECTOR('',#6464,1.);
#6464 = DIRECTION('',(0.,0.,1.));
#6465 = ORIENTED_EDGE('',*,*,#5293,.F.);
#6466 = PLANE('',#6467);
#6467 = AXIS2_PLACEMENT_3D('',#6468,#6469,#6470);
#6468 = CARTESIAN_POINT('',(-1.27,-1.016,0.));
#6469 = DIRECTION('',(0.707106781187,0.707106781187,0.));
#6470 = DIRECTION('',(0.707106781187,-0.707106781187,0.));
#6471 = ADVANCED_FACE('',(#6472),#6483,.F.);
#6472 = FACE_BOUND('',#6473,.F.);
#6473 = EDGE_LOOP('',(#6474,#6480,#6481,#6482));
#6474 = ORIENTED_EDGE('',*,*,#6475,.T.);
#6475 = EDGE_CURVE('',#5598,#6173,#6476,.T.);
#6476 = LINE('',#6477,#6478);
#6477 = CARTESIAN_POINT('',(1.27,-1.016,0.));
#6478 = VECTOR('',#6479,1.);
#6479 = DIRECTION('',(0.,0.,1.));
#6480 = ORIENTED_EDGE('',*,*,#6180,.T.);
#6481 = ORIENTED_EDGE('',*,*,#6441,.F.);
#6482 = ORIENTED_EDGE('',*,*,#5605,.F.);
#6483 = PLANE('',#6484);
#6484 = AXIS2_PLACEMENT_3D('',#6485,#6486,#6487);
#6485 = CARTESIAN_POINT('',(1.27,-1.016,0.));
#6486 = DIRECTION('',(-1.,0.,0.));
#6487 = DIRECTION('',(0.,1.,0.));
#6488 = ADVANCED_FACE('',(#6489),#6500,.F.);
#6489 = FACE_BOUND('',#6490,.F.);
#6490 = EDGE_LOOP('',(#6491,#6492,#6493,#6499));
#6491 = ORIENTED_EDGE('',*,*,#6460,.T.);
#6492 = ORIENTED_EDGE('',*,*,#5876,.T.);
#6493 = ORIENTED_EDGE('',*,*,#6494,.F.);
#6494 = EDGE_CURVE('',#5302,#5877,#6495,.T.);
#6495 = LINE('',#6496,#6497);
#6496 = CARTESIAN_POINT('',(-1.27,-1.524,0.));
#6497 = VECTOR('',#6498,1.);
#6498 = DIRECTION('',(0.,0.,1.));
#6499 = ORIENTED_EDGE('',*,*,#5301,.F.);
#6500 = PLANE('',#6501);
#6501 = AXIS2_PLACEMENT_3D('',#6502,#6503,#6504);
#6502 = CARTESIAN_POINT('',(-1.016,-1.27,0.));
#6503 = DIRECTION('',(0.707106781187,-0.707106781187,0.));
#6504 = DIRECTION('',(-0.707106781187,-0.707106781187,0.));
#6505 = ADVANCED_FACE('',(#6506),#6517,.F.);
#6506 = FACE_BOUND('',#6507,.F.);
#6507 = EDGE_LOOP('',(#6508,#6514,#6515,#6516));
#6508 = ORIENTED_EDGE('',*,*,#6509,.T.);
#6509 = EDGE_CURVE('',#5590,#6165,#6510,.T.);
#6510 = LINE('',#6511,#6512);
#6511 = CARTESIAN_POINT('',(1.016,-1.27,0.));
#6512 = VECTOR('',#6513,1.);
#6513 = DIRECTION('',(0.,0.,1.));
#6514 = ORIENTED_EDGE('',*,*,#6172,.T.);
#6515 = ORIENTED_EDGE('',*,*,#6475,.F.);
#6516 = ORIENTED_EDGE('',*,*,#5597,.F.);
#6517 = PLANE('',#6518);
#6518 = AXIS2_PLACEMENT_3D('',#6519,#6520,#6521);
#6519 = CARTESIAN_POINT('',(1.016,-1.27,0.));
#6520 = DIRECTION('',(-0.707106781187,0.707106781187,0.));
#6521 = DIRECTION('',(0.707106781187,0.707106781187,0.));
#6522 = ADVANCED_FACE('',(#6523),#6534,.F.);
#6523 = FACE_BOUND('',#6524,.F.);
#6524 = EDGE_LOOP('',(#6525,#6526,#6527,#6533));
#6525 = ORIENTED_EDGE('',*,*,#6494,.T.);
#6526 = ORIENTED_EDGE('',*,*,#5884,.T.);
#6527 = ORIENTED_EDGE('',*,*,#6528,.F.);
#6528 = EDGE_CURVE('',#5310,#5885,#6529,.T.);
#6529 = LINE('',#6530,#6531);
#6530 = CARTESIAN_POINT('',(-1.27,-3.556,0.));
#6531 = VECTOR('',#6532,1.);
#6532 = DIRECTION('',(0.,0.,1.));
#6533 = ORIENTED_EDGE('',*,*,#5309,.F.);
#6534 = PLANE('',#6535);
#6535 = AXIS2_PLACEMENT_3D('',#6536,#6537,#6538);
#6536 = CARTESIAN_POINT('',(-1.27,-1.524,0.));
#6537 = DIRECTION('',(1.,0.,0.));
#6538 = DIRECTION('',(0.,-1.,0.));
#6539 = ADVANCED_FACE('',(#6540),#6551,.F.);
#6540 = FACE_BOUND('',#6541,.F.);
#6541 = EDGE_LOOP('',(#6542,#6548,#6549,#6550));
#6542 = ORIENTED_EDGE('',*,*,#6543,.T.);
#6543 = EDGE_CURVE('',#5582,#6157,#6544,.T.);
#6544 = LINE('',#6545,#6546);
#6545 = CARTESIAN_POINT('',(1.27,-1.524,0.));
#6546 = VECTOR('',#6547,1.);
#6547 = DIRECTION('',(0.,0.,1.));
#6548 = ORIENTED_EDGE('',*,*,#6164,.T.);
#6549 = ORIENTED_EDGE('',*,*,#6509,.F.);
#6550 = ORIENTED_EDGE('',*,*,#5589,.F.);
#6551 = PLANE('',#6552);
#6552 = AXIS2_PLACEMENT_3D('',#6553,#6554,#6555);
#6553 = CARTESIAN_POINT('',(1.27,-1.524,0.));
#6554 = DIRECTION('',(-0.707106781187,-0.707106781187,0.));
#6555 = DIRECTION('',(-0.707106781187,0.707106781187,0.));
#6556 = ADVANCED_FACE('',(#6557),#6568,.F.);
#6557 = FACE_BOUND('',#6558,.F.);
#6558 = EDGE_LOOP('',(#6559,#6560,#6561,#6567));
#6559 = ORIENTED_EDGE('',*,*,#6528,.T.);
#6560 = ORIENTED_EDGE('',*,*,#5892,.T.);
#6561 = ORIENTED_EDGE('',*,*,#6562,.F.);
#6562 = EDGE_CURVE('',#5318,#5893,#6563,.T.);
#6563 = LINE('',#6564,#6565);
#6564 = CARTESIAN_POINT('',(-1.016,-3.81,0.));
#6565 = VECTOR('',#6566,1.);
#6566 = DIRECTION('',(0.,0.,1.));
#6567 = ORIENTED_EDGE('',*,*,#5317,.F.);
#6568 = PLANE('',#6569);
#6569 = AXIS2_PLACEMENT_3D('',#6570,#6571,#6572);
#6570 = CARTESIAN_POINT('',(-1.27,-3.556,0.));
#6571 = DIRECTION('',(0.707106781187,0.707106781187,0.));
#6572 = DIRECTION('',(0.707106781187,-0.707106781187,0.));
#6573 = ADVANCED_FACE('',(#6574),#6585,.F.);
#6574 = FACE_BOUND('',#6575,.F.);
#6575 = EDGE_LOOP('',(#6576,#6582,#6583,#6584));
#6576 = ORIENTED_EDGE('',*,*,#6577,.T.);
#6577 = EDGE_CURVE('',#5574,#6149,#6578,.T.);
#6578 = LINE('',#6579,#6580);
#6579 = CARTESIAN_POINT('',(1.27,-3.556,0.));
#6580 = VECTOR('',#6581,1.);
#6581 = DIRECTION('',(0.,0.,1.));
#6582 = ORIENTED_EDGE('',*,*,#6156,.T.);
#6583 = ORIENTED_EDGE('',*,*,#6543,.F.);
#6584 = ORIENTED_EDGE('',*,*,#5581,.F.);
#6585 = PLANE('',#6586);
#6586 = AXIS2_PLACEMENT_3D('',#6587,#6588,#6589);
#6587 = CARTESIAN_POINT('',(1.27,-3.556,0.));
#6588 = DIRECTION('',(-1.,0.,0.));
#6589 = DIRECTION('',(0.,1.,0.));
#6590 = ADVANCED_FACE('',(#6591),#6602,.F.);
#6591 = FACE_BOUND('',#6592,.F.);
#6592 = EDGE_LOOP('',(#6593,#6594,#6595,#6601));
#6593 = ORIENTED_EDGE('',*,*,#6562,.T.);
#6594 = ORIENTED_EDGE('',*,*,#5900,.T.);
#6595 = ORIENTED_EDGE('',*,*,#6596,.F.);
#6596 = EDGE_CURVE('',#5326,#5901,#6597,.T.);
#6597 = LINE('',#6598,#6599);
#6598 = CARTESIAN_POINT('',(-1.27,-4.064,0.));
#6599 = VECTOR('',#6600,1.);
#6600 = DIRECTION('',(0.,0.,1.));
#6601 = ORIENTED_EDGE('',*,*,#5325,.F.);
#6602 = PLANE('',#6603);
#6603 = AXIS2_PLACEMENT_3D('',#6604,#6605,#6606);
#6604 = CARTESIAN_POINT('',(-1.016,-3.81,0.));
#6605 = DIRECTION('',(0.707106781187,-0.707106781187,0.));
#6606 = DIRECTION('',(-0.707106781187,-0.707106781187,0.));
#6607 = ADVANCED_FACE('',(#6608),#6619,.F.);
#6608 = FACE_BOUND('',#6609,.F.);
#6609 = EDGE_LOOP('',(#6610,#6616,#6617,#6618));
#6610 = ORIENTED_EDGE('',*,*,#6611,.T.);
#6611 = EDGE_CURVE('',#5566,#6141,#6612,.T.);
#6612 = LINE('',#6613,#6614);
#6613 = CARTESIAN_POINT('',(1.016,-3.81,0.));
#6614 = VECTOR('',#6615,1.);
#6615 = DIRECTION('',(0.,0.,1.));
#6616 = ORIENTED_EDGE('',*,*,#6148,.T.);
#6617 = ORIENTED_EDGE('',*,*,#6577,.F.);
#6618 = ORIENTED_EDGE('',*,*,#5573,.F.);
#6619 = PLANE('',#6620);
#6620 = AXIS2_PLACEMENT_3D('',#6621,#6622,#6623);
#6621 = CARTESIAN_POINT('',(1.016,-3.81,0.));
#6622 = DIRECTION('',(-0.707106781187,0.707106781187,0.));
#6623 = DIRECTION('',(0.707106781187,0.707106781187,0.));
#6624 = ADVANCED_FACE('',(#6625),#6636,.F.);
#6625 = FACE_BOUND('',#6626,.F.);
#6626 = EDGE_LOOP('',(#6627,#6628,#6629,#6635));
#6627 = ORIENTED_EDGE('',*,*,#6596,.T.);
#6628 = ORIENTED_EDGE('',*,*,#5908,.T.);
#6629 = ORIENTED_EDGE('',*,*,#6630,.F.);
#6630 = EDGE_CURVE('',#5334,#5909,#6631,.T.);
#6631 = LINE('',#6632,#6633);
#6632 = CARTESIAN_POINT('',(-1.27,-6.096,0.));
#6633 = VECTOR('',#6634,1.);
#6634 = DIRECTION('',(0.,0.,1.));
#6635 = ORIENTED_EDGE('',*,*,#5333,.F.);
#6636 = PLANE('',#6637);
#6637 = AXIS2_PLACEMENT_3D('',#6638,#6639,#6640);
#6638 = CARTESIAN_POINT('',(-1.27,-4.064,0.));
#6639 = DIRECTION('',(1.,0.,0.));
#6640 = DIRECTION('',(0.,-1.,0.));
#6641 = ADVANCED_FACE('',(#6642),#6653,.F.);
#6642 = FACE_BOUND('',#6643,.F.);
#6643 = EDGE_LOOP('',(#6644,#6650,#6651,#6652));
#6644 = ORIENTED_EDGE('',*,*,#6645,.T.);
#6645 = EDGE_CURVE('',#5558,#6133,#6646,.T.);
#6646 = LINE('',#6647,#6648);
#6647 = CARTESIAN_POINT('',(1.27,-4.064,0.));
#6648 = VECTOR('',#6649,1.);
#6649 = DIRECTION('',(0.,0.,1.));
#6650 = ORIENTED_EDGE('',*,*,#6140,.T.);
#6651 = ORIENTED_EDGE('',*,*,#6611,.F.);
#6652 = ORIENTED_EDGE('',*,*,#5565,.F.);
#6653 = PLANE('',#6654);
#6654 = AXIS2_PLACEMENT_3D('',#6655,#6656,#6657);
#6655 = CARTESIAN_POINT('',(1.27,-4.064,0.));
#6656 = DIRECTION('',(-0.707106781187,-0.707106781187,0.));
#6657 = DIRECTION('',(-0.707106781187,0.707106781187,0.));
#6658 = ADVANCED_FACE('',(#6659),#6670,.F.);
#6659 = FACE_BOUND('',#6660,.F.);
#6660 = EDGE_LOOP('',(#6661,#6662,#6663,#6669));
#6661 = ORIENTED_EDGE('',*,*,#6630,.T.);
#6662 = ORIENTED_EDGE('',*,*,#5916,.T.);
#6663 = ORIENTED_EDGE('',*,*,#6664,.F.);
#6664 = EDGE_CURVE('',#5342,#5917,#6665,.T.);
#6665 = LINE('',#6666,#6667);
#6666 = CARTESIAN_POINT('',(-1.016,-6.35,0.));
#6667 = VECTOR('',#6668,1.);
#6668 = DIRECTION('',(0.,0.,1.));
#6669 = ORIENTED_EDGE('',*,*,#5341,.F.);
#6670 = PLANE('',#6671);
#6671 = AXIS2_PLACEMENT_3D('',#6672,#6673,#6674);
#6672 = CARTESIAN_POINT('',(-1.27,-6.096,0.));
#6673 = DIRECTION('',(0.707106781187,0.707106781187,0.));
#6674 = DIRECTION('',(0.707106781187,-0.707106781187,0.));
#6675 = ADVANCED_FACE('',(#6676),#6687,.F.);
#6676 = FACE_BOUND('',#6677,.F.);
#6677 = EDGE_LOOP('',(#6678,#6684,#6685,#6686));
#6678 = ORIENTED_EDGE('',*,*,#6679,.T.);
#6679 = EDGE_CURVE('',#5550,#6125,#6680,.T.);
#6680 = LINE('',#6681,#6682);
#6681 = CARTESIAN_POINT('',(1.27,-6.096,0.));
#6682 = VECTOR('',#6683,1.);
#6683 = DIRECTION('',(0.,0.,1.));
#6684 = ORIENTED_EDGE('',*,*,#6132,.T.);
#6685 = ORIENTED_EDGE('',*,*,#6645,.F.);
#6686 = ORIENTED_EDGE('',*,*,#5557,.F.);
#6687 = PLANE('',#6688);
#6688 = AXIS2_PLACEMENT_3D('',#6689,#6690,#6691);
#6689 = CARTESIAN_POINT('',(1.27,-6.096,0.));
#6690 = DIRECTION('',(-1.,0.,0.));
#6691 = DIRECTION('',(0.,1.,0.));
#6692 = ADVANCED_FACE('',(#6693),#6704,.F.);
#6693 = FACE_BOUND('',#6694,.F.);
#6694 = EDGE_LOOP('',(#6695,#6696,#6697,#6703));
#6695 = ORIENTED_EDGE('',*,*,#6664,.T.);
#6696 = ORIENTED_EDGE('',*,*,#5924,.T.);
#6697 = ORIENTED_EDGE('',*,*,#6698,.F.);
#6698 = EDGE_CURVE('',#5350,#5925,#6699,.T.);
#6699 = LINE('',#6700,#6701);
#6700 = CARTESIAN_POINT('',(-1.27,-6.604,0.));
#6701 = VECTOR('',#6702,1.);
#6702 = DIRECTION('',(0.,0.,1.));
#6703 = ORIENTED_EDGE('',*,*,#5349,.F.);
#6704 = PLANE('',#6705);
#6705 = AXIS2_PLACEMENT_3D('',#6706,#6707,#6708);
#6706 = CARTESIAN_POINT('',(-1.016,-6.35,0.));
#6707 = DIRECTION('',(0.707106781187,-0.707106781187,0.));
#6708 = DIRECTION('',(-0.707106781187,-0.707106781187,0.));
#6709 = ADVANCED_FACE('',(#6710),#6721,.F.);
#6710 = FACE_BOUND('',#6711,.F.);
#6711 = EDGE_LOOP('',(#6712,#6718,#6719,#6720));
#6712 = ORIENTED_EDGE('',*,*,#6713,.T.);
#6713 = EDGE_CURVE('',#5542,#6117,#6714,.T.);
#6714 = LINE('',#6715,#6716);
#6715 = CARTESIAN_POINT('',(1.016,-6.35,0.));
#6716 = VECTOR('',#6717,1.);
#6717 = DIRECTION('',(0.,0.,1.));
#6718 = ORIENTED_EDGE('',*,*,#6124,.T.);
#6719 = ORIENTED_EDGE('',*,*,#6679,.F.);
#6720 = ORIENTED_EDGE('',*,*,#5549,.F.);
#6721 = PLANE('',#6722);
#6722 = AXIS2_PLACEMENT_3D('',#6723,#6724,#6725);
#6723 = CARTESIAN_POINT('',(1.016,-6.35,0.));
#6724 = DIRECTION('',(-0.707106781187,0.707106781187,0.));
#6725 = DIRECTION('',(0.707106781187,0.707106781187,0.));
#6726 = ADVANCED_FACE('',(#6727),#6738,.F.);
#6727 = FACE_BOUND('',#6728,.F.);
#6728 = EDGE_LOOP('',(#6729,#6730,#6731,#6737));
#6729 = ORIENTED_EDGE('',*,*,#6698,.T.);
#6730 = ORIENTED_EDGE('',*,*,#5932,.T.);
#6731 = ORIENTED_EDGE('',*,*,#6732,.F.);
#6732 = EDGE_CURVE('',#5358,#5933,#6733,.T.);
#6733 = LINE('',#6734,#6735);
#6734 = CARTESIAN_POINT('',(-1.27,-8.636,0.));
#6735 = VECTOR('',#6736,1.);
#6736 = DIRECTION('',(0.,0.,1.));
#6737 = ORIENTED_EDGE('',*,*,#5357,.F.);
#6738 = PLANE('',#6739);
#6739 = AXIS2_PLACEMENT_3D('',#6740,#6741,#6742);
#6740 = CARTESIAN_POINT('',(-1.27,-6.604,0.));
#6741 = DIRECTION('',(1.,0.,0.));
#6742 = DIRECTION('',(0.,-1.,0.));
#6743 = ADVANCED_FACE('',(#6744),#6755,.F.);
#6744 = FACE_BOUND('',#6745,.F.);
#6745 = EDGE_LOOP('',(#6746,#6752,#6753,#6754));
#6746 = ORIENTED_EDGE('',*,*,#6747,.T.);
#6747 = EDGE_CURVE('',#5534,#6109,#6748,.T.);
#6748 = LINE('',#6749,#6750);
#6749 = CARTESIAN_POINT('',(1.27,-6.604,0.));
#6750 = VECTOR('',#6751,1.);
#6751 = DIRECTION('',(0.,0.,1.));
#6752 = ORIENTED_EDGE('',*,*,#6116,.T.);
#6753 = ORIENTED_EDGE('',*,*,#6713,.F.);
#6754 = ORIENTED_EDGE('',*,*,#5541,.F.);
#6755 = PLANE('',#6756);
#6756 = AXIS2_PLACEMENT_3D('',#6757,#6758,#6759);
#6757 = CARTESIAN_POINT('',(1.27,-6.604,0.));
#6758 = DIRECTION('',(-0.707106781187,-0.707106781187,0.));
#6759 = DIRECTION('',(-0.707106781187,0.707106781187,0.));
#6760 = ADVANCED_FACE('',(#6761),#6772,.F.);
#6761 = FACE_BOUND('',#6762,.F.);
#6762 = EDGE_LOOP('',(#6763,#6764,#6765,#6771));
#6763 = ORIENTED_EDGE('',*,*,#6732,.T.);
#6764 = ORIENTED_EDGE('',*,*,#5940,.T.);
#6765 = ORIENTED_EDGE('',*,*,#6766,.F.);
#6766 = EDGE_CURVE('',#5366,#5941,#6767,.T.);
#6767 = LINE('',#6768,#6769);
#6768 = CARTESIAN_POINT('',(-1.016,-8.89,0.));
#6769 = VECTOR('',#6770,1.);
#6770 = DIRECTION('',(0.,0.,1.));
#6771 = ORIENTED_EDGE('',*,*,#5365,.F.);
#6772 = PLANE('',#6773);
#6773 = AXIS2_PLACEMENT_3D('',#6774,#6775,#6776);
#6774 = CARTESIAN_POINT('',(-1.27,-8.636,0.));
#6775 = DIRECTION('',(0.707106781187,0.707106781187,0.));
#6776 = DIRECTION('',(0.707106781187,-0.707106781187,0.));
#6777 = ADVANCED_FACE('',(#6778),#6789,.F.);
#6778 = FACE_BOUND('',#6779,.F.);
#6779 = EDGE_LOOP('',(#6780,#6786,#6787,#6788));
#6780 = ORIENTED_EDGE('',*,*,#6781,.T.);
#6781 = EDGE_CURVE('',#5526,#6101,#6782,.T.);
#6782 = LINE('',#6783,#6784);
#6783 = CARTESIAN_POINT('',(1.27,-8.636,0.));
#6784 = VECTOR('',#6785,1.);
#6785 = DIRECTION('',(0.,0.,1.));
#6786 = ORIENTED_EDGE('',*,*,#6108,.T.);
#6787 = ORIENTED_EDGE('',*,*,#6747,.F.);
#6788 = ORIENTED_EDGE('',*,*,#5533,.F.);
#6789 = PLANE('',#6790);
#6790 = AXIS2_PLACEMENT_3D('',#6791,#6792,#6793);
#6791 = CARTESIAN_POINT('',(1.27,-8.636,0.));
#6792 = DIRECTION('',(-1.,0.,0.));
#6793 = DIRECTION('',(0.,1.,0.));
#6794 = ADVANCED_FACE('',(#6795),#6806,.F.);
#6795 = FACE_BOUND('',#6796,.F.);
#6796 = EDGE_LOOP('',(#6797,#6798,#6799,#6805));
#6797 = ORIENTED_EDGE('',*,*,#6766,.T.);
#6798 = ORIENTED_EDGE('',*,*,#5948,.T.);
#6799 = ORIENTED_EDGE('',*,*,#6800,.F.);
#6800 = EDGE_CURVE('',#5374,#5949,#6801,.T.);
#6801 = LINE('',#6802,#6803);
#6802 = CARTESIAN_POINT('',(-1.27,-9.144,0.));
#6803 = VECTOR('',#6804,1.);
#6804 = DIRECTION('',(0.,0.,1.));
#6805 = ORIENTED_EDGE('',*,*,#5373,.F.);
#6806 = PLANE('',#6807);
#6807 = AXIS2_PLACEMENT_3D('',#6808,#6809,#6810);
#6808 = CARTESIAN_POINT('',(-1.016,-8.89,0.));
#6809 = DIRECTION('',(0.707106781187,-0.707106781187,0.));
#6810 = DIRECTION('',(-0.707106781187,-0.707106781187,0.));
#6811 = ADVANCED_FACE('',(#6812),#6823,.F.);
#6812 = FACE_BOUND('',#6813,.F.);
#6813 = EDGE_LOOP('',(#6814,#6820,#6821,#6822));
#6814 = ORIENTED_EDGE('',*,*,#6815,.T.);
#6815 = EDGE_CURVE('',#5518,#6093,#6816,.T.);
#6816 = LINE('',#6817,#6818);
#6817 = CARTESIAN_POINT('',(1.016,-8.89,0.));
#6818 = VECTOR('',#6819,1.);
#6819 = DIRECTION('',(0.,0.,1.));
#6820 = ORIENTED_EDGE('',*,*,#6100,.T.);
#6821 = ORIENTED_EDGE('',*,*,#6781,.F.);
#6822 = ORIENTED_EDGE('',*,*,#5525,.F.);
#6823 = PLANE('',#6824);
#6824 = AXIS2_PLACEMENT_3D('',#6825,#6826,#6827);
#6825 = CARTESIAN_POINT('',(1.016,-8.89,0.));
#6826 = DIRECTION('',(-0.707106781187,0.707106781187,0.));
#6827 = DIRECTION('',(0.707106781187,0.707106781187,0.));
#6828 = ADVANCED_FACE('',(#6829),#6840,.F.);
#6829 = FACE_BOUND('',#6830,.F.);
#6830 = EDGE_LOOP('',(#6831,#6832,#6833,#6839));
#6831 = ORIENTED_EDGE('',*,*,#6800,.T.);
#6832 = ORIENTED_EDGE('',*,*,#5956,.T.);
#6833 = ORIENTED_EDGE('',*,*,#6834,.F.);
#6834 = EDGE_CURVE('',#5382,#5957,#6835,.T.);
#6835 = LINE('',#6836,#6837);
#6836 = CARTESIAN_POINT('',(-1.27,-11.176,0.));
#6837 = VECTOR('',#6838,1.);
#6838 = DIRECTION('',(0.,0.,1.));
#6839 = ORIENTED_EDGE('',*,*,#5381,.F.);
#6840 = PLANE('',#6841);
#6841 = AXIS2_PLACEMENT_3D('',#6842,#6843,#6844);
#6842 = CARTESIAN_POINT('',(-1.27,-9.144,0.));
#6843 = DIRECTION('',(1.,0.,0.));
#6844 = DIRECTION('',(0.,-1.,0.));
#6845 = ADVANCED_FACE('',(#6846),#6857,.F.);
#6846 = FACE_BOUND('',#6847,.F.);
#6847 = EDGE_LOOP('',(#6848,#6854,#6855,#6856));
#6848 = ORIENTED_EDGE('',*,*,#6849,.T.);
#6849 = EDGE_CURVE('',#5510,#6085,#6850,.T.);
#6850 = LINE('',#6851,#6852);
#6851 = CARTESIAN_POINT('',(1.27,-9.144,0.));
#6852 = VECTOR('',#6853,1.);
#6853 = DIRECTION('',(0.,0.,1.));
#6854 = ORIENTED_EDGE('',*,*,#6092,.T.);
#6855 = ORIENTED_EDGE('',*,*,#6815,.F.);
#6856 = ORIENTED_EDGE('',*,*,#5517,.F.);
#6857 = PLANE('',#6858);
#6858 = AXIS2_PLACEMENT_3D('',#6859,#6860,#6861);
#6859 = CARTESIAN_POINT('',(1.27,-9.144,0.));
#6860 = DIRECTION('',(-0.707106781187,-0.707106781187,0.));
#6861 = DIRECTION('',(-0.707106781187,0.707106781187,0.));
#6862 = ADVANCED_FACE('',(#6863),#6874,.F.);
#6863 = FACE_BOUND('',#6864,.F.);
#6864 = EDGE_LOOP('',(#6865,#6866,#6867,#6873));
#6865 = ORIENTED_EDGE('',*,*,#6834,.T.);
#6866 = ORIENTED_EDGE('',*,*,#5964,.T.);
#6867 = ORIENTED_EDGE('',*,*,#6868,.F.);
#6868 = EDGE_CURVE('',#5390,#5965,#6869,.T.);
#6869 = LINE('',#6870,#6871);
#6870 = CARTESIAN_POINT('',(-1.016,-11.43,0.));
#6871 = VECTOR('',#6872,1.);
#6872 = DIRECTION('',(0.,0.,1.));
#6873 = ORIENTED_EDGE('',*,*,#5389,.F.);
#6874 = PLANE('',#6875);
#6875 = AXIS2_PLACEMENT_3D('',#6876,#6877,#6878);
#6876 = CARTESIAN_POINT('',(-1.27,-11.176,0.));
#6877 = DIRECTION('',(0.707106781187,0.707106781187,0.));
#6878 = DIRECTION('',(0.707106781187,-0.707106781187,0.));
#6879 = ADVANCED_FACE('',(#6880),#6891,.F.);
#6880 = FACE_BOUND('',#6881,.F.);
#6881 = EDGE_LOOP('',(#6882,#6888,#6889,#6890));
#6882 = ORIENTED_EDGE('',*,*,#6883,.T.);
#6883 = EDGE_CURVE('',#5502,#6077,#6884,.T.);
#6884 = LINE('',#6885,#6886);
#6885 = CARTESIAN_POINT('',(1.27,-11.176,0.));
#6886 = VECTOR('',#6887,1.);
#6887 = DIRECTION('',(0.,0.,1.));
#6888 = ORIENTED_EDGE('',*,*,#6084,.T.);
#6889 = ORIENTED_EDGE('',*,*,#6849,.F.);
#6890 = ORIENTED_EDGE('',*,*,#5509,.F.);
#6891 = PLANE('',#6892);
#6892 = AXIS2_PLACEMENT_3D('',#6893,#6894,#6895);
#6893 = CARTESIAN_POINT('',(1.27,-11.176,0.));
#6894 = DIRECTION('',(-1.,0.,0.));
#6895 = DIRECTION('',(0.,1.,0.));
#6896 = ADVANCED_FACE('',(#6897),#6908,.F.);
#6897 = FACE_BOUND('',#6898,.F.);
#6898 = EDGE_LOOP('',(#6899,#6900,#6901,#6907));
#6899 = ORIENTED_EDGE('',*,*,#6868,.T.);
#6900 = ORIENTED_EDGE('',*,*,#5972,.T.);
#6901 = ORIENTED_EDGE('',*,*,#6902,.F.);
#6902 = EDGE_CURVE('',#5398,#5973,#6903,.T.);
#6903 = LINE('',#6904,#6905);
#6904 = CARTESIAN_POINT('',(-1.27,-11.684,0.));
#6905 = VECTOR('',#6906,1.);
#6906 = DIRECTION('',(0.,0.,1.));
#6907 = ORIENTED_EDGE('',*,*,#5397,.F.);
#6908 = PLANE('',#6909);
#6909 = AXIS2_PLACEMENT_3D('',#6910,#6911,#6912);
#6910 = CARTESIAN_POINT('',(-1.016,-11.43,0.));
#6911 = DIRECTION('',(0.707106781187,-0.707106781187,0.));
#6912 = DIRECTION('',(-0.707106781187,-0.707106781187,0.));
#6913 = ADVANCED_FACE('',(#6914),#6925,.F.);
#6914 = FACE_BOUND('',#6915,.F.);
#6915 = EDGE_LOOP('',(#6916,#6922,#6923,#6924));
#6916 = ORIENTED_EDGE('',*,*,#6917,.T.);
#6917 = EDGE_CURVE('',#5494,#6069,#6918,.T.);
#6918 = LINE('',#6919,#6920);
#6919 = CARTESIAN_POINT('',(1.016,-11.43,0.));
#6920 = VECTOR('',#6921,1.);
#6921 = DIRECTION('',(0.,0.,1.));
#6922 = ORIENTED_EDGE('',*,*,#6076,.T.);
#6923 = ORIENTED_EDGE('',*,*,#6883,.F.);
#6924 = ORIENTED_EDGE('',*,*,#5501,.F.);
#6925 = PLANE('',#6926);
#6926 = AXIS2_PLACEMENT_3D('',#6927,#6928,#6929);
#6927 = CARTESIAN_POINT('',(1.016,-11.43,0.));
#6928 = DIRECTION('',(-0.707106781187,0.707106781187,0.));
#6929 = DIRECTION('',(0.707106781187,0.707106781187,0.));
#6930 = ADVANCED_FACE('',(#6931),#6942,.F.);
#6931 = FACE_BOUND('',#6932,.F.);
#6932 = EDGE_LOOP('',(#6933,#6934,#6935,#6941));
#6933 = ORIENTED_EDGE('',*,*,#6902,.T.);
#6934 = ORIENTED_EDGE('',*,*,#5980,.T.);
#6935 = ORIENTED_EDGE('',*,*,#6936,.F.);
#6936 = EDGE_CURVE('',#5406,#5981,#6937,.T.);
#6937 = LINE('',#6938,#6939);
#6938 = CARTESIAN_POINT('',(-1.27,-13.716,0.));
#6939 = VECTOR('',#6940,1.);
#6940 = DIRECTION('',(0.,0.,1.));
#6941 = ORIENTED_EDGE('',*,*,#5405,.F.);
#6942 = PLANE('',#6943);
#6943 = AXIS2_PLACEMENT_3D('',#6944,#6945,#6946);
#6944 = CARTESIAN_POINT('',(-1.27,-11.684,0.));
#6945 = DIRECTION('',(1.,0.,0.));
#6946 = DIRECTION('',(0.,-1.,0.));
#6947 = ADVANCED_FACE('',(#6948),#6959,.F.);
#6948 = FACE_BOUND('',#6949,.F.);
#6949 = EDGE_LOOP('',(#6950,#6956,#6957,#6958));
#6950 = ORIENTED_EDGE('',*,*,#6951,.T.);
#6951 = EDGE_CURVE('',#5486,#6061,#6952,.T.);
#6952 = LINE('',#6953,#6954);
#6953 = CARTESIAN_POINT('',(1.27,-11.684,0.));
#6954 = VECTOR('',#6955,1.);
#6955 = DIRECTION('',(0.,0.,1.));
#6956 = ORIENTED_EDGE('',*,*,#6068,.T.);
#6957 = ORIENTED_EDGE('',*,*,#6917,.F.);
#6958 = ORIENTED_EDGE('',*,*,#5493,.F.);
#6959 = PLANE('',#6960);
#6960 = AXIS2_PLACEMENT_3D('',#6961,#6962,#6963);
#6961 = CARTESIAN_POINT('',(1.27,-11.684,0.));
#6962 = DIRECTION('',(-0.707106781187,-0.707106781187,0.));
#6963 = DIRECTION('',(-0.707106781187,0.707106781187,0.));
#6964 = ADVANCED_FACE('',(#6965),#6976,.F.);
#6965 = FACE_BOUND('',#6966,.F.);
#6966 = EDGE_LOOP('',(#6967,#6968,#6969,#6975));
#6967 = ORIENTED_EDGE('',*,*,#6936,.T.);
#6968 = ORIENTED_EDGE('',*,*,#5988,.T.);
#6969 = ORIENTED_EDGE('',*,*,#6970,.F.);
#6970 = EDGE_CURVE('',#5414,#5989,#6971,.T.);
#6971 = LINE('',#6972,#6973);
#6972 = CARTESIAN_POINT('',(-1.016,-13.97,0.));
#6973 = VECTOR('',#6974,1.);
#6974 = DIRECTION('',(0.,0.,1.));
#6975 = ORIENTED_EDGE('',*,*,#5413,.F.);
#6976 = PLANE('',#6977);
#6977 = AXIS2_PLACEMENT_3D('',#6978,#6979,#6980);
#6978 = CARTESIAN_POINT('',(-1.27,-13.716,0.));
#6979 = DIRECTION('',(0.707106781187,0.707106781187,0.));
#6980 = DIRECTION('',(0.707106781187,-0.707106781187,0.));
#6981 = ADVANCED_FACE('',(#6982),#6993,.F.);
#6982 = FACE_BOUND('',#6983,.F.);
#6983 = EDGE_LOOP('',(#6984,#6990,#6991,#6992));
#6984 = ORIENTED_EDGE('',*,*,#6985,.T.);
#6985 = EDGE_CURVE('',#5478,#6053,#6986,.T.);
#6986 = LINE('',#6987,#6988);
#6987 = CARTESIAN_POINT('',(1.27,-13.716,0.));
#6988 = VECTOR('',#6989,1.);
#6989 = DIRECTION('',(0.,0.,1.));
#6990 = ORIENTED_EDGE('',*,*,#6060,.T.);
#6991 = ORIENTED_EDGE('',*,*,#6951,.F.);
#6992 = ORIENTED_EDGE('',*,*,#5485,.F.);
#6993 = PLANE('',#6994);
#6994 = AXIS2_PLACEMENT_3D('',#6995,#6996,#6997);
#6995 = CARTESIAN_POINT('',(1.27,-13.716,0.));
#6996 = DIRECTION('',(-1.,0.,0.));
#6997 = DIRECTION('',(0.,1.,0.));
#6998 = ADVANCED_FACE('',(#6999),#7010,.F.);
#6999 = FACE_BOUND('',#7000,.F.);
#7000 = EDGE_LOOP('',(#7001,#7002,#7003,#7009));
#7001 = ORIENTED_EDGE('',*,*,#6970,.T.);
#7002 = ORIENTED_EDGE('',*,*,#5996,.T.);
#7003 = ORIENTED_EDGE('',*,*,#7004,.F.);
#7004 = EDGE_CURVE('',#5422,#5997,#7005,.T.);
#7005 = LINE('',#7006,#7007);
#7006 = CARTESIAN_POINT('',(-1.27,-14.224,0.));
#7007 = VECTOR('',#7008,1.);
#7008 = DIRECTION('',(0.,0.,1.));
#7009 = ORIENTED_EDGE('',*,*,#5421,.F.);
#7010 = PLANE('',#7011);
#7011 = AXIS2_PLACEMENT_3D('',#7012,#7013,#7014);
#7012 = CARTESIAN_POINT('',(-1.016,-13.97,0.));
#7013 = DIRECTION('',(0.707106781187,-0.707106781187,0.));
#7014 = DIRECTION('',(-0.707106781187,-0.707106781187,0.));
#7015 = ADVANCED_FACE('',(#7016),#7027,.F.);
#7016 = FACE_BOUND('',#7017,.F.);
#7017 = EDGE_LOOP('',(#7018,#7024,#7025,#7026));
#7018 = ORIENTED_EDGE('',*,*,#7019,.T.);
#7019 = EDGE_CURVE('',#5470,#6045,#7020,.T.);
#7020 = LINE('',#7021,#7022);
#7021 = CARTESIAN_POINT('',(1.016,-13.97,0.));
#7022 = VECTOR('',#7023,1.);
#7023 = DIRECTION('',(0.,0.,1.));
#7024 = ORIENTED_EDGE('',*,*,#6052,.T.);
#7025 = ORIENTED_EDGE('',*,*,#6985,.F.);
#7026 = ORIENTED_EDGE('',*,*,#5477,.F.);
#7027 = PLANE('',#7028);
#7028 = AXIS2_PLACEMENT_3D('',#7029,#7030,#7031);
#7029 = CARTESIAN_POINT('',(1.016,-13.97,0.));
#7030 = DIRECTION('',(-0.707106781187,0.707106781187,0.));
#7031 = DIRECTION('',(0.707106781187,0.707106781187,0.));
#7032 = ADVANCED_FACE('',(#7033),#7044,.F.);
#7033 = FACE_BOUND('',#7034,.F.);
#7034 = EDGE_LOOP('',(#7035,#7036,#7037,#7043));
#7035 = ORIENTED_EDGE('',*,*,#7004,.T.);
#7036 = ORIENTED_EDGE('',*,*,#6004,.T.);
#7037 = ORIENTED_EDGE('',*,*,#7038,.F.);
#7038 = EDGE_CURVE('',#5430,#6005,#7039,.T.);
#7039 = LINE('',#7040,#7041);
#7040 = CARTESIAN_POINT('',(-1.27,-16.256,0.));
#7041 = VECTOR('',#7042,1.);
#7042 = DIRECTION('',(0.,0.,1.));
#7043 = ORIENTED_EDGE('',*,*,#5429,.F.);
#7044 = PLANE('',#7045);
#7045 = AXIS2_PLACEMENT_3D('',#7046,#7047,#7048);
#7046 = CARTESIAN_POINT('',(-1.27,-14.224,0.));
#7047 = DIRECTION('',(1.,0.,0.));
#7048 = DIRECTION('',(0.,-1.,0.));
#7049 = ADVANCED_FACE('',(#7050),#7061,.F.);
#7050 = FACE_BOUND('',#7051,.F.);
#7051 = EDGE_LOOP('',(#7052,#7058,#7059,#7060));
#7052 = ORIENTED_EDGE('',*,*,#7053,.T.);
#7053 = EDGE_CURVE('',#5462,#6037,#7054,.T.);
#7054 = LINE('',#7055,#7056);
#7055 = CARTESIAN_POINT('',(1.27,-14.224,0.));
#7056 = VECTOR('',#7057,1.);
#7057 = DIRECTION('',(0.,0.,1.));
#7058 = ORIENTED_EDGE('',*,*,#6044,.T.);
#7059 = ORIENTED_EDGE('',*,*,#7019,.F.);
#7060 = ORIENTED_EDGE('',*,*,#5469,.F.);
#7061 = PLANE('',#7062);
#7062 = AXIS2_PLACEMENT_3D('',#7063,#7064,#7065);
#7063 = CARTESIAN_POINT('',(1.27,-14.224,0.));
#7064 = DIRECTION('',(-0.707106781187,-0.707106781187,0.));
#7065 = DIRECTION('',(-0.707106781187,0.707106781187,0.));
#7066 = ADVANCED_FACE('',(#7067),#7078,.F.);
#7067 = FACE_BOUND('',#7068,.F.);
#7068 = EDGE_LOOP('',(#7069,#7070,#7071,#7077));
#7069 = ORIENTED_EDGE('',*,*,#7038,.T.);
#7070 = ORIENTED_EDGE('',*,*,#6012,.T.);
#7071 = ORIENTED_EDGE('',*,*,#7072,.F.);
#7072 = EDGE_CURVE('',#5438,#6013,#7073,.T.);
#7073 = LINE('',#7074,#7075);
#7074 = CARTESIAN_POINT('',(-1.016,-16.51,0.));
#7075 = VECTOR('',#7076,1.);
#7076 = DIRECTION('',(0.,0.,1.));
#7077 = ORIENTED_EDGE('',*,*,#5437,.F.);
#7078 = PLANE('',#7079);
#7079 = AXIS2_PLACEMENT_3D('',#7080,#7081,#7082);
#7080 = CARTESIAN_POINT('',(-1.27,-16.256,0.));
#7081 = DIRECTION('',(0.707106781187,0.707106781187,0.));
#7082 = DIRECTION('',(0.707106781187,-0.707106781187,0.));
#7083 = ADVANCED_FACE('',(#7084),#7095,.F.);
#7084 = FACE_BOUND('',#7085,.F.);
#7085 = EDGE_LOOP('',(#7086,#7092,#7093,#7094));
#7086 = ORIENTED_EDGE('',*,*,#7087,.T.);
#7087 = EDGE_CURVE('',#5454,#6029,#7088,.T.);
#7088 = LINE('',#7089,#7090);
#7089 = CARTESIAN_POINT('',(1.27,-16.256,0.));
#7090 = VECTOR('',#7091,1.);
#7091 = DIRECTION('',(0.,0.,1.));
#7092 = ORIENTED_EDGE('',*,*,#6036,.T.);
#7093 = ORIENTED_EDGE('',*,*,#7053,.F.);
#7094 = ORIENTED_EDGE('',*,*,#5461,.F.);
#7095 = PLANE('',#7096);
#7096 = AXIS2_PLACEMENT_3D('',#7097,#7098,#7099);
#7097 = CARTESIAN_POINT('',(1.27,-16.256,0.));
#7098 = DIRECTION('',(-1.,0.,0.));
#7099 = DIRECTION('',(0.,1.,0.));
#7100 = ADVANCED_FACE('',(#7101),#7112,.F.);
#7101 = FACE_BOUND('',#7102,.F.);
#7102 = EDGE_LOOP('',(#7103,#7104,#7105,#7111));
#7103 = ORIENTED_EDGE('',*,*,#7072,.T.);
#7104 = ORIENTED_EDGE('',*,*,#6020,.T.);
#7105 = ORIENTED_EDGE('',*,*,#7106,.F.);
#7106 = EDGE_CURVE('',#5446,#6021,#7107,.T.);
#7107 = LINE('',#7108,#7109);
#7108 = CARTESIAN_POINT('',(1.016,-16.51,0.));
#7109 = VECTOR('',#7110,1.);
#7110 = DIRECTION('',(0.,0.,1.));
#7111 = ORIENTED_EDGE('',*,*,#5445,.F.);
#7112 = PLANE('',#7113);
#7113 = AXIS2_PLACEMENT_3D('',#7114,#7115,#7116);
#7114 = CARTESIAN_POINT('',(-1.016,-16.51,0.));
#7115 = DIRECTION('',(0.,1.,0.));
#7116 = DIRECTION('',(1.,0.,0.));
#7117 = ADVANCED_FACE('',(#7118),#7124,.F.);
#7118 = FACE_BOUND('',#7119,.F.);
#7119 = EDGE_LOOP('',(#7120,#7121,#7122,#7123));
#7120 = ORIENTED_EDGE('',*,*,#7106,.T.);
#7121 = ORIENTED_EDGE('',*,*,#6028,.T.);
#7122 = ORIENTED_EDGE('',*,*,#7087,.F.);
#7123 = ORIENTED_EDGE('',*,*,#5453,.F.);
#7124 = PLANE('',#7125);
#7125 = AXIS2_PLACEMENT_3D('',#7126,#7127,#7128);
#7126 = CARTESIAN_POINT('',(1.016,-16.51,0.));
#7127 = DIRECTION('',(-0.707106781187,0.707106781187,0.));
#7128 = DIRECTION('',(0.707106781187,0.707106781187,0.));
#7129 = ADVANCED_FACE('',(#7130),#7155,.T.);
#7130 = FACE_BOUND('',#7131,.T.);
#7131 = EDGE_LOOP('',(#7132,#7140,#7148,#7154));
#7132 = ORIENTED_EDGE('',*,*,#7133,.F.);
#7133 = EDGE_CURVE('',#7134,#5623,#7136,.T.);
#7134 = VERTEX_POINT('',#7135);
#7135 = CARTESIAN_POINT('',(0.32,-12.38,-2.84));
#7136 = LINE('',#7137,#7138);
#7137 = CARTESIAN_POINT('',(0.32,-12.38,-3.));
#7138 = VECTOR('',#7139,1.);
#7139 = DIRECTION('',(0.,0.,1.));
#7140 = ORIENTED_EDGE('',*,*,#7141,.F.);
#7141 = EDGE_CURVE('',#7142,#7134,#7144,.T.);
#7142 = VERTEX_POINT('',#7143);
#7143 = CARTESIAN_POINT('',(-0.32,-12.38,-2.84));
#7144 = LINE('',#7145,#7146);
#7145 = CARTESIAN_POINT('',(-0.32,-12.38,-2.84));
#7146 = VECTOR('',#7147,1.);
#7147 = DIRECTION('',(1.,0.,0.));
#7148 = ORIENTED_EDGE('',*,*,#7149,.T.);
#7149 = EDGE_CURVE('',#7142,#5625,#7150,.T.);
#7150 = LINE('',#7151,#7152);
#7151 = CARTESIAN_POINT('',(-0.32,-12.38,-3.));
#7152 = VECTOR('',#7153,1.);
#7153 = DIRECTION('',(0.,0.,1.));
#7154 = ORIENTED_EDGE('',*,*,#5622,.F.);
#7155 = PLANE('',#7156);
#7156 = AXIS2_PLACEMENT_3D('',#7157,#7158,#7159);
#7157 = CARTESIAN_POINT('',(-0.32,-12.38,-3.));
#7158 = DIRECTION('',(0.,1.,0.));
#7159 = DIRECTION('',(0.,-0.,1.));
#7160 = ADVANCED_FACE('',(#7161),#7179,.F.);
#7161 = FACE_BOUND('',#7162,.F.);
#7162 = EDGE_LOOP('',(#7163,#7171,#7177,#7178));
#7163 = ORIENTED_EDGE('',*,*,#7164,.F.);
#7164 = EDGE_CURVE('',#7165,#5641,#7167,.T.);
#7165 = VERTEX_POINT('',#7166);
#7166 = CARTESIAN_POINT('',(-0.32,-13.02,-2.84));
#7167 = LINE('',#7168,#7169);
#7168 = CARTESIAN_POINT('',(-0.32,-13.02,-3.));
#7169 = VECTOR('',#7170,1.);
#7170 = DIRECTION('',(0.,0.,1.));
#7171 = ORIENTED_EDGE('',*,*,#7172,.T.);
#7172 = EDGE_CURVE('',#7165,#7142,#7173,.T.);
#7173 = LINE('',#7174,#7175);
#7174 = CARTESIAN_POINT('',(-0.32,-13.02,-2.84));
#7175 = VECTOR('',#7176,1.);
#7176 = DIRECTION('',(0.,1.,0.));
#7177 = ORIENTED_EDGE('',*,*,#7149,.T.);
#7178 = ORIENTED_EDGE('',*,*,#5648,.F.);
#7179 = PLANE('',#7180);
#7180 = AXIS2_PLACEMENT_3D('',#7181,#7182,#7183);
#7181 = CARTESIAN_POINT('',(-0.32,-13.02,-3.));
#7182 = DIRECTION('',(1.,0.,0.));
#7183 = DIRECTION('',(0.,0.,1.));
#7184 = ADVANCED_FACE('',(#7185),#7203,.F.);
#7185 = FACE_BOUND('',#7186,.F.);
#7186 = EDGE_LOOP('',(#7187,#7195,#7201,#7202));
#7187 = ORIENTED_EDGE('',*,*,#7188,.F.);
#7188 = EDGE_CURVE('',#7189,#5633,#7191,.T.);
#7189 = VERTEX_POINT('',#7190);
#7190 = CARTESIAN_POINT('',(0.32,-13.02,-2.84));
#7191 = LINE('',#7192,#7193);
#7192 = CARTESIAN_POINT('',(0.32,-13.02,-3.));
#7193 = VECTOR('',#7194,1.);
#7194 = DIRECTION('',(0.,0.,1.));
#7195 = ORIENTED_EDGE('',*,*,#7196,.F.);
#7196 = EDGE_CURVE('',#7165,#7189,#7197,.T.);
#7197 = LINE('',#7198,#7199);
#7198 = CARTESIAN_POINT('',(-0.32,-13.02,-2.84));
#7199 = VECTOR('',#7200,1.);
#7200 = DIRECTION('',(1.,0.,0.));
#7201 = ORIENTED_EDGE('',*,*,#7164,.T.);
#7202 = ORIENTED_EDGE('',*,*,#5640,.F.);
#7203 = PLANE('',#7204);
#7204 = AXIS2_PLACEMENT_3D('',#7205,#7206,#7207);
#7205 = CARTESIAN_POINT('',(-0.32,-13.02,-3.));
#7206 = DIRECTION('',(0.,1.,0.));
#7207 = DIRECTION('',(0.,-0.,1.));
#7208 = ADVANCED_FACE('',(#7209),#7220,.T.);
#7209 = FACE_BOUND('',#7210,.T.);
#7210 = EDGE_LOOP('',(#7211,#7212,#7218,#7219));
#7211 = ORIENTED_EDGE('',*,*,#7188,.F.);
#7212 = ORIENTED_EDGE('',*,*,#7213,.T.);
#7213 = EDGE_CURVE('',#7189,#7134,#7214,.T.);
#7214 = LINE('',#7215,#7216);
#7215 = CARTESIAN_POINT('',(0.32,-13.02,-2.84));
#7216 = VECTOR('',#7217,1.);
#7217 = DIRECTION('',(0.,1.,0.));
#7218 = ORIENTED_EDGE('',*,*,#7133,.T.);
#7219 = ORIENTED_EDGE('',*,*,#5632,.F.);
#7220 = PLANE('',#7221);
#7221 = AXIS2_PLACEMENT_3D('',#7222,#7223,#7224);
#7222 = CARTESIAN_POINT('',(0.32,-13.02,-3.));
#7223 = DIRECTION('',(1.,0.,0.));
#7224 = DIRECTION('',(0.,0.,1.));
#7225 = ADVANCED_FACE('',(#7226),#7251,.T.);
#7226 = FACE_BOUND('',#7227,.T.);
#7227 = EDGE_LOOP('',(#7228,#7236,#7244,#7250));
#7228 = ORIENTED_EDGE('',*,*,#7229,.F.);
#7229 = EDGE_CURVE('',#7230,#5657,#7232,.T.);
#7230 = VERTEX_POINT('',#7231);
#7231 = CARTESIAN_POINT('',(0.32,-15.56,-2.84));
#7232 = LINE('',#7233,#7234);
#7233 = CARTESIAN_POINT('',(0.32,-15.56,-3.));
#7234 = VECTOR('',#7235,1.);
#7235 = DIRECTION('',(0.,0.,1.));
#7236 = ORIENTED_EDGE('',*,*,#7237,.T.);
#7237 = EDGE_CURVE('',#7230,#7238,#7240,.T.);
#7238 = VERTEX_POINT('',#7239);
#7239 = CARTESIAN_POINT('',(0.32,-14.92,-2.84));
#7240 = LINE('',#7241,#7242);
#7241 = CARTESIAN_POINT('',(0.32,-15.56,-2.84));
#7242 = VECTOR('',#7243,1.);
#7243 = DIRECTION('',(0.,1.,0.));
#7244 = ORIENTED_EDGE('',*,*,#7245,.T.);
#7245 = EDGE_CURVE('',#7238,#5659,#7246,.T.);
#7246 = LINE('',#7247,#7248);
#7247 = CARTESIAN_POINT('',(0.32,-14.92,-3.));
#7248 = VECTOR('',#7249,1.);
#7249 = DIRECTION('',(0.,0.,1.));
#7250 = ORIENTED_EDGE('',*,*,#5656,.F.);
#7251 = PLANE('',#7252);
#7252 = AXIS2_PLACEMENT_3D('',#7253,#7254,#7255);
#7253 = CARTESIAN_POINT('',(0.32,-15.56,-3.));
#7254 = DIRECTION('',(1.,0.,0.));
#7255 = DIRECTION('',(0.,0.,1.));
#7256 = ADVANCED_FACE('',(#7257),#7275,.T.);
#7257 = FACE_BOUND('',#7258,.T.);
#7258 = EDGE_LOOP('',(#7259,#7260,#7268,#7274));
#7259 = ORIENTED_EDGE('',*,*,#7245,.F.);
#7260 = ORIENTED_EDGE('',*,*,#7261,.F.);
#7261 = EDGE_CURVE('',#7262,#7238,#7264,.T.);
#7262 = VERTEX_POINT('',#7263);
#7263 = CARTESIAN_POINT('',(-0.32,-14.92,-2.84));
#7264 = LINE('',#7265,#7266);
#7265 = CARTESIAN_POINT('',(-0.32,-14.92,-2.84));
#7266 = VECTOR('',#7267,1.);
#7267 = DIRECTION('',(1.,0.,0.));
#7268 = ORIENTED_EDGE('',*,*,#7269,.T.);
#7269 = EDGE_CURVE('',#7262,#5675,#7270,.T.);
#7270 = LINE('',#7271,#7272);
#7271 = CARTESIAN_POINT('',(-0.32,-14.92,-3.));
#7272 = VECTOR('',#7273,1.);
#7273 = DIRECTION('',(0.,0.,1.));
#7274 = ORIENTED_EDGE('',*,*,#5682,.F.);
#7275 = PLANE('',#7276);
#7276 = AXIS2_PLACEMENT_3D('',#7277,#7278,#7279);
#7277 = CARTESIAN_POINT('',(-0.32,-14.92,-3.));
#7278 = DIRECTION('',(0.,1.,0.));
#7279 = DIRECTION('',(0.,-0.,1.));
#7280 = ADVANCED_FACE('',(#7281),#7299,.F.);
#7281 = FACE_BOUND('',#7282,.F.);
#7282 = EDGE_LOOP('',(#7283,#7291,#7297,#7298));
#7283 = ORIENTED_EDGE('',*,*,#7284,.F.);
#7284 = EDGE_CURVE('',#7285,#5667,#7287,.T.);
#7285 = VERTEX_POINT('',#7286);
#7286 = CARTESIAN_POINT('',(-0.32,-15.56,-2.84));
#7287 = LINE('',#7288,#7289);
#7288 = CARTESIAN_POINT('',(-0.32,-15.56,-3.));
#7289 = VECTOR('',#7290,1.);
#7290 = DIRECTION('',(0.,0.,1.));
#7291 = ORIENTED_EDGE('',*,*,#7292,.T.);
#7292 = EDGE_CURVE('',#7285,#7262,#7293,.T.);
#7293 = LINE('',#7294,#7295);
#7294 = CARTESIAN_POINT('',(-0.32,-15.56,-2.84));
#7295 = VECTOR('',#7296,1.);
#7296 = DIRECTION('',(0.,1.,0.));
#7297 = ORIENTED_EDGE('',*,*,#7269,.T.);
#7298 = ORIENTED_EDGE('',*,*,#5674,.F.);
#7299 = PLANE('',#7300);
#7300 = AXIS2_PLACEMENT_3D('',#7301,#7302,#7303);
#7301 = CARTESIAN_POINT('',(-0.32,-15.56,-3.));
#7302 = DIRECTION('',(1.,0.,0.));
#7303 = DIRECTION('',(0.,0.,1.));
#7304 = ADVANCED_FACE('',(#7305),#7316,.F.);
#7305 = FACE_BOUND('',#7306,.F.);
#7306 = EDGE_LOOP('',(#7307,#7308,#7314,#7315));
#7307 = ORIENTED_EDGE('',*,*,#7229,.F.);
#7308 = ORIENTED_EDGE('',*,*,#7309,.F.);
#7309 = EDGE_CURVE('',#7285,#7230,#7310,.T.);
#7310 = LINE('',#7311,#7312);
#7311 = CARTESIAN_POINT('',(-0.32,-15.56,-2.84));
#7312 = VECTOR('',#7313,1.);
#7313 = DIRECTION('',(1.,0.,0.));
#7314 = ORIENTED_EDGE('',*,*,#7284,.T.);
#7315 = ORIENTED_EDGE('',*,*,#5666,.F.);
#7316 = PLANE('',#7317);
#7317 = AXIS2_PLACEMENT_3D('',#7318,#7319,#7320);
#7318 = CARTESIAN_POINT('',(-0.32,-15.56,-3.));
#7319 = DIRECTION('',(0.,1.,0.));
#7320 = DIRECTION('',(0.,-0.,1.));
#7321 = ADVANCED_FACE('',(#7322),#7347,.T.);
#7322 = FACE_BOUND('',#7323,.T.);
#7323 = EDGE_LOOP('',(#7324,#7332,#7340,#7346));
#7324 = ORIENTED_EDGE('',*,*,#7325,.F.);
#7325 = EDGE_CURVE('',#7326,#5691,#7328,.T.);
#7326 = VERTEX_POINT('',#7327);
#7327 = CARTESIAN_POINT('',(0.32,-9.84,-2.84));
#7328 = LINE('',#7329,#7330);
#7329 = CARTESIAN_POINT('',(0.32,-9.84,-3.));
#7330 = VECTOR('',#7331,1.);
#7331 = DIRECTION('',(0.,0.,1.));
#7332 = ORIENTED_EDGE('',*,*,#7333,.F.);
#7333 = EDGE_CURVE('',#7334,#7326,#7336,.T.);
#7334 = VERTEX_POINT('',#7335);
#7335 = CARTESIAN_POINT('',(-0.32,-9.84,-2.84));
#7336 = LINE('',#7337,#7338);
#7337 = CARTESIAN_POINT('',(-0.32,-9.84,-2.84));
#7338 = VECTOR('',#7339,1.);
#7339 = DIRECTION('',(1.,0.,0.));
#7340 = ORIENTED_EDGE('',*,*,#7341,.T.);
#7341 = EDGE_CURVE('',#7334,#5693,#7342,.T.);
#7342 = LINE('',#7343,#7344);
#7343 = CARTESIAN_POINT('',(-0.32,-9.84,-3.));
#7344 = VECTOR('',#7345,1.);
#7345 = DIRECTION('',(0.,0.,1.));
#7346 = ORIENTED_EDGE('',*,*,#5690,.F.);
#7347 = PLANE('',#7348);
#7348 = AXIS2_PLACEMENT_3D('',#7349,#7350,#7351);
#7349 = CARTESIAN_POINT('',(-0.32,-9.84,-3.));
#7350 = DIRECTION('',(0.,1.,0.));
#7351 = DIRECTION('',(0.,-0.,1.));
#7352 = ADVANCED_FACE('',(#7353),#7371,.F.);
#7353 = FACE_BOUND('',#7354,.F.);
#7354 = EDGE_LOOP('',(#7355,#7363,#7369,#7370));
#7355 = ORIENTED_EDGE('',*,*,#7356,.F.);
#7356 = EDGE_CURVE('',#7357,#5709,#7359,.T.);
#7357 = VERTEX_POINT('',#7358);
#7358 = CARTESIAN_POINT('',(-0.32,-10.48,-2.84));
#7359 = LINE('',#7360,#7361);
#7360 = CARTESIAN_POINT('',(-0.32,-10.48,-3.));
#7361 = VECTOR('',#7362,1.);
#7362 = DIRECTION('',(0.,0.,1.));
#7363 = ORIENTED_EDGE('',*,*,#7364,.T.);
#7364 = EDGE_CURVE('',#7357,#7334,#7365,.T.);
#7365 = LINE('',#7366,#7367);
#7366 = CARTESIAN_POINT('',(-0.32,-10.48,-2.84));
#7367 = VECTOR('',#7368,1.);
#7368 = DIRECTION('',(0.,1.,0.));
#7369 = ORIENTED_EDGE('',*,*,#7341,.T.);
#7370 = ORIENTED_EDGE('',*,*,#5716,.F.);
#7371 = PLANE('',#7372);
#7372 = AXIS2_PLACEMENT_3D('',#7373,#7374,#7375);
#7373 = CARTESIAN_POINT('',(-0.32,-10.48,-3.));
#7374 = DIRECTION('',(1.,0.,0.));
#7375 = DIRECTION('',(0.,0.,1.));
#7376 = ADVANCED_FACE('',(#7377),#7395,.F.);
#7377 = FACE_BOUND('',#7378,.F.);
#7378 = EDGE_LOOP('',(#7379,#7387,#7393,#7394));
#7379 = ORIENTED_EDGE('',*,*,#7380,.F.);
#7380 = EDGE_CURVE('',#7381,#5701,#7383,.T.);
#7381 = VERTEX_POINT('',#7382);
#7382 = CARTESIAN_POINT('',(0.32,-10.48,-2.84));
#7383 = LINE('',#7384,#7385);
#7384 = CARTESIAN_POINT('',(0.32,-10.48,-3.));
#7385 = VECTOR('',#7386,1.);
#7386 = DIRECTION('',(0.,0.,1.));
#7387 = ORIENTED_EDGE('',*,*,#7388,.F.);
#7388 = EDGE_CURVE('',#7357,#7381,#7389,.T.);
#7389 = LINE('',#7390,#7391);
#7390 = CARTESIAN_POINT('',(-0.32,-10.48,-2.84));
#7391 = VECTOR('',#7392,1.);
#7392 = DIRECTION('',(1.,0.,0.));
#7393 = ORIENTED_EDGE('',*,*,#7356,.T.);
#7394 = ORIENTED_EDGE('',*,*,#5708,.F.);
#7395 = PLANE('',#7396);
#7396 = AXIS2_PLACEMENT_3D('',#7397,#7398,#7399);
#7397 = CARTESIAN_POINT('',(-0.32,-10.48,-3.));
#7398 = DIRECTION('',(0.,1.,0.));
#7399 = DIRECTION('',(0.,-0.,1.));
#7400 = ADVANCED_FACE('',(#7401),#7412,.T.);
#7401 = FACE_BOUND('',#7402,.T.);
#7402 = EDGE_LOOP('',(#7403,#7404,#7410,#7411));
#7403 = ORIENTED_EDGE('',*,*,#7380,.F.);
#7404 = ORIENTED_EDGE('',*,*,#7405,.T.);
#7405 = EDGE_CURVE('',#7381,#7326,#7406,.T.);
#7406 = LINE('',#7407,#7408);
#7407 = CARTESIAN_POINT('',(0.32,-10.48,-2.84));
#7408 = VECTOR('',#7409,1.);
#7409 = DIRECTION('',(0.,1.,0.));
#7410 = ORIENTED_EDGE('',*,*,#7325,.T.);
#7411 = ORIENTED_EDGE('',*,*,#5700,.F.);
#7412 = PLANE('',#7413);
#7413 = AXIS2_PLACEMENT_3D('',#7414,#7415,#7416);
#7414 = CARTESIAN_POINT('',(0.32,-10.48,-3.));
#7415 = DIRECTION('',(1.,0.,0.));
#7416 = DIRECTION('',(0.,0.,1.));
#7417 = ADVANCED_FACE('',(#7418),#7443,.T.);
#7418 = FACE_BOUND('',#7419,.T.);
#7419 = EDGE_LOOP('',(#7420,#7428,#7436,#7442));
#7420 = ORIENTED_EDGE('',*,*,#7421,.F.);
#7421 = EDGE_CURVE('',#7422,#5725,#7424,.T.);
#7422 = VERTEX_POINT('',#7423);
#7423 = CARTESIAN_POINT('',(0.32,-2.86,-2.84));
#7424 = LINE('',#7425,#7426);
#7425 = CARTESIAN_POINT('',(0.32,-2.86,-3.));
#7426 = VECTOR('',#7427,1.);
#7427 = DIRECTION('',(0.,0.,1.));
#7428 = ORIENTED_EDGE('',*,*,#7429,.T.);
#7429 = EDGE_CURVE('',#7422,#7430,#7432,.T.);
#7430 = VERTEX_POINT('',#7431);
#7431 = CARTESIAN_POINT('',(0.32,-2.22,-2.84));
#7432 = LINE('',#7433,#7434);
#7433 = CARTESIAN_POINT('',(0.32,-2.86,-2.84));
#7434 = VECTOR('',#7435,1.);
#7435 = DIRECTION('',(0.,1.,0.));
#7436 = ORIENTED_EDGE('',*,*,#7437,.T.);
#7437 = EDGE_CURVE('',#7430,#5727,#7438,.T.);
#7438 = LINE('',#7439,#7440);
#7439 = CARTESIAN_POINT('',(0.32,-2.22,-3.));
#7440 = VECTOR('',#7441,1.);
#7441 = DIRECTION('',(0.,0.,1.));
#7442 = ORIENTED_EDGE('',*,*,#5724,.F.);
#7443 = PLANE('',#7444);
#7444 = AXIS2_PLACEMENT_3D('',#7445,#7446,#7447);
#7445 = CARTESIAN_POINT('',(0.32,-2.86,-3.));
#7446 = DIRECTION('',(1.,0.,0.));
#7447 = DIRECTION('',(0.,0.,1.));
#7448 = ADVANCED_FACE('',(#7449),#7467,.T.);
#7449 = FACE_BOUND('',#7450,.T.);
#7450 = EDGE_LOOP('',(#7451,#7452,#7460,#7466));
#7451 = ORIENTED_EDGE('',*,*,#7437,.F.);
#7452 = ORIENTED_EDGE('',*,*,#7453,.F.);
#7453 = EDGE_CURVE('',#7454,#7430,#7456,.T.);
#7454 = VERTEX_POINT('',#7455);
#7455 = CARTESIAN_POINT('',(-0.32,-2.22,-2.84));
#7456 = LINE('',#7457,#7458);
#7457 = CARTESIAN_POINT('',(-0.32,-2.22,-2.84));
#7458 = VECTOR('',#7459,1.);
#7459 = DIRECTION('',(1.,0.,0.));
#7460 = ORIENTED_EDGE('',*,*,#7461,.T.);
#7461 = EDGE_CURVE('',#7454,#5743,#7462,.T.);
#7462 = LINE('',#7463,#7464);
#7463 = CARTESIAN_POINT('',(-0.32,-2.22,-3.));
#7464 = VECTOR('',#7465,1.);
#7465 = DIRECTION('',(0.,0.,1.));
#7466 = ORIENTED_EDGE('',*,*,#5750,.F.);
#7467 = PLANE('',#7468);
#7468 = AXIS2_PLACEMENT_3D('',#7469,#7470,#7471);
#7469 = CARTESIAN_POINT('',(-0.32,-2.22,-3.));
#7470 = DIRECTION('',(0.,1.,0.));
#7471 = DIRECTION('',(0.,-0.,1.));
#7472 = ADVANCED_FACE('',(#7473),#7491,.F.);
#7473 = FACE_BOUND('',#7474,.F.);
#7474 = EDGE_LOOP('',(#7475,#7483,#7489,#7490));
#7475 = ORIENTED_EDGE('',*,*,#7476,.F.);
#7476 = EDGE_CURVE('',#7477,#5735,#7479,.T.);
#7477 = VERTEX_POINT('',#7478);
#7478 = CARTESIAN_POINT('',(-0.32,-2.86,-2.84));
#7479 = LINE('',#7480,#7481);
#7480 = CARTESIAN_POINT('',(-0.32,-2.86,-3.));
#7481 = VECTOR('',#7482,1.);
#7482 = DIRECTION('',(0.,0.,1.));
#7483 = ORIENTED_EDGE('',*,*,#7484,.T.);
#7484 = EDGE_CURVE('',#7477,#7454,#7485,.T.);
#7485 = LINE('',#7486,#7487);
#7486 = CARTESIAN_POINT('',(-0.32,-2.86,-2.84));
#7487 = VECTOR('',#7488,1.);
#7488 = DIRECTION('',(0.,1.,0.));
#7489 = ORIENTED_EDGE('',*,*,#7461,.T.);
#7490 = ORIENTED_EDGE('',*,*,#5742,.F.);
#7491 = PLANE('',#7492);
#7492 = AXIS2_PLACEMENT_3D('',#7493,#7494,#7495);
#7493 = CARTESIAN_POINT('',(-0.32,-2.86,-3.));
#7494 = DIRECTION('',(1.,0.,0.));
#7495 = DIRECTION('',(0.,0.,1.));
#7496 = ADVANCED_FACE('',(#7497),#7508,.F.);
#7497 = FACE_BOUND('',#7498,.F.);
#7498 = EDGE_LOOP('',(#7499,#7500,#7506,#7507));
#7499 = ORIENTED_EDGE('',*,*,#7421,.F.);
#7500 = ORIENTED_EDGE('',*,*,#7501,.F.);
#7501 = EDGE_CURVE('',#7477,#7422,#7502,.T.);
#7502 = LINE('',#7503,#7504);
#7503 = CARTESIAN_POINT('',(-0.32,-2.86,-2.84));
#7504 = VECTOR('',#7505,1.);
#7505 = DIRECTION('',(1.,0.,0.));
#7506 = ORIENTED_EDGE('',*,*,#7476,.T.);
#7507 = ORIENTED_EDGE('',*,*,#5734,.F.);
#7508 = PLANE('',#7509);
#7509 = AXIS2_PLACEMENT_3D('',#7510,#7511,#7512);
#7510 = CARTESIAN_POINT('',(-0.32,-2.86,-3.));
#7511 = DIRECTION('',(0.,1.,0.));
#7512 = DIRECTION('',(0.,-0.,1.));
#7513 = ADVANCED_FACE('',(#7514),#7539,.F.);
#7514 = FACE_BOUND('',#7515,.F.);
#7515 = EDGE_LOOP('',(#7516,#7524,#7532,#7538));
#7516 = ORIENTED_EDGE('',*,*,#7517,.F.);
#7517 = EDGE_CURVE('',#7518,#5759,#7520,.T.);
#7518 = VERTEX_POINT('',#7519);
#7519 = CARTESIAN_POINT('',(0.32,-5.4,-2.84));
#7520 = LINE('',#7521,#7522);
#7521 = CARTESIAN_POINT('',(0.32,-5.4,-3.));
#7522 = VECTOR('',#7523,1.);
#7523 = DIRECTION('',(0.,0.,1.));
#7524 = ORIENTED_EDGE('',*,*,#7525,.F.);
#7525 = EDGE_CURVE('',#7526,#7518,#7528,.T.);
#7526 = VERTEX_POINT('',#7527);
#7527 = CARTESIAN_POINT('',(-0.32,-5.4,-2.84));
#7528 = LINE('',#7529,#7530);
#7529 = CARTESIAN_POINT('',(-0.32,-5.4,-2.84));
#7530 = VECTOR('',#7531,1.);
#7531 = DIRECTION('',(1.,0.,0.));
#7532 = ORIENTED_EDGE('',*,*,#7533,.T.);
#7533 = EDGE_CURVE('',#7526,#5761,#7534,.T.);
#7534 = LINE('',#7535,#7536);
#7535 = CARTESIAN_POINT('',(-0.32,-5.4,-3.));
#7536 = VECTOR('',#7537,1.);
#7537 = DIRECTION('',(0.,0.,1.));
#7538 = ORIENTED_EDGE('',*,*,#5758,.F.);
#7539 = PLANE('',#7540);
#7540 = AXIS2_PLACEMENT_3D('',#7541,#7542,#7543);
#7541 = CARTESIAN_POINT('',(-0.32,-5.4,-3.));
#7542 = DIRECTION('',(0.,1.,0.));
#7543 = DIRECTION('',(0.,-0.,1.));
#7544 = ADVANCED_FACE('',(#7545),#7563,.T.);
#7545 = FACE_BOUND('',#7546,.T.);
#7546 = EDGE_LOOP('',(#7547,#7548,#7556,#7562));
#7547 = ORIENTED_EDGE('',*,*,#7517,.F.);
#7548 = ORIENTED_EDGE('',*,*,#7549,.T.);
#7549 = EDGE_CURVE('',#7518,#7550,#7552,.T.);
#7550 = VERTEX_POINT('',#7551);
#7551 = CARTESIAN_POINT('',(0.32,-4.76,-2.84));
#7552 = LINE('',#7553,#7554);
#7553 = CARTESIAN_POINT('',(0.32,-5.4,-2.84));
#7554 = VECTOR('',#7555,1.);
#7555 = DIRECTION('',(0.,1.,0.));
#7556 = ORIENTED_EDGE('',*,*,#7557,.T.);
#7557 = EDGE_CURVE('',#7550,#5777,#7558,.T.);
#7558 = LINE('',#7559,#7560);
#7559 = CARTESIAN_POINT('',(0.32,-4.76,-3.));
#7560 = VECTOR('',#7561,1.);
#7561 = DIRECTION('',(0.,0.,1.));
#7562 = ORIENTED_EDGE('',*,*,#5784,.F.);
#7563 = PLANE('',#7564);
#7564 = AXIS2_PLACEMENT_3D('',#7565,#7566,#7567);
#7565 = CARTESIAN_POINT('',(0.32,-5.4,-3.));
#7566 = DIRECTION('',(1.,0.,0.));
#7567 = DIRECTION('',(0.,0.,1.));
#7568 = ADVANCED_FACE('',(#7569),#7587,.T.);
#7569 = FACE_BOUND('',#7570,.T.);
#7570 = EDGE_LOOP('',(#7571,#7572,#7580,#7586));
#7571 = ORIENTED_EDGE('',*,*,#7557,.F.);
#7572 = ORIENTED_EDGE('',*,*,#7573,.F.);
#7573 = EDGE_CURVE('',#7574,#7550,#7576,.T.);
#7574 = VERTEX_POINT('',#7575);
#7575 = CARTESIAN_POINT('',(-0.32,-4.76,-2.84));
#7576 = LINE('',#7577,#7578);
#7577 = CARTESIAN_POINT('',(-0.32,-4.76,-2.84));
#7578 = VECTOR('',#7579,1.);
#7579 = DIRECTION('',(1.,0.,0.));
#7580 = ORIENTED_EDGE('',*,*,#7581,.T.);
#7581 = EDGE_CURVE('',#7574,#5769,#7582,.T.);
#7582 = LINE('',#7583,#7584);
#7583 = CARTESIAN_POINT('',(-0.32,-4.76,-3.));
#7584 = VECTOR('',#7585,1.);
#7585 = DIRECTION('',(0.,0.,1.));
#7586 = ORIENTED_EDGE('',*,*,#5776,.F.);
#7587 = PLANE('',#7588);
#7588 = AXIS2_PLACEMENT_3D('',#7589,#7590,#7591);
#7589 = CARTESIAN_POINT('',(-0.32,-4.76,-3.));
#7590 = DIRECTION('',(0.,1.,0.));
#7591 = DIRECTION('',(0.,-0.,1.));
#7592 = ADVANCED_FACE('',(#7593),#7604,.F.);
#7593 = FACE_BOUND('',#7594,.F.);
#7594 = EDGE_LOOP('',(#7595,#7596,#7602,#7603));
#7595 = ORIENTED_EDGE('',*,*,#7533,.F.);
#7596 = ORIENTED_EDGE('',*,*,#7597,.T.);
#7597 = EDGE_CURVE('',#7526,#7574,#7598,.T.);
#7598 = LINE('',#7599,#7600);
#7599 = CARTESIAN_POINT('',(-0.32,-5.4,-2.84));
#7600 = VECTOR('',#7601,1.);
#7601 = DIRECTION('',(0.,1.,0.));
#7602 = ORIENTED_EDGE('',*,*,#7581,.T.);
#7603 = ORIENTED_EDGE('',*,*,#5768,.F.);
#7604 = PLANE('',#7605);
#7605 = AXIS2_PLACEMENT_3D('',#7606,#7607,#7608);
#7606 = CARTESIAN_POINT('',(-0.32,-5.4,-3.));
#7607 = DIRECTION('',(1.,0.,0.));
#7608 = DIRECTION('',(0.,0.,1.));
#7609 = ADVANCED_FACE('',(#7610),#7635,.T.);
#7610 = FACE_BOUND('',#7611,.T.);
#7611 = EDGE_LOOP('',(#7612,#7620,#7628,#7634));
#7612 = ORIENTED_EDGE('',*,*,#7613,.F.);
#7613 = EDGE_CURVE('',#7614,#5793,#7616,.T.);
#7614 = VERTEX_POINT('',#7615);
#7615 = CARTESIAN_POINT('',(0.32,-7.94,-2.84));
#7616 = LINE('',#7617,#7618);
#7617 = CARTESIAN_POINT('',(0.32,-7.94,-3.));
#7618 = VECTOR('',#7619,1.);
#7619 = DIRECTION('',(0.,0.,1.));
#7620 = ORIENTED_EDGE('',*,*,#7621,.T.);
#7621 = EDGE_CURVE('',#7614,#7622,#7624,.T.);
#7622 = VERTEX_POINT('',#7623);
#7623 = CARTESIAN_POINT('',(0.32,-7.3,-2.84));
#7624 = LINE('',#7625,#7626);
#7625 = CARTESIAN_POINT('',(0.32,-7.94,-2.84));
#7626 = VECTOR('',#7627,1.);
#7627 = DIRECTION('',(0.,1.,0.));
#7628 = ORIENTED_EDGE('',*,*,#7629,.T.);
#7629 = EDGE_CURVE('',#7622,#5795,#7630,.T.);
#7630 = LINE('',#7631,#7632);
#7631 = CARTESIAN_POINT('',(0.32,-7.3,-3.));
#7632 = VECTOR('',#7633,1.);
#7633 = DIRECTION('',(0.,0.,1.));
#7634 = ORIENTED_EDGE('',*,*,#5792,.F.);
#7635 = PLANE('',#7636);
#7636 = AXIS2_PLACEMENT_3D('',#7637,#7638,#7639);
#7637 = CARTESIAN_POINT('',(0.32,-7.94,-3.));
#7638 = DIRECTION('',(1.,0.,0.));
#7639 = DIRECTION('',(0.,0.,1.));
#7640 = ADVANCED_FACE('',(#7641),#7659,.T.);
#7641 = FACE_BOUND('',#7642,.T.);
#7642 = EDGE_LOOP('',(#7643,#7644,#7652,#7658));
#7643 = ORIENTED_EDGE('',*,*,#7629,.F.);
#7644 = ORIENTED_EDGE('',*,*,#7645,.F.);
#7645 = EDGE_CURVE('',#7646,#7622,#7648,.T.);
#7646 = VERTEX_POINT('',#7647);
#7647 = CARTESIAN_POINT('',(-0.32,-7.3,-2.84));
#7648 = LINE('',#7649,#7650);
#7649 = CARTESIAN_POINT('',(-0.32,-7.3,-2.84));
#7650 = VECTOR('',#7651,1.);
#7651 = DIRECTION('',(1.,0.,0.));
#7652 = ORIENTED_EDGE('',*,*,#7653,.T.);
#7653 = EDGE_CURVE('',#7646,#5811,#7654,.T.);
#7654 = LINE('',#7655,#7656);
#7655 = CARTESIAN_POINT('',(-0.32,-7.3,-3.));
#7656 = VECTOR('',#7657,1.);
#7657 = DIRECTION('',(0.,0.,1.));
#7658 = ORIENTED_EDGE('',*,*,#5818,.F.);
#7659 = PLANE('',#7660);
#7660 = AXIS2_PLACEMENT_3D('',#7661,#7662,#7663);
#7661 = CARTESIAN_POINT('',(-0.32,-7.3,-3.));
#7662 = DIRECTION('',(0.,1.,0.));
#7663 = DIRECTION('',(0.,-0.,1.));
#7664 = ADVANCED_FACE('',(#7665),#7683,.F.);
#7665 = FACE_BOUND('',#7666,.F.);
#7666 = EDGE_LOOP('',(#7667,#7675,#7681,#7682));
#7667 = ORIENTED_EDGE('',*,*,#7668,.F.);
#7668 = EDGE_CURVE('',#7669,#5803,#7671,.T.);
#7669 = VERTEX_POINT('',#7670);
#7670 = CARTESIAN_POINT('',(-0.32,-7.94,-2.84));
#7671 = LINE('',#7672,#7673);
#7672 = CARTESIAN_POINT('',(-0.32,-7.94,-3.));
#7673 = VECTOR('',#7674,1.);
#7674 = DIRECTION('',(0.,0.,1.));
#7675 = ORIENTED_EDGE('',*,*,#7676,.T.);
#7676 = EDGE_CURVE('',#7669,#7646,#7677,.T.);
#7677 = LINE('',#7678,#7679);
#7678 = CARTESIAN_POINT('',(-0.32,-7.94,-2.84));
#7679 = VECTOR('',#7680,1.);
#7680 = DIRECTION('',(0.,1.,0.));
#7681 = ORIENTED_EDGE('',*,*,#7653,.T.);
#7682 = ORIENTED_EDGE('',*,*,#5810,.F.);
#7683 = PLANE('',#7684);
#7684 = AXIS2_PLACEMENT_3D('',#7685,#7686,#7687);
#7685 = CARTESIAN_POINT('',(-0.32,-7.94,-3.));
#7686 = DIRECTION('',(1.,0.,0.));
#7687 = DIRECTION('',(0.,0.,1.));
#7688 = ADVANCED_FACE('',(#7689),#7700,.F.);
#7689 = FACE_BOUND('',#7690,.F.);
#7690 = EDGE_LOOP('',(#7691,#7692,#7698,#7699));
#7691 = ORIENTED_EDGE('',*,*,#7613,.F.);
#7692 = ORIENTED_EDGE('',*,*,#7693,.F.);
#7693 = EDGE_CURVE('',#7669,#7614,#7694,.T.);
#7694 = LINE('',#7695,#7696);
#7695 = CARTESIAN_POINT('',(-0.32,-7.94,-2.84));
#7696 = VECTOR('',#7697,1.);
#7697 = DIRECTION('',(1.,0.,0.));
#7698 = ORIENTED_EDGE('',*,*,#7668,.T.);
#7699 = ORIENTED_EDGE('',*,*,#5802,.F.);
#7700 = PLANE('',#7701);
#7701 = AXIS2_PLACEMENT_3D('',#7702,#7703,#7704);
#7702 = CARTESIAN_POINT('',(-0.32,-7.94,-3.));
#7703 = DIRECTION('',(0.,1.,0.));
#7704 = DIRECTION('',(0.,-0.,1.));
#7705 = ADVANCED_FACE('',(#7706),#7731,.F.);
#7706 = FACE_BOUND('',#7707,.F.);
#7707 = EDGE_LOOP('',(#7708,#7716,#7724,#7730));
#7708 = ORIENTED_EDGE('',*,*,#7709,.F.);
#7709 = EDGE_CURVE('',#7710,#5827,#7712,.T.);
#7710 = VERTEX_POINT('',#7711);
#7711 = CARTESIAN_POINT('',(0.32,-0.32,-2.84));
#7712 = LINE('',#7713,#7714);
#7713 = CARTESIAN_POINT('',(0.32,-0.32,-3.));
#7714 = VECTOR('',#7715,1.);
#7715 = DIRECTION('',(0.,0.,1.));
#7716 = ORIENTED_EDGE('',*,*,#7717,.F.);
#7717 = EDGE_CURVE('',#7718,#7710,#7720,.T.);
#7718 = VERTEX_POINT('',#7719);
#7719 = CARTESIAN_POINT('',(-0.32,-0.32,-2.84));
#7720 = LINE('',#7721,#7722);
#7721 = CARTESIAN_POINT('',(-0.32,-0.32,-2.84));
#7722 = VECTOR('',#7723,1.);
#7723 = DIRECTION('',(1.,0.,0.));
#7724 = ORIENTED_EDGE('',*,*,#7725,.T.);
#7725 = EDGE_CURVE('',#7718,#5829,#7726,.T.);
#7726 = LINE('',#7727,#7728);
#7727 = CARTESIAN_POINT('',(-0.32,-0.32,-3.));
#7728 = VECTOR('',#7729,1.);
#7729 = DIRECTION('',(0.,0.,1.));
#7730 = ORIENTED_EDGE('',*,*,#5826,.F.);
#7731 = PLANE('',#7732);
#7732 = AXIS2_PLACEMENT_3D('',#7733,#7734,#7735);
#7733 = CARTESIAN_POINT('',(-0.32,-0.32,-3.));
#7734 = DIRECTION('',(0.,1.,0.));
#7735 = DIRECTION('',(0.,-0.,1.));
#7736 = ADVANCED_FACE('',(#7737),#7755,.T.);
#7737 = FACE_BOUND('',#7738,.T.);
#7738 = EDGE_LOOP('',(#7739,#7740,#7748,#7754));
#7739 = ORIENTED_EDGE('',*,*,#7709,.F.);
#7740 = ORIENTED_EDGE('',*,*,#7741,.T.);
#7741 = EDGE_CURVE('',#7710,#7742,#7744,.T.);
#7742 = VERTEX_POINT('',#7743);
#7743 = CARTESIAN_POINT('',(0.32,0.32,-2.84));
#7744 = LINE('',#7745,#7746);
#7745 = CARTESIAN_POINT('',(0.32,-0.32,-2.84));
#7746 = VECTOR('',#7747,1.);
#7747 = DIRECTION('',(0.,1.,0.));
#7748 = ORIENTED_EDGE('',*,*,#7749,.T.);
#7749 = EDGE_CURVE('',#7742,#5845,#7750,.T.);
#7750 = LINE('',#7751,#7752);
#7751 = CARTESIAN_POINT('',(0.32,0.32,-3.));
#7752 = VECTOR('',#7753,1.);
#7753 = DIRECTION('',(0.,0.,1.));
#7754 = ORIENTED_EDGE('',*,*,#5852,.F.);
#7755 = PLANE('',#7756);
#7756 = AXIS2_PLACEMENT_3D('',#7757,#7758,#7759);
#7757 = CARTESIAN_POINT('',(0.32,-0.32,-3.));
#7758 = DIRECTION('',(1.,0.,0.));
#7759 = DIRECTION('',(0.,0.,1.));
#7760 = ADVANCED_FACE('',(#7761),#7779,.T.);
#7761 = FACE_BOUND('',#7762,.T.);
#7762 = EDGE_LOOP('',(#7763,#7764,#7772,#7778));
#7763 = ORIENTED_EDGE('',*,*,#7749,.F.);
#7764 = ORIENTED_EDGE('',*,*,#7765,.F.);
#7765 = EDGE_CURVE('',#7766,#7742,#7768,.T.);
#7766 = VERTEX_POINT('',#7767);
#7767 = CARTESIAN_POINT('',(-0.32,0.32,-2.84));
#7768 = LINE('',#7769,#7770);
#7769 = CARTESIAN_POINT('',(-0.32,0.32,-2.84));
#7770 = VECTOR('',#7771,1.);
#7771 = DIRECTION('',(1.,0.,0.));
#7772 = ORIENTED_EDGE('',*,*,#7773,.T.);
#7773 = EDGE_CURVE('',#7766,#5837,#7774,.T.);
#7774 = LINE('',#7775,#7776);
#7775 = CARTESIAN_POINT('',(-0.32,0.32,-3.));
#7776 = VECTOR('',#7777,1.);
#7777 = DIRECTION('',(0.,0.,1.));
#7778 = ORIENTED_EDGE('',*,*,#5844,.F.);
#7779 = PLANE('',#7780);
#7780 = AXIS2_PLACEMENT_3D('',#7781,#7782,#7783);
#7781 = CARTESIAN_POINT('',(-0.32,0.32,-3.));
#7782 = DIRECTION('',(0.,1.,0.));
#7783 = DIRECTION('',(0.,-0.,1.));
#7784 = ADVANCED_FACE('',(#7785),#7796,.F.);
#7785 = FACE_BOUND('',#7786,.F.);
#7786 = EDGE_LOOP('',(#7787,#7788,#7794,#7795));
#7787 = ORIENTED_EDGE('',*,*,#7725,.F.);
#7788 = ORIENTED_EDGE('',*,*,#7789,.T.);
#7789 = EDGE_CURVE('',#7718,#7766,#7790,.T.);
#7790 = LINE('',#7791,#7792);
#7791 = CARTESIAN_POINT('',(-0.32,-0.32,-2.84));
#7792 = VECTOR('',#7793,1.);
#7793 = DIRECTION('',(0.,1.,0.));
#7794 = ORIENTED_EDGE('',*,*,#7773,.T.);
#7795 = ORIENTED_EDGE('',*,*,#5836,.F.);
#7796 = PLANE('',#7797);
#7797 = AXIS2_PLACEMENT_3D('',#7798,#7799,#7800);
#7798 = CARTESIAN_POINT('',(-0.32,-0.32,-3.));
#7799 = DIRECTION('',(1.,0.,0.));
#7800 = DIRECTION('',(0.,0.,1.));
#7801 = ADVANCED_FACE('',(#7802),#7827,.T.);
#7802 = FACE_BOUND('',#7803,.T.);
#7803 = EDGE_LOOP('',(#7804,#7812,#7813,#7821));
#7804 = ORIENTED_EDGE('',*,*,#7805,.F.);
#7805 = EDGE_CURVE('',#6198,#7806,#7808,.T.);
#7806 = VERTEX_POINT('',#7807);
#7807 = CARTESIAN_POINT('',(0.32,-12.38,8.38));
#7808 = LINE('',#7809,#7810);
#7809 = CARTESIAN_POINT('',(0.32,-12.38,-3.));
#7810 = VECTOR('',#7811,1.);
#7811 = DIRECTION('',(0.,0.,1.));
#7812 = ORIENTED_EDGE('',*,*,#6197,.T.);
#7813 = ORIENTED_EDGE('',*,*,#7814,.T.);
#7814 = EDGE_CURVE('',#6200,#7815,#7817,.T.);
#7815 = VERTEX_POINT('',#7816);
#7816 = CARTESIAN_POINT('',(-0.32,-12.38,8.38));
#7817 = LINE('',#7818,#7819);
#7818 = CARTESIAN_POINT('',(-0.32,-12.38,-3.));
#7819 = VECTOR('',#7820,1.);
#7820 = DIRECTION('',(0.,0.,1.));
#7821 = ORIENTED_EDGE('',*,*,#7822,.T.);
#7822 = EDGE_CURVE('',#7815,#7806,#7823,.T.);
#7823 = LINE('',#7824,#7825);
#7824 = CARTESIAN_POINT('',(-0.32,-12.38,8.38));
#7825 = VECTOR('',#7826,1.);
#7826 = DIRECTION('',(1.,0.,0.));
#7827 = PLANE('',#7828);
#7828 = AXIS2_PLACEMENT_3D('',#7829,#7830,#7831);
#7829 = CARTESIAN_POINT('',(-0.32,-12.38,-3.));
#7830 = DIRECTION('',(0.,1.,0.));
#7831 = DIRECTION('',(0.,-0.,1.));
#7832 = ADVANCED_FACE('',(#7833),#7851,.F.);
#7833 = FACE_BOUND('',#7834,.F.);
#7834 = EDGE_LOOP('',(#7835,#7843,#7844,#7845));
#7835 = ORIENTED_EDGE('',*,*,#7836,.F.);
#7836 = EDGE_CURVE('',#6216,#7837,#7839,.T.);
#7837 = VERTEX_POINT('',#7838);
#7838 = CARTESIAN_POINT('',(-0.32,-13.02,8.38));
#7839 = LINE('',#7840,#7841);
#7840 = CARTESIAN_POINT('',(-0.32,-13.02,-3.));
#7841 = VECTOR('',#7842,1.);
#7842 = DIRECTION('',(0.,0.,1.));
#7843 = ORIENTED_EDGE('',*,*,#6223,.T.);
#7844 = ORIENTED_EDGE('',*,*,#7814,.T.);
#7845 = ORIENTED_EDGE('',*,*,#7846,.F.);
#7846 = EDGE_CURVE('',#7837,#7815,#7847,.T.);
#7847 = LINE('',#7848,#7849);
#7848 = CARTESIAN_POINT('',(-0.32,-13.02,8.38));
#7849 = VECTOR('',#7850,1.);
#7850 = DIRECTION('',(0.,1.,0.));
#7851 = PLANE('',#7852);
#7852 = AXIS2_PLACEMENT_3D('',#7853,#7854,#7855);
#7853 = CARTESIAN_POINT('',(-0.32,-13.02,-3.));
#7854 = DIRECTION('',(1.,0.,0.));
#7855 = DIRECTION('',(0.,0.,1.));
#7856 = ADVANCED_FACE('',(#7857),#7875,.F.);
#7857 = FACE_BOUND('',#7858,.F.);
#7858 = EDGE_LOOP('',(#7859,#7867,#7868,#7869));
#7859 = ORIENTED_EDGE('',*,*,#7860,.F.);
#7860 = EDGE_CURVE('',#6208,#7861,#7863,.T.);
#7861 = VERTEX_POINT('',#7862);
#7862 = CARTESIAN_POINT('',(0.32,-13.02,8.38));
#7863 = LINE('',#7864,#7865);
#7864 = CARTESIAN_POINT('',(0.32,-13.02,-3.));
#7865 = VECTOR('',#7866,1.);
#7866 = DIRECTION('',(0.,0.,1.));
#7867 = ORIENTED_EDGE('',*,*,#6215,.T.);
#7868 = ORIENTED_EDGE('',*,*,#7836,.T.);
#7869 = ORIENTED_EDGE('',*,*,#7870,.T.);
#7870 = EDGE_CURVE('',#7837,#7861,#7871,.T.);
#7871 = LINE('',#7872,#7873);
#7872 = CARTESIAN_POINT('',(-0.32,-13.02,8.38));
#7873 = VECTOR('',#7874,1.);
#7874 = DIRECTION('',(1.,0.,0.));
#7875 = PLANE('',#7876);
#7876 = AXIS2_PLACEMENT_3D('',#7877,#7878,#7879);
#7877 = CARTESIAN_POINT('',(-0.32,-13.02,-3.));
#7878 = DIRECTION('',(0.,1.,0.));
#7879 = DIRECTION('',(0.,-0.,1.));
#7880 = ADVANCED_FACE('',(#7881),#7892,.T.);
#7881 = FACE_BOUND('',#7882,.T.);
#7882 = EDGE_LOOP('',(#7883,#7884,#7885,#7886));
#7883 = ORIENTED_EDGE('',*,*,#7860,.F.);
#7884 = ORIENTED_EDGE('',*,*,#6207,.T.);
#7885 = ORIENTED_EDGE('',*,*,#7805,.T.);
#7886 = ORIENTED_EDGE('',*,*,#7887,.F.);
#7887 = EDGE_CURVE('',#7861,#7806,#7888,.T.);
#7888 = LINE('',#7889,#7890);
#7889 = CARTESIAN_POINT('',(0.32,-13.02,8.38));
#7890 = VECTOR('',#7891,1.);
#7891 = DIRECTION('',(0.,1.,0.));
#7892 = PLANE('',#7893);
#7893 = AXIS2_PLACEMENT_3D('',#7894,#7895,#7896);
#7894 = CARTESIAN_POINT('',(0.32,-13.02,-3.));
#7895 = DIRECTION('',(1.,0.,0.));
#7896 = DIRECTION('',(0.,0.,1.));
#7897 = ADVANCED_FACE('',(#7898),#7923,.T.);
#7898 = FACE_BOUND('',#7899,.T.);
#7899 = EDGE_LOOP('',(#7900,#7908,#7909,#7917));
#7900 = ORIENTED_EDGE('',*,*,#7901,.F.);
#7901 = EDGE_CURVE('',#6232,#7902,#7904,.T.);
#7902 = VERTEX_POINT('',#7903);
#7903 = CARTESIAN_POINT('',(0.32,-15.56,8.38));
#7904 = LINE('',#7905,#7906);
#7905 = CARTESIAN_POINT('',(0.32,-15.56,-3.));
#7906 = VECTOR('',#7907,1.);
#7907 = DIRECTION('',(0.,0.,1.));
#7908 = ORIENTED_EDGE('',*,*,#6231,.T.);
#7909 = ORIENTED_EDGE('',*,*,#7910,.T.);
#7910 = EDGE_CURVE('',#6234,#7911,#7913,.T.);
#7911 = VERTEX_POINT('',#7912);
#7912 = CARTESIAN_POINT('',(0.32,-14.92,8.38));
#7913 = LINE('',#7914,#7915);
#7914 = CARTESIAN_POINT('',(0.32,-14.92,-3.));
#7915 = VECTOR('',#7916,1.);
#7916 = DIRECTION('',(0.,0.,1.));
#7917 = ORIENTED_EDGE('',*,*,#7918,.F.);
#7918 = EDGE_CURVE('',#7902,#7911,#7919,.T.);
#7919 = LINE('',#7920,#7921);
#7920 = CARTESIAN_POINT('',(0.32,-15.56,8.38));
#7921 = VECTOR('',#7922,1.);
#7922 = DIRECTION('',(0.,1.,0.));
#7923 = PLANE('',#7924);
#7924 = AXIS2_PLACEMENT_3D('',#7925,#7926,#7927);
#7925 = CARTESIAN_POINT('',(0.32,-15.56,-3.));
#7926 = DIRECTION('',(1.,0.,0.));
#7927 = DIRECTION('',(0.,0.,1.));
#7928 = ADVANCED_FACE('',(#7929),#7947,.T.);
#7929 = FACE_BOUND('',#7930,.T.);
#7930 = EDGE_LOOP('',(#7931,#7932,#7933,#7941));
#7931 = ORIENTED_EDGE('',*,*,#7910,.F.);
#7932 = ORIENTED_EDGE('',*,*,#6257,.T.);
#7933 = ORIENTED_EDGE('',*,*,#7934,.T.);
#7934 = EDGE_CURVE('',#6250,#7935,#7937,.T.);
#7935 = VERTEX_POINT('',#7936);
#7936 = CARTESIAN_POINT('',(-0.32,-14.92,8.38));
#7937 = LINE('',#7938,#7939);
#7938 = CARTESIAN_POINT('',(-0.32,-14.92,-3.));
#7939 = VECTOR('',#7940,1.);
#7940 = DIRECTION('',(0.,0.,1.));
#7941 = ORIENTED_EDGE('',*,*,#7942,.T.);
#7942 = EDGE_CURVE('',#7935,#7911,#7943,.T.);
#7943 = LINE('',#7944,#7945);
#7944 = CARTESIAN_POINT('',(-0.32,-14.92,8.38));
#7945 = VECTOR('',#7946,1.);
#7946 = DIRECTION('',(1.,0.,0.));
#7947 = PLANE('',#7948);
#7948 = AXIS2_PLACEMENT_3D('',#7949,#7950,#7951);
#7949 = CARTESIAN_POINT('',(-0.32,-14.92,-3.));
#7950 = DIRECTION('',(0.,1.,0.));
#7951 = DIRECTION('',(0.,-0.,1.));
#7952 = ADVANCED_FACE('',(#7953),#7971,.F.);
#7953 = FACE_BOUND('',#7954,.F.);
#7954 = EDGE_LOOP('',(#7955,#7963,#7964,#7965));
#7955 = ORIENTED_EDGE('',*,*,#7956,.F.);
#7956 = EDGE_CURVE('',#6242,#7957,#7959,.T.);
#7957 = VERTEX_POINT('',#7958);
#7958 = CARTESIAN_POINT('',(-0.32,-15.56,8.38));
#7959 = LINE('',#7960,#7961);
#7960 = CARTESIAN_POINT('',(-0.32,-15.56,-3.));
#7961 = VECTOR('',#7962,1.);
#7962 = DIRECTION('',(0.,0.,1.));
#7963 = ORIENTED_EDGE('',*,*,#6249,.T.);
#7964 = ORIENTED_EDGE('',*,*,#7934,.T.);
#7965 = ORIENTED_EDGE('',*,*,#7966,.F.);
#7966 = EDGE_CURVE('',#7957,#7935,#7967,.T.);
#7967 = LINE('',#7968,#7969);
#7968 = CARTESIAN_POINT('',(-0.32,-15.56,8.38));
#7969 = VECTOR('',#7970,1.);
#7970 = DIRECTION('',(0.,1.,0.));
#7971 = PLANE('',#7972);
#7972 = AXIS2_PLACEMENT_3D('',#7973,#7974,#7975);
#7973 = CARTESIAN_POINT('',(-0.32,-15.56,-3.));
#7974 = DIRECTION('',(1.,0.,0.));
#7975 = DIRECTION('',(0.,0.,1.));
#7976 = ADVANCED_FACE('',(#7977),#7988,.F.);
#7977 = FACE_BOUND('',#7978,.F.);
#7978 = EDGE_LOOP('',(#7979,#7980,#7981,#7982));
#7979 = ORIENTED_EDGE('',*,*,#7901,.F.);
#7980 = ORIENTED_EDGE('',*,*,#6241,.T.);
#7981 = ORIENTED_EDGE('',*,*,#7956,.T.);
#7982 = ORIENTED_EDGE('',*,*,#7983,.T.);
#7983 = EDGE_CURVE('',#7957,#7902,#7984,.T.);
#7984 = LINE('',#7985,#7986);
#7985 = CARTESIAN_POINT('',(-0.32,-15.56,8.38));
#7986 = VECTOR('',#7987,1.);
#7987 = DIRECTION('',(1.,0.,0.));
#7988 = PLANE('',#7989);
#7989 = AXIS2_PLACEMENT_3D('',#7990,#7991,#7992);
#7990 = CARTESIAN_POINT('',(-0.32,-15.56,-3.));
#7991 = DIRECTION('',(0.,1.,0.));
#7992 = DIRECTION('',(0.,-0.,1.));
#7993 = ADVANCED_FACE('',(#7994),#8019,.T.);
#7994 = FACE_BOUND('',#7995,.T.);
#7995 = EDGE_LOOP('',(#7996,#8004,#8005,#8013));
#7996 = ORIENTED_EDGE('',*,*,#7997,.F.);
#7997 = EDGE_CURVE('',#6266,#7998,#8000,.T.);
#7998 = VERTEX_POINT('',#7999);
#7999 = CARTESIAN_POINT('',(0.32,-9.84,8.38));
#8000 = LINE('',#8001,#8002);
#8001 = CARTESIAN_POINT('',(0.32,-9.84,-3.));
#8002 = VECTOR('',#8003,1.);
#8003 = DIRECTION('',(0.,0.,1.));
#8004 = ORIENTED_EDGE('',*,*,#6265,.T.);
#8005 = ORIENTED_EDGE('',*,*,#8006,.T.);
#8006 = EDGE_CURVE('',#6268,#8007,#8009,.T.);
#8007 = VERTEX_POINT('',#8008);
#8008 = CARTESIAN_POINT('',(-0.32,-9.84,8.38));
#8009 = LINE('',#8010,#8011);
#8010 = CARTESIAN_POINT('',(-0.32,-9.84,-3.));
#8011 = VECTOR('',#8012,1.);
#8012 = DIRECTION('',(0.,0.,1.));
#8013 = ORIENTED_EDGE('',*,*,#8014,.T.);
#8014 = EDGE_CURVE('',#8007,#7998,#8015,.T.);
#8015 = LINE('',#8016,#8017);
#8016 = CARTESIAN_POINT('',(-0.32,-9.84,8.38));
#8017 = VECTOR('',#8018,1.);
#8018 = DIRECTION('',(1.,0.,0.));
#8019 = PLANE('',#8020);
#8020 = AXIS2_PLACEMENT_3D('',#8021,#8022,#8023);
#8021 = CARTESIAN_POINT('',(-0.32,-9.84,-3.));
#8022 = DIRECTION('',(0.,1.,0.));
#8023 = DIRECTION('',(0.,-0.,1.));
#8024 = ADVANCED_FACE('',(#8025),#8043,.F.);
#8025 = FACE_BOUND('',#8026,.F.);
#8026 = EDGE_LOOP('',(#8027,#8035,#8036,#8037));
#8027 = ORIENTED_EDGE('',*,*,#8028,.F.);
#8028 = EDGE_CURVE('',#6284,#8029,#8031,.T.);
#8029 = VERTEX_POINT('',#8030);
#8030 = CARTESIAN_POINT('',(-0.32,-10.48,8.38));
#8031 = LINE('',#8032,#8033);
#8032 = CARTESIAN_POINT('',(-0.32,-10.48,-3.));
#8033 = VECTOR('',#8034,1.);
#8034 = DIRECTION('',(0.,0.,1.));
#8035 = ORIENTED_EDGE('',*,*,#6291,.T.);
#8036 = ORIENTED_EDGE('',*,*,#8006,.T.);
#8037 = ORIENTED_EDGE('',*,*,#8038,.F.);
#8038 = EDGE_CURVE('',#8029,#8007,#8039,.T.);
#8039 = LINE('',#8040,#8041);
#8040 = CARTESIAN_POINT('',(-0.32,-10.48,8.38));
#8041 = VECTOR('',#8042,1.);
#8042 = DIRECTION('',(0.,1.,0.));
#8043 = PLANE('',#8044);
#8044 = AXIS2_PLACEMENT_3D('',#8045,#8046,#8047);
#8045 = CARTESIAN_POINT('',(-0.32,-10.48,-3.));
#8046 = DIRECTION('',(1.,0.,0.));
#8047 = DIRECTION('',(0.,0.,1.));
#8048 = ADVANCED_FACE('',(#8049),#8067,.F.);
#8049 = FACE_BOUND('',#8050,.F.);
#8050 = EDGE_LOOP('',(#8051,#8059,#8060,#8061));
#8051 = ORIENTED_EDGE('',*,*,#8052,.F.);
#8052 = EDGE_CURVE('',#6276,#8053,#8055,.T.);
#8053 = VERTEX_POINT('',#8054);
#8054 = CARTESIAN_POINT('',(0.32,-10.48,8.38));
#8055 = LINE('',#8056,#8057);
#8056 = CARTESIAN_POINT('',(0.32,-10.48,-3.));
#8057 = VECTOR('',#8058,1.);
#8058 = DIRECTION('',(0.,0.,1.));
#8059 = ORIENTED_EDGE('',*,*,#6283,.T.);
#8060 = ORIENTED_EDGE('',*,*,#8028,.T.);
#8061 = ORIENTED_EDGE('',*,*,#8062,.T.);
#8062 = EDGE_CURVE('',#8029,#8053,#8063,.T.);
#8063 = LINE('',#8064,#8065);
#8064 = CARTESIAN_POINT('',(-0.32,-10.48,8.38));
#8065 = VECTOR('',#8066,1.);
#8066 = DIRECTION('',(1.,0.,0.));
#8067 = PLANE('',#8068);
#8068 = AXIS2_PLACEMENT_3D('',#8069,#8070,#8071);
#8069 = CARTESIAN_POINT('',(-0.32,-10.48,-3.));
#8070 = DIRECTION('',(0.,1.,0.));
#8071 = DIRECTION('',(0.,-0.,1.));
#8072 = ADVANCED_FACE('',(#8073),#8084,.T.);
#8073 = FACE_BOUND('',#8074,.T.);
#8074 = EDGE_LOOP('',(#8075,#8076,#8077,#8078));
#8075 = ORIENTED_EDGE('',*,*,#8052,.F.);
#8076 = ORIENTED_EDGE('',*,*,#6275,.T.);
#8077 = ORIENTED_EDGE('',*,*,#7997,.T.);
#8078 = ORIENTED_EDGE('',*,*,#8079,.F.);
#8079 = EDGE_CURVE('',#8053,#7998,#8080,.T.);
#8080 = LINE('',#8081,#8082);
#8081 = CARTESIAN_POINT('',(0.32,-10.48,8.38));
#8082 = VECTOR('',#8083,1.);
#8083 = DIRECTION('',(0.,1.,0.));
#8084 = PLANE('',#8085);
#8085 = AXIS2_PLACEMENT_3D('',#8086,#8087,#8088);
#8086 = CARTESIAN_POINT('',(0.32,-10.48,-3.));
#8087 = DIRECTION('',(1.,0.,0.));
#8088 = DIRECTION('',(0.,0.,1.));
#8089 = ADVANCED_FACE('',(#8090),#8115,.T.);
#8090 = FACE_BOUND('',#8091,.T.);
#8091 = EDGE_LOOP('',(#8092,#8100,#8101,#8109));
#8092 = ORIENTED_EDGE('',*,*,#8093,.F.);
#8093 = EDGE_CURVE('',#6300,#8094,#8096,.T.);
#8094 = VERTEX_POINT('',#8095);
#8095 = CARTESIAN_POINT('',(0.32,-2.86,8.38));
#8096 = LINE('',#8097,#8098);
#8097 = CARTESIAN_POINT('',(0.32,-2.86,-3.));
#8098 = VECTOR('',#8099,1.);
#8099 = DIRECTION('',(0.,0.,1.));
#8100 = ORIENTED_EDGE('',*,*,#6299,.T.);
#8101 = ORIENTED_EDGE('',*,*,#8102,.T.);
#8102 = EDGE_CURVE('',#6302,#8103,#8105,.T.);
#8103 = VERTEX_POINT('',#8104);
#8104 = CARTESIAN_POINT('',(0.32,-2.22,8.38));
#8105 = LINE('',#8106,#8107);
#8106 = CARTESIAN_POINT('',(0.32,-2.22,-3.));
#8107 = VECTOR('',#8108,1.);
#8108 = DIRECTION('',(0.,0.,1.));
#8109 = ORIENTED_EDGE('',*,*,#8110,.F.);
#8110 = EDGE_CURVE('',#8094,#8103,#8111,.T.);
#8111 = LINE('',#8112,#8113);
#8112 = CARTESIAN_POINT('',(0.32,-2.86,8.38));
#8113 = VECTOR('',#8114,1.);
#8114 = DIRECTION('',(0.,1.,0.));
#8115 = PLANE('',#8116);
#8116 = AXIS2_PLACEMENT_3D('',#8117,#8118,#8119);
#8117 = CARTESIAN_POINT('',(0.32,-2.86,-3.));
#8118 = DIRECTION('',(1.,0.,0.));
#8119 = DIRECTION('',(0.,0.,1.));
#8120 = ADVANCED_FACE('',(#8121),#8139,.T.);
#8121 = FACE_BOUND('',#8122,.T.);
#8122 = EDGE_LOOP('',(#8123,#8124,#8125,#8133));
#8123 = ORIENTED_EDGE('',*,*,#8102,.F.);
#8124 = ORIENTED_EDGE('',*,*,#6325,.T.);
#8125 = ORIENTED_EDGE('',*,*,#8126,.T.);
#8126 = EDGE_CURVE('',#6318,#8127,#8129,.T.);
#8127 = VERTEX_POINT('',#8128);
#8128 = CARTESIAN_POINT('',(-0.32,-2.22,8.38));
#8129 = LINE('',#8130,#8131);
#8130 = CARTESIAN_POINT('',(-0.32,-2.22,-3.));
#8131 = VECTOR('',#8132,1.);
#8132 = DIRECTION('',(0.,0.,1.));
#8133 = ORIENTED_EDGE('',*,*,#8134,.T.);
#8134 = EDGE_CURVE('',#8127,#8103,#8135,.T.);
#8135 = LINE('',#8136,#8137);
#8136 = CARTESIAN_POINT('',(-0.32,-2.22,8.38));
#8137 = VECTOR('',#8138,1.);
#8138 = DIRECTION('',(1.,0.,0.));
#8139 = PLANE('',#8140);
#8140 = AXIS2_PLACEMENT_3D('',#8141,#8142,#8143);
#8141 = CARTESIAN_POINT('',(-0.32,-2.22,-3.));
#8142 = DIRECTION('',(0.,1.,0.));
#8143 = DIRECTION('',(0.,-0.,1.));
#8144 = ADVANCED_FACE('',(#8145),#8163,.F.);
#8145 = FACE_BOUND('',#8146,.F.);
#8146 = EDGE_LOOP('',(#8147,#8155,#8156,#8157));
#8147 = ORIENTED_EDGE('',*,*,#8148,.F.);
#8148 = EDGE_CURVE('',#6310,#8149,#8151,.T.);
#8149 = VERTEX_POINT('',#8150);
#8150 = CARTESIAN_POINT('',(-0.32,-2.86,8.38));
#8151 = LINE('',#8152,#8153);
#8152 = CARTESIAN_POINT('',(-0.32,-2.86,-3.));
#8153 = VECTOR('',#8154,1.);
#8154 = DIRECTION('',(0.,0.,1.));
#8155 = ORIENTED_EDGE('',*,*,#6317,.T.);
#8156 = ORIENTED_EDGE('',*,*,#8126,.T.);
#8157 = ORIENTED_EDGE('',*,*,#8158,.F.);
#8158 = EDGE_CURVE('',#8149,#8127,#8159,.T.);
#8159 = LINE('',#8160,#8161);
#8160 = CARTESIAN_POINT('',(-0.32,-2.86,8.38));
#8161 = VECTOR('',#8162,1.);
#8162 = DIRECTION('',(0.,1.,0.));
#8163 = PLANE('',#8164);
#8164 = AXIS2_PLACEMENT_3D('',#8165,#8166,#8167);
#8165 = CARTESIAN_POINT('',(-0.32,-2.86,-3.));
#8166 = DIRECTION('',(1.,0.,0.));
#8167 = DIRECTION('',(0.,0.,1.));
#8168 = ADVANCED_FACE('',(#8169),#8180,.F.);
#8169 = FACE_BOUND('',#8170,.F.);
#8170 = EDGE_LOOP('',(#8171,#8172,#8173,#8174));
#8171 = ORIENTED_EDGE('',*,*,#8093,.F.);
#8172 = ORIENTED_EDGE('',*,*,#6309,.T.);
#8173 = ORIENTED_EDGE('',*,*,#8148,.T.);
#8174 = ORIENTED_EDGE('',*,*,#8175,.T.);
#8175 = EDGE_CURVE('',#8149,#8094,#8176,.T.);
#8176 = LINE('',#8177,#8178);
#8177 = CARTESIAN_POINT('',(-0.32,-2.86,8.38));
#8178 = VECTOR('',#8179,1.);
#8179 = DIRECTION('',(1.,0.,0.));
#8180 = PLANE('',#8181);
#8181 = AXIS2_PLACEMENT_3D('',#8182,#8183,#8184);
#8182 = CARTESIAN_POINT('',(-0.32,-2.86,-3.));
#8183 = DIRECTION('',(0.,1.,0.));
#8184 = DIRECTION('',(0.,-0.,1.));
#8185 = ADVANCED_FACE('',(#8186),#8211,.F.);
#8186 = FACE_BOUND('',#8187,.F.);
#8187 = EDGE_LOOP('',(#8188,#8196,#8197,#8205));
#8188 = ORIENTED_EDGE('',*,*,#8189,.F.);
#8189 = EDGE_CURVE('',#6334,#8190,#8192,.T.);
#8190 = VERTEX_POINT('',#8191);
#8191 = CARTESIAN_POINT('',(0.32,-5.4,8.38));
#8192 = LINE('',#8193,#8194);
#8193 = CARTESIAN_POINT('',(0.32,-5.4,-3.));
#8194 = VECTOR('',#8195,1.);
#8195 = DIRECTION('',(0.,0.,1.));
#8196 = ORIENTED_EDGE('',*,*,#6333,.T.);
#8197 = ORIENTED_EDGE('',*,*,#8198,.T.);
#8198 = EDGE_CURVE('',#6336,#8199,#8201,.T.);
#8199 = VERTEX_POINT('',#8200);
#8200 = CARTESIAN_POINT('',(-0.32,-5.4,8.38));
#8201 = LINE('',#8202,#8203);
#8202 = CARTESIAN_POINT('',(-0.32,-5.4,-3.));
#8203 = VECTOR('',#8204,1.);
#8204 = DIRECTION('',(0.,0.,1.));
#8205 = ORIENTED_EDGE('',*,*,#8206,.T.);
#8206 = EDGE_CURVE('',#8199,#8190,#8207,.T.);
#8207 = LINE('',#8208,#8209);
#8208 = CARTESIAN_POINT('',(-0.32,-5.4,8.38));
#8209 = VECTOR('',#8210,1.);
#8210 = DIRECTION('',(1.,0.,0.));
#8211 = PLANE('',#8212);
#8212 = AXIS2_PLACEMENT_3D('',#8213,#8214,#8215);
#8213 = CARTESIAN_POINT('',(-0.32,-5.4,-3.));
#8214 = DIRECTION('',(0.,1.,0.));
#8215 = DIRECTION('',(0.,-0.,1.));
#8216 = ADVANCED_FACE('',(#8217),#8235,.T.);
#8217 = FACE_BOUND('',#8218,.T.);
#8218 = EDGE_LOOP('',(#8219,#8220,#8221,#8229));
#8219 = ORIENTED_EDGE('',*,*,#8189,.F.);
#8220 = ORIENTED_EDGE('',*,*,#6359,.T.);
#8221 = ORIENTED_EDGE('',*,*,#8222,.T.);
#8222 = EDGE_CURVE('',#6352,#8223,#8225,.T.);
#8223 = VERTEX_POINT('',#8224);
#8224 = CARTESIAN_POINT('',(0.32,-4.76,8.38));
#8225 = LINE('',#8226,#8227);
#8226 = CARTESIAN_POINT('',(0.32,-4.76,-3.));
#8227 = VECTOR('',#8228,1.);
#8228 = DIRECTION('',(0.,0.,1.));
#8229 = ORIENTED_EDGE('',*,*,#8230,.F.);
#8230 = EDGE_CURVE('',#8190,#8223,#8231,.T.);
#8231 = LINE('',#8232,#8233);
#8232 = CARTESIAN_POINT('',(0.32,-5.4,8.38));
#8233 = VECTOR('',#8234,1.);
#8234 = DIRECTION('',(0.,1.,0.));
#8235 = PLANE('',#8236);
#8236 = AXIS2_PLACEMENT_3D('',#8237,#8238,#8239);
#8237 = CARTESIAN_POINT('',(0.32,-5.4,-3.));
#8238 = DIRECTION('',(1.,0.,0.));
#8239 = DIRECTION('',(0.,0.,1.));
#8240 = ADVANCED_FACE('',(#8241),#8259,.T.);
#8241 = FACE_BOUND('',#8242,.T.);
#8242 = EDGE_LOOP('',(#8243,#8244,#8245,#8253));
#8243 = ORIENTED_EDGE('',*,*,#8222,.F.);
#8244 = ORIENTED_EDGE('',*,*,#6351,.T.);
#8245 = ORIENTED_EDGE('',*,*,#8246,.T.);
#8246 = EDGE_CURVE('',#6344,#8247,#8249,.T.);
#8247 = VERTEX_POINT('',#8248);
#8248 = CARTESIAN_POINT('',(-0.32,-4.76,8.38));
#8249 = LINE('',#8250,#8251);
#8250 = CARTESIAN_POINT('',(-0.32,-4.76,-3.));
#8251 = VECTOR('',#8252,1.);
#8252 = DIRECTION('',(0.,0.,1.));
#8253 = ORIENTED_EDGE('',*,*,#8254,.T.);
#8254 = EDGE_CURVE('',#8247,#8223,#8255,.T.);
#8255 = LINE('',#8256,#8257);
#8256 = CARTESIAN_POINT('',(-0.32,-4.76,8.38));
#8257 = VECTOR('',#8258,1.);
#8258 = DIRECTION('',(1.,0.,0.));
#8259 = PLANE('',#8260);
#8260 = AXIS2_PLACEMENT_3D('',#8261,#8262,#8263);
#8261 = CARTESIAN_POINT('',(-0.32,-4.76,-3.));
#8262 = DIRECTION('',(0.,1.,0.));
#8263 = DIRECTION('',(0.,-0.,1.));
#8264 = ADVANCED_FACE('',(#8265),#8276,.F.);
#8265 = FACE_BOUND('',#8266,.F.);
#8266 = EDGE_LOOP('',(#8267,#8268,#8269,#8270));
#8267 = ORIENTED_EDGE('',*,*,#8198,.F.);
#8268 = ORIENTED_EDGE('',*,*,#6343,.T.);
#8269 = ORIENTED_EDGE('',*,*,#8246,.T.);
#8270 = ORIENTED_EDGE('',*,*,#8271,.F.);
#8271 = EDGE_CURVE('',#8199,#8247,#8272,.T.);
#8272 = LINE('',#8273,#8274);
#8273 = CARTESIAN_POINT('',(-0.32,-5.4,8.38));
#8274 = VECTOR('',#8275,1.);
#8275 = DIRECTION('',(0.,1.,0.));
#8276 = PLANE('',#8277);
#8277 = AXIS2_PLACEMENT_3D('',#8278,#8279,#8280);
#8278 = CARTESIAN_POINT('',(-0.32,-5.4,-3.));
#8279 = DIRECTION('',(1.,0.,0.));
#8280 = DIRECTION('',(0.,0.,1.));
#8281 = ADVANCED_FACE('',(#8282),#8307,.T.);
#8282 = FACE_BOUND('',#8283,.T.);
#8283 = EDGE_LOOP('',(#8284,#8292,#8293,#8301));
#8284 = ORIENTED_EDGE('',*,*,#8285,.F.);
#8285 = EDGE_CURVE('',#6368,#8286,#8288,.T.);
#8286 = VERTEX_POINT('',#8287);
#8287 = CARTESIAN_POINT('',(0.32,-7.94,8.38));
#8288 = LINE('',#8289,#8290);
#8289 = CARTESIAN_POINT('',(0.32,-7.94,-3.));
#8290 = VECTOR('',#8291,1.);
#8291 = DIRECTION('',(0.,0.,1.));
#8292 = ORIENTED_EDGE('',*,*,#6367,.T.);
#8293 = ORIENTED_EDGE('',*,*,#8294,.T.);
#8294 = EDGE_CURVE('',#6370,#8295,#8297,.T.);
#8295 = VERTEX_POINT('',#8296);
#8296 = CARTESIAN_POINT('',(0.32,-7.3,8.38));
#8297 = LINE('',#8298,#8299);
#8298 = CARTESIAN_POINT('',(0.32,-7.3,-3.));
#8299 = VECTOR('',#8300,1.);
#8300 = DIRECTION('',(0.,0.,1.));
#8301 = ORIENTED_EDGE('',*,*,#8302,.F.);
#8302 = EDGE_CURVE('',#8286,#8295,#8303,.T.);
#8303 = LINE('',#8304,#8305);
#8304 = CARTESIAN_POINT('',(0.32,-7.94,8.38));
#8305 = VECTOR('',#8306,1.);
#8306 = DIRECTION('',(0.,1.,0.));
#8307 = PLANE('',#8308);
#8308 = AXIS2_PLACEMENT_3D('',#8309,#8310,#8311);
#8309 = CARTESIAN_POINT('',(0.32,-7.94,-3.));
#8310 = DIRECTION('',(1.,0.,0.));
#8311 = DIRECTION('',(0.,0.,1.));
#8312 = ADVANCED_FACE('',(#8313),#8331,.T.);
#8313 = FACE_BOUND('',#8314,.T.);
#8314 = EDGE_LOOP('',(#8315,#8316,#8317,#8325));
#8315 = ORIENTED_EDGE('',*,*,#8294,.F.);
#8316 = ORIENTED_EDGE('',*,*,#6393,.T.);
#8317 = ORIENTED_EDGE('',*,*,#8318,.T.);
#8318 = EDGE_CURVE('',#6386,#8319,#8321,.T.);
#8319 = VERTEX_POINT('',#8320);
#8320 = CARTESIAN_POINT('',(-0.32,-7.3,8.38));
#8321 = LINE('',#8322,#8323);
#8322 = CARTESIAN_POINT('',(-0.32,-7.3,-3.));
#8323 = VECTOR('',#8324,1.);
#8324 = DIRECTION('',(0.,0.,1.));
#8325 = ORIENTED_EDGE('',*,*,#8326,.T.);
#8326 = EDGE_CURVE('',#8319,#8295,#8327,.T.);
#8327 = LINE('',#8328,#8329);
#8328 = CARTESIAN_POINT('',(-0.32,-7.3,8.38));
#8329 = VECTOR('',#8330,1.);
#8330 = DIRECTION('',(1.,0.,0.));
#8331 = PLANE('',#8332);
#8332 = AXIS2_PLACEMENT_3D('',#8333,#8334,#8335);
#8333 = CARTESIAN_POINT('',(-0.32,-7.3,-3.));
#8334 = DIRECTION('',(0.,1.,0.));
#8335 = DIRECTION('',(0.,-0.,1.));
#8336 = ADVANCED_FACE('',(#8337),#8355,.F.);
#8337 = FACE_BOUND('',#8338,.F.);
#8338 = EDGE_LOOP('',(#8339,#8347,#8348,#8349));
#8339 = ORIENTED_EDGE('',*,*,#8340,.F.);
#8340 = EDGE_CURVE('',#6378,#8341,#8343,.T.);
#8341 = VERTEX_POINT('',#8342);
#8342 = CARTESIAN_POINT('',(-0.32,-7.94,8.38));
#8343 = LINE('',#8344,#8345);
#8344 = CARTESIAN_POINT('',(-0.32,-7.94,-3.));
#8345 = VECTOR('',#8346,1.);
#8346 = DIRECTION('',(0.,0.,1.));
#8347 = ORIENTED_EDGE('',*,*,#6385,.T.);
#8348 = ORIENTED_EDGE('',*,*,#8318,.T.);
#8349 = ORIENTED_EDGE('',*,*,#8350,.F.);
#8350 = EDGE_CURVE('',#8341,#8319,#8351,.T.);
#8351 = LINE('',#8352,#8353);
#8352 = CARTESIAN_POINT('',(-0.32,-7.94,8.38));
#8353 = VECTOR('',#8354,1.);
#8354 = DIRECTION('',(0.,1.,0.));
#8355 = PLANE('',#8356);
#8356 = AXIS2_PLACEMENT_3D('',#8357,#8358,#8359);
#8357 = CARTESIAN_POINT('',(-0.32,-7.94,-3.));
#8358 = DIRECTION('',(1.,0.,0.));
#8359 = DIRECTION('',(0.,0.,1.));
#8360 = ADVANCED_FACE('',(#8361),#8372,.F.);
#8361 = FACE_BOUND('',#8362,.F.);
#8362 = EDGE_LOOP('',(#8363,#8364,#8365,#8366));
#8363 = ORIENTED_EDGE('',*,*,#8285,.F.);
#8364 = ORIENTED_EDGE('',*,*,#6377,.T.);
#8365 = ORIENTED_EDGE('',*,*,#8340,.T.);
#8366 = ORIENTED_EDGE('',*,*,#8367,.T.);
#8367 = EDGE_CURVE('',#8341,#8286,#8368,.T.);
#8368 = LINE('',#8369,#8370);
#8369 = CARTESIAN_POINT('',(-0.32,-7.94,8.38));
#8370 = VECTOR('',#8371,1.);
#8371 = DIRECTION('',(1.,0.,0.));
#8372 = PLANE('',#8373);
#8373 = AXIS2_PLACEMENT_3D('',#8374,#8375,#8376);
#8374 = CARTESIAN_POINT('',(-0.32,-7.94,-3.));
#8375 = DIRECTION('',(0.,1.,0.));
#8376 = DIRECTION('',(0.,-0.,1.));
#8377 = ADVANCED_FACE('',(#8378),#8403,.F.);
#8378 = FACE_BOUND('',#8379,.F.);
#8379 = EDGE_LOOP('',(#8380,#8388,#8389,#8397));
#8380 = ORIENTED_EDGE('',*,*,#8381,.F.);
#8381 = EDGE_CURVE('',#6402,#8382,#8384,.T.);
#8382 = VERTEX_POINT('',#8383);
#8383 = CARTESIAN_POINT('',(0.32,-0.32,8.38));
#8384 = LINE('',#8385,#8386);
#8385 = CARTESIAN_POINT('',(0.32,-0.32,-3.));
#8386 = VECTOR('',#8387,1.);
#8387 = DIRECTION('',(0.,0.,1.));
#8388 = ORIENTED_EDGE('',*,*,#6401,.T.);
#8389 = ORIENTED_EDGE('',*,*,#8390,.T.);
#8390 = EDGE_CURVE('',#6404,#8391,#8393,.T.);
#8391 = VERTEX_POINT('',#8392);
#8392 = CARTESIAN_POINT('',(-0.32,-0.32,8.38));
#8393 = LINE('',#8394,#8395);
#8394 = CARTESIAN_POINT('',(-0.32,-0.32,-3.));
#8395 = VECTOR('',#8396,1.);
#8396 = DIRECTION('',(0.,0.,1.));
#8397 = ORIENTED_EDGE('',*,*,#8398,.T.);
#8398 = EDGE_CURVE('',#8391,#8382,#8399,.T.);
#8399 = LINE('',#8400,#8401);
#8400 = CARTESIAN_POINT('',(-0.32,-0.32,8.38));
#8401 = VECTOR('',#8402,1.);
#8402 = DIRECTION('',(1.,0.,0.));
#8403 = PLANE('',#8404);
#8404 = AXIS2_PLACEMENT_3D('',#8405,#8406,#8407);
#8405 = CARTESIAN_POINT('',(-0.32,-0.32,-3.));
#8406 = DIRECTION('',(0.,1.,0.));
#8407 = DIRECTION('',(0.,-0.,1.));
#8408 = ADVANCED_FACE('',(#8409),#8427,.T.);
#8409 = FACE_BOUND('',#8410,.T.);
#8410 = EDGE_LOOP('',(#8411,#8412,#8413,#8421));
#8411 = ORIENTED_EDGE('',*,*,#8381,.F.);
#8412 = ORIENTED_EDGE('',*,*,#6427,.T.);
#8413 = ORIENTED_EDGE('',*,*,#8414,.T.);
#8414 = EDGE_CURVE('',#6420,#8415,#8417,.T.);
#8415 = VERTEX_POINT('',#8416);
#8416 = CARTESIAN_POINT('',(0.32,0.32,8.38));
#8417 = LINE('',#8418,#8419);
#8418 = CARTESIAN_POINT('',(0.32,0.32,-3.));
#8419 = VECTOR('',#8420,1.);
#8420 = DIRECTION('',(0.,0.,1.));
#8421 = ORIENTED_EDGE('',*,*,#8422,.F.);
#8422 = EDGE_CURVE('',#8382,#8415,#8423,.T.);
#8423 = LINE('',#8424,#8425);
#8424 = CARTESIAN_POINT('',(0.32,-0.32,8.38));
#8425 = VECTOR('',#8426,1.);
#8426 = DIRECTION('',(0.,1.,0.));
#8427 = PLANE('',#8428);
#8428 = AXIS2_PLACEMENT_3D('',#8429,#8430,#8431);
#8429 = CARTESIAN_POINT('',(0.32,-0.32,-3.));
#8430 = DIRECTION('',(1.,0.,0.));
#8431 = DIRECTION('',(0.,0.,1.));
#8432 = ADVANCED_FACE('',(#8433),#8451,.T.);
#8433 = FACE_BOUND('',#8434,.T.);
#8434 = EDGE_LOOP('',(#8435,#8436,#8437,#8445));
#8435 = ORIENTED_EDGE('',*,*,#8414,.F.);
#8436 = ORIENTED_EDGE('',*,*,#6419,.T.);
#8437 = ORIENTED_EDGE('',*,*,#8438,.T.);
#8438 = EDGE_CURVE('',#6412,#8439,#8441,.T.);
#8439 = VERTEX_POINT('',#8440);
#8440 = CARTESIAN_POINT('',(-0.32,0.32,8.38));
#8441 = LINE('',#8442,#8443);
#8442 = CARTESIAN_POINT('',(-0.32,0.32,-3.));
#8443 = VECTOR('',#8444,1.);
#8444 = DIRECTION('',(0.,0.,1.));
#8445 = ORIENTED_EDGE('',*,*,#8446,.T.);
#8446 = EDGE_CURVE('',#8439,#8415,#8447,.T.);
#8447 = LINE('',#8448,#8449);
#8448 = CARTESIAN_POINT('',(-0.32,0.32,8.38));
#8449 = VECTOR('',#8450,1.);
#8450 = DIRECTION('',(1.,0.,0.));
#8451 = PLANE('',#8452);
#8452 = AXIS2_PLACEMENT_3D('',#8453,#8454,#8455);
#8453 = CARTESIAN_POINT('',(-0.32,0.32,-3.));
#8454 = DIRECTION('',(0.,1.,0.));
#8455 = DIRECTION('',(0.,-0.,1.));
#8456 = ADVANCED_FACE('',(#8457),#8468,.F.);
#8457 = FACE_BOUND('',#8458,.F.);
#8458 = EDGE_LOOP('',(#8459,#8460,#8461,#8462));
#8459 = ORIENTED_EDGE('',*,*,#8390,.F.);
#8460 = ORIENTED_EDGE('',*,*,#6411,.T.);
#8461 = ORIENTED_EDGE('',*,*,#8438,.T.);
#8462 = ORIENTED_EDGE('',*,*,#8463,.F.);
#8463 = EDGE_CURVE('',#8391,#8439,#8464,.T.);
#8464 = LINE('',#8465,#8466);
#8465 = CARTESIAN_POINT('',(-0.32,-0.32,8.38));
#8466 = VECTOR('',#8467,1.);
#8467 = DIRECTION('',(0.,1.,0.));
#8468 = PLANE('',#8469);
#8469 = AXIS2_PLACEMENT_3D('',#8470,#8471,#8472);
#8470 = CARTESIAN_POINT('',(-0.32,-0.32,-3.));
#8471 = DIRECTION('',(1.,0.,0.));
#8472 = DIRECTION('',(0.,0.,1.));
#8473 = ADVANCED_FACE('',(#8474),#8499,.F.);
#8474 = FACE_BOUND('',#8475,.T.);
#8475 = EDGE_LOOP('',(#8476,#8484,#8485,#8493));
#8476 = ORIENTED_EDGE('',*,*,#8477,.F.);
#8477 = EDGE_CURVE('',#7142,#8478,#8480,.T.);
#8478 = VERTEX_POINT('',#8479);
#8479 = CARTESIAN_POINT('',(-0.16,-12.54,-3.));
#8480 = LINE('',#8481,#8482);
#8481 = CARTESIAN_POINT('',(-0.16,-12.54,-3.));
#8482 = VECTOR('',#8483,1.);
#8483 = DIRECTION('',(0.57735026919,-0.57735026919,-0.57735026919));
#8484 = ORIENTED_EDGE('',*,*,#7141,.T.);
#8485 = ORIENTED_EDGE('',*,*,#8486,.T.);
#8486 = EDGE_CURVE('',#7134,#8487,#8489,.T.);
#8487 = VERTEX_POINT('',#8488);
#8488 = CARTESIAN_POINT('',(0.16,-12.54,-3.));
#8489 = LINE('',#8490,#8491);
#8490 = CARTESIAN_POINT('',(5.333333333333E-02,-12.64666666666,
    -3.106666666667));
#8491 = VECTOR('',#8492,1.);
#8492 = DIRECTION('',(-0.57735026919,-0.57735026919,-0.57735026919));
#8493 = ORIENTED_EDGE('',*,*,#8494,.F.);
#8494 = EDGE_CURVE('',#8478,#8487,#8495,.T.);
#8495 = LINE('',#8496,#8497);
#8496 = CARTESIAN_POINT('',(-0.32,-12.54,-3.));
#8497 = VECTOR('',#8498,1.);
#8498 = DIRECTION('',(1.,0.,0.));
#8499 = PLANE('',#8500);
#8500 = AXIS2_PLACEMENT_3D('',#8501,#8502,#8503);
#8501 = CARTESIAN_POINT('',(-0.32,-12.46,-2.92));
#8502 = DIRECTION('',(-1.735167508357E-18,-0.707106781187,0.707106781187
    ));
#8503 = DIRECTION('',(-1.,1.226948711654E-18,-1.226948711654E-18));
#8504 = ADVANCED_FACE('',(#8505),#8523,.T.);
#8505 = FACE_BOUND('',#8506,.T.);
#8506 = EDGE_LOOP('',(#8507,#8515,#8516,#8517));
#8507 = ORIENTED_EDGE('',*,*,#8508,.F.);
#8508 = EDGE_CURVE('',#7165,#8509,#8511,.T.);
#8509 = VERTEX_POINT('',#8510);
#8510 = CARTESIAN_POINT('',(-0.16,-12.86,-3.));
#8511 = LINE('',#8512,#8513);
#8512 = CARTESIAN_POINT('',(-0.266666666667,-12.96666666666,
    -2.893333333333));
#8513 = VECTOR('',#8514,1.);
#8514 = DIRECTION('',(0.57735026919,0.57735026919,-0.57735026919));
#8515 = ORIENTED_EDGE('',*,*,#7172,.T.);
#8516 = ORIENTED_EDGE('',*,*,#8477,.T.);
#8517 = ORIENTED_EDGE('',*,*,#8518,.F.);
#8518 = EDGE_CURVE('',#8509,#8478,#8519,.T.);
#8519 = LINE('',#8520,#8521);
#8520 = CARTESIAN_POINT('',(-0.16,-13.02,-3.));
#8521 = VECTOR('',#8522,1.);
#8522 = DIRECTION('',(0.,1.,0.));
#8523 = PLANE('',#8524);
#8524 = AXIS2_PLACEMENT_3D('',#8525,#8526,#8527);
#8525 = CARTESIAN_POINT('',(-0.24,-13.02,-2.92));
#8526 = DIRECTION('',(-0.707106781187,-1.735167508357E-18,
    -0.707106781187));
#8527 = DIRECTION('',(-1.226948711654E-18,1.,-1.226948711654E-18));
#8528 = ADVANCED_FACE('',(#8529),#8547,.T.);
#8529 = FACE_BOUND('',#8530,.F.);
#8530 = EDGE_LOOP('',(#8531,#8532,#8533,#8541));
#8531 = ORIENTED_EDGE('',*,*,#8508,.F.);
#8532 = ORIENTED_EDGE('',*,*,#7196,.T.);
#8533 = ORIENTED_EDGE('',*,*,#8534,.T.);
#8534 = EDGE_CURVE('',#7189,#8535,#8537,.T.);
#8535 = VERTEX_POINT('',#8536);
#8536 = CARTESIAN_POINT('',(0.16,-12.86,-3.));
#8537 = LINE('',#8538,#8539);
#8538 = CARTESIAN_POINT('',(0.16,-12.86,-3.));
#8539 = VECTOR('',#8540,1.);
#8540 = DIRECTION('',(-0.57735026919,0.57735026919,-0.57735026919));
#8541 = ORIENTED_EDGE('',*,*,#8542,.F.);
#8542 = EDGE_CURVE('',#8509,#8535,#8543,.T.);
#8543 = LINE('',#8544,#8545);
#8544 = CARTESIAN_POINT('',(-0.32,-12.86,-3.));
#8545 = VECTOR('',#8546,1.);
#8546 = DIRECTION('',(1.,0.,0.));
#8547 = PLANE('',#8548);
#8548 = AXIS2_PLACEMENT_3D('',#8549,#8550,#8551);
#8549 = CARTESIAN_POINT('',(-0.32,-12.94,-2.92));
#8550 = DIRECTION('',(1.735167508357E-18,-0.707106781187,-0.707106781187
    ));
#8551 = DIRECTION('',(-1.,-1.226948711654E-18,-1.226948711654E-18));
#8552 = ADVANCED_FACE('',(#8553),#8564,.F.);
#8553 = FACE_BOUND('',#8554,.F.);
#8554 = EDGE_LOOP('',(#8555,#8556,#8557,#8558));
#8555 = ORIENTED_EDGE('',*,*,#8534,.F.);
#8556 = ORIENTED_EDGE('',*,*,#7213,.T.);
#8557 = ORIENTED_EDGE('',*,*,#8486,.T.);
#8558 = ORIENTED_EDGE('',*,*,#8559,.F.);
#8559 = EDGE_CURVE('',#8535,#8487,#8560,.T.);
#8560 = LINE('',#8561,#8562);
#8561 = CARTESIAN_POINT('',(0.16,-13.02,-3.));
#8562 = VECTOR('',#8563,1.);
#8563 = DIRECTION('',(0.,1.,0.));
#8564 = PLANE('',#8565);
#8565 = AXIS2_PLACEMENT_3D('',#8566,#8567,#8568);
#8566 = CARTESIAN_POINT('',(0.24,-13.02,-2.92));
#8567 = DIRECTION('',(-0.707106781187,1.735167508357E-18,0.707106781187)
  );
#8568 = DIRECTION('',(1.226948711654E-18,1.,-1.226948711654E-18));
#8569 = ADVANCED_FACE('',(#8570),#8595,.F.);
#8570 = FACE_BOUND('',#8571,.F.);
#8571 = EDGE_LOOP('',(#8572,#8580,#8581,#8589));
#8572 = ORIENTED_EDGE('',*,*,#8573,.F.);
#8573 = EDGE_CURVE('',#7230,#8574,#8576,.T.);
#8574 = VERTEX_POINT('',#8575);
#8575 = CARTESIAN_POINT('',(0.16,-15.4,-3.));
#8576 = LINE('',#8577,#8578);
#8577 = CARTESIAN_POINT('',(0.16,-15.4,-3.));
#8578 = VECTOR('',#8579,1.);
#8579 = DIRECTION('',(-0.57735026919,0.57735026919,-0.57735026919));
#8580 = ORIENTED_EDGE('',*,*,#7237,.T.);
#8581 = ORIENTED_EDGE('',*,*,#8582,.T.);
#8582 = EDGE_CURVE('',#7238,#8583,#8585,.T.);
#8583 = VERTEX_POINT('',#8584);
#8584 = CARTESIAN_POINT('',(0.16,-15.08,-3.));
#8585 = LINE('',#8586,#8587);
#8586 = CARTESIAN_POINT('',(5.333333333333E-02,-15.18666666666,
    -3.106666666667));
#8587 = VECTOR('',#8588,1.);
#8588 = DIRECTION('',(-0.57735026919,-0.57735026919,-0.57735026919));
#8589 = ORIENTED_EDGE('',*,*,#8590,.F.);
#8590 = EDGE_CURVE('',#8574,#8583,#8591,.T.);
#8591 = LINE('',#8592,#8593);
#8592 = CARTESIAN_POINT('',(0.16,-15.56,-3.));
#8593 = VECTOR('',#8594,1.);
#8594 = DIRECTION('',(0.,1.,0.));
#8595 = PLANE('',#8596);
#8596 = AXIS2_PLACEMENT_3D('',#8597,#8598,#8599);
#8597 = CARTESIAN_POINT('',(0.24,-15.56,-2.92));
#8598 = DIRECTION('',(-0.707106781187,1.735167508357E-18,0.707106781187)
  );
#8599 = DIRECTION('',(1.226948711654E-18,1.,-1.226948711654E-18));
#8600 = ADVANCED_FACE('',(#8601),#8619,.F.);
#8601 = FACE_BOUND('',#8602,.T.);
#8602 = EDGE_LOOP('',(#8603,#8611,#8612,#8613));
#8603 = ORIENTED_EDGE('',*,*,#8604,.F.);
#8604 = EDGE_CURVE('',#7262,#8605,#8607,.T.);
#8605 = VERTEX_POINT('',#8606);
#8606 = CARTESIAN_POINT('',(-0.16,-15.08,-3.));
#8607 = LINE('',#8608,#8609);
#8608 = CARTESIAN_POINT('',(-0.16,-15.08,-3.));
#8609 = VECTOR('',#8610,1.);
#8610 = DIRECTION('',(0.57735026919,-0.57735026919,-0.57735026919));
#8611 = ORIENTED_EDGE('',*,*,#7261,.T.);
#8612 = ORIENTED_EDGE('',*,*,#8582,.T.);
#8613 = ORIENTED_EDGE('',*,*,#8614,.F.);
#8614 = EDGE_CURVE('',#8605,#8583,#8615,.T.);
#8615 = LINE('',#8616,#8617);
#8616 = CARTESIAN_POINT('',(-0.32,-15.08,-3.));
#8617 = VECTOR('',#8618,1.);
#8618 = DIRECTION('',(1.,0.,0.));
#8619 = PLANE('',#8620);
#8620 = AXIS2_PLACEMENT_3D('',#8621,#8622,#8623);
#8621 = CARTESIAN_POINT('',(-0.32,-15.,-2.92));
#8622 = DIRECTION('',(-1.735167508357E-18,-0.707106781187,0.707106781187
    ));
#8623 = DIRECTION('',(-1.,1.226948711654E-18,-1.226948711654E-18));
#8624 = ADVANCED_FACE('',(#8625),#8643,.T.);
#8625 = FACE_BOUND('',#8626,.T.);
#8626 = EDGE_LOOP('',(#8627,#8635,#8636,#8637));
#8627 = ORIENTED_EDGE('',*,*,#8628,.F.);
#8628 = EDGE_CURVE('',#7285,#8629,#8631,.T.);
#8629 = VERTEX_POINT('',#8630);
#8630 = CARTESIAN_POINT('',(-0.16,-15.4,-3.));
#8631 = LINE('',#8632,#8633);
#8632 = CARTESIAN_POINT('',(-0.266666666667,-15.50666666666,
    -2.893333333333));
#8633 = VECTOR('',#8634,1.);
#8634 = DIRECTION('',(0.57735026919,0.57735026919,-0.57735026919));
#8635 = ORIENTED_EDGE('',*,*,#7292,.T.);
#8636 = ORIENTED_EDGE('',*,*,#8604,.T.);
#8637 = ORIENTED_EDGE('',*,*,#8638,.F.);
#8638 = EDGE_CURVE('',#8629,#8605,#8639,.T.);
#8639 = LINE('',#8640,#8641);
#8640 = CARTESIAN_POINT('',(-0.16,-15.56,-3.));
#8641 = VECTOR('',#8642,1.);
#8642 = DIRECTION('',(0.,1.,0.));
#8643 = PLANE('',#8644);
#8644 = AXIS2_PLACEMENT_3D('',#8645,#8646,#8647);
#8645 = CARTESIAN_POINT('',(-0.24,-15.56,-2.92));
#8646 = DIRECTION('',(-0.707106781187,-1.735167508357E-18,
    -0.707106781187));
#8647 = DIRECTION('',(-1.226948711654E-18,1.,-1.226948711654E-18));
#8648 = ADVANCED_FACE('',(#8649),#8660,.T.);
#8649 = FACE_BOUND('',#8650,.F.);
#8650 = EDGE_LOOP('',(#8651,#8652,#8653,#8654));
#8651 = ORIENTED_EDGE('',*,*,#8628,.F.);
#8652 = ORIENTED_EDGE('',*,*,#7309,.T.);
#8653 = ORIENTED_EDGE('',*,*,#8573,.T.);
#8654 = ORIENTED_EDGE('',*,*,#8655,.F.);
#8655 = EDGE_CURVE('',#8629,#8574,#8656,.T.);
#8656 = LINE('',#8657,#8658);
#8657 = CARTESIAN_POINT('',(-0.32,-15.4,-3.));
#8658 = VECTOR('',#8659,1.);
#8659 = DIRECTION('',(1.,0.,0.));
#8660 = PLANE('',#8661);
#8661 = AXIS2_PLACEMENT_3D('',#8662,#8663,#8664);
#8662 = CARTESIAN_POINT('',(-0.32,-15.48,-2.92));
#8663 = DIRECTION('',(1.735167508357E-18,-0.707106781187,-0.707106781187
    ));
#8664 = DIRECTION('',(-1.,-1.226948711654E-18,-1.226948711654E-18));
#8665 = ADVANCED_FACE('',(#8666),#8691,.F.);
#8666 = FACE_BOUND('',#8667,.T.);
#8667 = EDGE_LOOP('',(#8668,#8676,#8677,#8685));
#8668 = ORIENTED_EDGE('',*,*,#8669,.F.);
#8669 = EDGE_CURVE('',#7334,#8670,#8672,.T.);
#8670 = VERTEX_POINT('',#8671);
#8671 = CARTESIAN_POINT('',(-0.16,-10.,-3.));
#8672 = LINE('',#8673,#8674);
#8673 = CARTESIAN_POINT('',(-0.16,-10.,-3.));
#8674 = VECTOR('',#8675,1.);
#8675 = DIRECTION('',(0.57735026919,-0.57735026919,-0.57735026919));
#8676 = ORIENTED_EDGE('',*,*,#7333,.T.);
#8677 = ORIENTED_EDGE('',*,*,#8678,.T.);
#8678 = EDGE_CURVE('',#7326,#8679,#8681,.T.);
#8679 = VERTEX_POINT('',#8680);
#8680 = CARTESIAN_POINT('',(0.16,-10.,-3.));
#8681 = LINE('',#8682,#8683);
#8682 = CARTESIAN_POINT('',(5.333333333333E-02,-10.10666666666,
    -3.106666666667));
#8683 = VECTOR('',#8684,1.);
#8684 = DIRECTION('',(-0.57735026919,-0.57735026919,-0.57735026919));
#8685 = ORIENTED_EDGE('',*,*,#8686,.F.);
#8686 = EDGE_CURVE('',#8670,#8679,#8687,.T.);
#8687 = LINE('',#8688,#8689);
#8688 = CARTESIAN_POINT('',(-0.32,-10.,-3.));
#8689 = VECTOR('',#8690,1.);
#8690 = DIRECTION('',(1.,0.,0.));
#8691 = PLANE('',#8692);
#8692 = AXIS2_PLACEMENT_3D('',#8693,#8694,#8695);
#8693 = CARTESIAN_POINT('',(-0.32,-9.92,-2.92));
#8694 = DIRECTION('',(-1.735167508357E-18,-0.707106781187,0.707106781187
    ));
#8695 = DIRECTION('',(-1.,1.226948711654E-18,-1.226948711654E-18));
#8696 = ADVANCED_FACE('',(#8697),#8715,.T.);
#8697 = FACE_BOUND('',#8698,.T.);
#8698 = EDGE_LOOP('',(#8699,#8707,#8708,#8709));
#8699 = ORIENTED_EDGE('',*,*,#8700,.F.);
#8700 = EDGE_CURVE('',#7357,#8701,#8703,.T.);
#8701 = VERTEX_POINT('',#8702);
#8702 = CARTESIAN_POINT('',(-0.16,-10.32,-3.));
#8703 = LINE('',#8704,#8705);
#8704 = CARTESIAN_POINT('',(-0.266666666667,-10.42666666666,
    -2.893333333333));
#8705 = VECTOR('',#8706,1.);
#8706 = DIRECTION('',(0.57735026919,0.57735026919,-0.57735026919));
#8707 = ORIENTED_EDGE('',*,*,#7364,.T.);
#8708 = ORIENTED_EDGE('',*,*,#8669,.T.);
#8709 = ORIENTED_EDGE('',*,*,#8710,.F.);
#8710 = EDGE_CURVE('',#8701,#8670,#8711,.T.);
#8711 = LINE('',#8712,#8713);
#8712 = CARTESIAN_POINT('',(-0.16,-10.48,-3.));
#8713 = VECTOR('',#8714,1.);
#8714 = DIRECTION('',(0.,1.,0.));
#8715 = PLANE('',#8716);
#8716 = AXIS2_PLACEMENT_3D('',#8717,#8718,#8719);
#8717 = CARTESIAN_POINT('',(-0.24,-10.48,-2.92));
#8718 = DIRECTION('',(-0.707106781187,-1.735167508357E-18,
    -0.707106781187));
#8719 = DIRECTION('',(-1.226948711654E-18,1.,-1.226948711654E-18));
#8720 = ADVANCED_FACE('',(#8721),#8739,.T.);
#8721 = FACE_BOUND('',#8722,.F.);
#8722 = EDGE_LOOP('',(#8723,#8724,#8725,#8733));
#8723 = ORIENTED_EDGE('',*,*,#8700,.F.);
#8724 = ORIENTED_EDGE('',*,*,#7388,.T.);
#8725 = ORIENTED_EDGE('',*,*,#8726,.T.);
#8726 = EDGE_CURVE('',#7381,#8727,#8729,.T.);
#8727 = VERTEX_POINT('',#8728);
#8728 = CARTESIAN_POINT('',(0.16,-10.32,-3.));
#8729 = LINE('',#8730,#8731);
#8730 = CARTESIAN_POINT('',(0.16,-10.32,-3.));
#8731 = VECTOR('',#8732,1.);
#8732 = DIRECTION('',(-0.57735026919,0.57735026919,-0.57735026919));
#8733 = ORIENTED_EDGE('',*,*,#8734,.F.);
#8734 = EDGE_CURVE('',#8701,#8727,#8735,.T.);
#8735 = LINE('',#8736,#8737);
#8736 = CARTESIAN_POINT('',(-0.32,-10.32,-3.));
#8737 = VECTOR('',#8738,1.);
#8738 = DIRECTION('',(1.,0.,0.));
#8739 = PLANE('',#8740);
#8740 = AXIS2_PLACEMENT_3D('',#8741,#8742,#8743);
#8741 = CARTESIAN_POINT('',(-0.32,-10.4,-2.92));
#8742 = DIRECTION('',(1.735167508357E-18,-0.707106781187,-0.707106781187
    ));
#8743 = DIRECTION('',(-1.,-1.226948711654E-18,-1.226948711654E-18));
#8744 = ADVANCED_FACE('',(#8745),#8756,.F.);
#8745 = FACE_BOUND('',#8746,.F.);
#8746 = EDGE_LOOP('',(#8747,#8748,#8749,#8750));
#8747 = ORIENTED_EDGE('',*,*,#8726,.F.);
#8748 = ORIENTED_EDGE('',*,*,#7405,.T.);
#8749 = ORIENTED_EDGE('',*,*,#8678,.T.);
#8750 = ORIENTED_EDGE('',*,*,#8751,.F.);
#8751 = EDGE_CURVE('',#8727,#8679,#8752,.T.);
#8752 = LINE('',#8753,#8754);
#8753 = CARTESIAN_POINT('',(0.16,-10.48,-3.));
#8754 = VECTOR('',#8755,1.);
#8755 = DIRECTION('',(0.,1.,0.));
#8756 = PLANE('',#8757);
#8757 = AXIS2_PLACEMENT_3D('',#8758,#8759,#8760);
#8758 = CARTESIAN_POINT('',(0.24,-10.48,-2.92));
#8759 = DIRECTION('',(-0.707106781187,1.735167508357E-18,0.707106781187)
  );
#8760 = DIRECTION('',(1.226948711654E-18,1.,-1.226948711654E-18));
#8761 = ADVANCED_FACE('',(#8762),#8787,.F.);
#8762 = FACE_BOUND('',#8763,.F.);
#8763 = EDGE_LOOP('',(#8764,#8772,#8773,#8781));
#8764 = ORIENTED_EDGE('',*,*,#8765,.F.);
#8765 = EDGE_CURVE('',#7422,#8766,#8768,.T.);
#8766 = VERTEX_POINT('',#8767);
#8767 = CARTESIAN_POINT('',(0.16,-2.7,-3.));
#8768 = LINE('',#8769,#8770);
#8769 = CARTESIAN_POINT('',(0.16,-2.7,-3.));
#8770 = VECTOR('',#8771,1.);
#8771 = DIRECTION('',(-0.57735026919,0.57735026919,-0.57735026919));
#8772 = ORIENTED_EDGE('',*,*,#7429,.T.);
#8773 = ORIENTED_EDGE('',*,*,#8774,.T.);
#8774 = EDGE_CURVE('',#7430,#8775,#8777,.T.);
#8775 = VERTEX_POINT('',#8776);
#8776 = CARTESIAN_POINT('',(0.16,-2.38,-3.));
#8777 = LINE('',#8778,#8779);
#8778 = CARTESIAN_POINT('',(5.333333333333E-02,-2.486666666667,
    -3.106666666667));
#8779 = VECTOR('',#8780,1.);
#8780 = DIRECTION('',(-0.57735026919,-0.57735026919,-0.57735026919));
#8781 = ORIENTED_EDGE('',*,*,#8782,.F.);
#8782 = EDGE_CURVE('',#8766,#8775,#8783,.T.);
#8783 = LINE('',#8784,#8785);
#8784 = CARTESIAN_POINT('',(0.16,-2.86,-3.));
#8785 = VECTOR('',#8786,1.);
#8786 = DIRECTION('',(0.,1.,0.));
#8787 = PLANE('',#8788);
#8788 = AXIS2_PLACEMENT_3D('',#8789,#8790,#8791);
#8789 = CARTESIAN_POINT('',(0.24,-2.86,-2.92));
#8790 = DIRECTION('',(-0.707106781187,1.735167508357E-18,0.707106781187)
  );
#8791 = DIRECTION('',(1.226948711654E-18,1.,-1.226948711654E-18));
#8792 = ADVANCED_FACE('',(#8793),#8811,.F.);
#8793 = FACE_BOUND('',#8794,.T.);
#8794 = EDGE_LOOP('',(#8795,#8803,#8804,#8805));
#8795 = ORIENTED_EDGE('',*,*,#8796,.F.);
#8796 = EDGE_CURVE('',#7454,#8797,#8799,.T.);
#8797 = VERTEX_POINT('',#8798);
#8798 = CARTESIAN_POINT('',(-0.16,-2.38,-3.));
#8799 = LINE('',#8800,#8801);
#8800 = CARTESIAN_POINT('',(-0.16,-2.38,-3.));
#8801 = VECTOR('',#8802,1.);
#8802 = DIRECTION('',(0.57735026919,-0.57735026919,-0.57735026919));
#8803 = ORIENTED_EDGE('',*,*,#7453,.T.);
#8804 = ORIENTED_EDGE('',*,*,#8774,.T.);
#8805 = ORIENTED_EDGE('',*,*,#8806,.F.);
#8806 = EDGE_CURVE('',#8797,#8775,#8807,.T.);
#8807 = LINE('',#8808,#8809);
#8808 = CARTESIAN_POINT('',(-0.32,-2.38,-3.));
#8809 = VECTOR('',#8810,1.);
#8810 = DIRECTION('',(1.,0.,0.));
#8811 = PLANE('',#8812);
#8812 = AXIS2_PLACEMENT_3D('',#8813,#8814,#8815);
#8813 = CARTESIAN_POINT('',(-0.32,-2.3,-2.92));
#8814 = DIRECTION('',(-1.735167508357E-18,-0.707106781187,0.707106781187
    ));
#8815 = DIRECTION('',(-1.,1.226948711654E-18,-1.226948711654E-18));
#8816 = ADVANCED_FACE('',(#8817),#8835,.T.);
#8817 = FACE_BOUND('',#8818,.T.);
#8818 = EDGE_LOOP('',(#8819,#8827,#8828,#8829));
#8819 = ORIENTED_EDGE('',*,*,#8820,.F.);
#8820 = EDGE_CURVE('',#7477,#8821,#8823,.T.);
#8821 = VERTEX_POINT('',#8822);
#8822 = CARTESIAN_POINT('',(-0.16,-2.7,-3.));
#8823 = LINE('',#8824,#8825);
#8824 = CARTESIAN_POINT('',(-0.266666666667,-2.806666666667,
    -2.893333333333));
#8825 = VECTOR('',#8826,1.);
#8826 = DIRECTION('',(0.57735026919,0.57735026919,-0.57735026919));
#8827 = ORIENTED_EDGE('',*,*,#7484,.T.);
#8828 = ORIENTED_EDGE('',*,*,#8796,.T.);
#8829 = ORIENTED_EDGE('',*,*,#8830,.F.);
#8830 = EDGE_CURVE('',#8821,#8797,#8831,.T.);
#8831 = LINE('',#8832,#8833);
#8832 = CARTESIAN_POINT('',(-0.16,-2.86,-3.));
#8833 = VECTOR('',#8834,1.);
#8834 = DIRECTION('',(0.,1.,0.));
#8835 = PLANE('',#8836);
#8836 = AXIS2_PLACEMENT_3D('',#8837,#8838,#8839);
#8837 = CARTESIAN_POINT('',(-0.24,-2.86,-2.92));
#8838 = DIRECTION('',(-0.707106781187,-1.735167508357E-18,
    -0.707106781187));
#8839 = DIRECTION('',(-1.226948711654E-18,1.,-1.226948711654E-18));
#8840 = ADVANCED_FACE('',(#8841),#8852,.T.);
#8841 = FACE_BOUND('',#8842,.F.);
#8842 = EDGE_LOOP('',(#8843,#8844,#8845,#8846));
#8843 = ORIENTED_EDGE('',*,*,#8820,.F.);
#8844 = ORIENTED_EDGE('',*,*,#7501,.T.);
#8845 = ORIENTED_EDGE('',*,*,#8765,.T.);
#8846 = ORIENTED_EDGE('',*,*,#8847,.F.);
#8847 = EDGE_CURVE('',#8821,#8766,#8848,.T.);
#8848 = LINE('',#8849,#8850);
#8849 = CARTESIAN_POINT('',(-0.32,-2.7,-3.));
#8850 = VECTOR('',#8851,1.);
#8851 = DIRECTION('',(1.,0.,0.));
#8852 = PLANE('',#8853);
#8853 = AXIS2_PLACEMENT_3D('',#8854,#8855,#8856);
#8854 = CARTESIAN_POINT('',(-0.32,-2.78,-2.92));
#8855 = DIRECTION('',(1.735167508357E-18,-0.707106781187,-0.707106781187
    ));
#8856 = DIRECTION('',(-1.,-1.226948711654E-18,-1.226948711654E-18));
#8857 = ADVANCED_FACE('',(#8858),#8883,.T.);
#8858 = FACE_BOUND('',#8859,.F.);
#8859 = EDGE_LOOP('',(#8860,#8868,#8869,#8877));
#8860 = ORIENTED_EDGE('',*,*,#8861,.F.);
#8861 = EDGE_CURVE('',#7526,#8862,#8864,.T.);
#8862 = VERTEX_POINT('',#8863);
#8863 = CARTESIAN_POINT('',(-0.16,-5.24,-3.));
#8864 = LINE('',#8865,#8866);
#8865 = CARTESIAN_POINT('',(-0.266666666667,-5.346666666667,
    -2.893333333333));
#8866 = VECTOR('',#8867,1.);
#8867 = DIRECTION('',(0.57735026919,0.57735026919,-0.57735026919));
#8868 = ORIENTED_EDGE('',*,*,#7525,.T.);
#8869 = ORIENTED_EDGE('',*,*,#8870,.T.);
#8870 = EDGE_CURVE('',#7518,#8871,#8873,.T.);
#8871 = VERTEX_POINT('',#8872);
#8872 = CARTESIAN_POINT('',(0.16,-5.24,-3.));
#8873 = LINE('',#8874,#8875);
#8874 = CARTESIAN_POINT('',(0.16,-5.24,-3.));
#8875 = VECTOR('',#8876,1.);
#8876 = DIRECTION('',(-0.57735026919,0.57735026919,-0.57735026919));
#8877 = ORIENTED_EDGE('',*,*,#8878,.F.);
#8878 = EDGE_CURVE('',#8862,#8871,#8879,.T.);
#8879 = LINE('',#8880,#8881);
#8880 = CARTESIAN_POINT('',(-0.32,-5.24,-3.));
#8881 = VECTOR('',#8882,1.);
#8882 = DIRECTION('',(1.,0.,0.));
#8883 = PLANE('',#8884);
#8884 = AXIS2_PLACEMENT_3D('',#8885,#8886,#8887);
#8885 = CARTESIAN_POINT('',(-0.32,-5.32,-2.92));
#8886 = DIRECTION('',(1.735167508357E-18,-0.707106781187,-0.707106781187
    ));
#8887 = DIRECTION('',(-1.,-1.226948711654E-18,-1.226948711654E-18));
#8888 = ADVANCED_FACE('',(#8889),#8907,.F.);
#8889 = FACE_BOUND('',#8890,.F.);
#8890 = EDGE_LOOP('',(#8891,#8892,#8893,#8901));
#8891 = ORIENTED_EDGE('',*,*,#8870,.F.);
#8892 = ORIENTED_EDGE('',*,*,#7549,.T.);
#8893 = ORIENTED_EDGE('',*,*,#8894,.T.);
#8894 = EDGE_CURVE('',#7550,#8895,#8897,.T.);
#8895 = VERTEX_POINT('',#8896);
#8896 = CARTESIAN_POINT('',(0.16,-4.92,-3.));
#8897 = LINE('',#8898,#8899);
#8898 = CARTESIAN_POINT('',(5.333333333333E-02,-5.026666666667,
    -3.106666666667));
#8899 = VECTOR('',#8900,1.);
#8900 = DIRECTION('',(-0.57735026919,-0.57735026919,-0.57735026919));
#8901 = ORIENTED_EDGE('',*,*,#8902,.F.);
#8902 = EDGE_CURVE('',#8871,#8895,#8903,.T.);
#8903 = LINE('',#8904,#8905);
#8904 = CARTESIAN_POINT('',(0.16,-5.4,-3.));
#8905 = VECTOR('',#8906,1.);
#8906 = DIRECTION('',(0.,1.,0.));
#8907 = PLANE('',#8908);
#8908 = AXIS2_PLACEMENT_3D('',#8909,#8910,#8911);
#8909 = CARTESIAN_POINT('',(0.24,-5.4,-2.92));
#8910 = DIRECTION('',(-0.707106781187,1.735167508357E-18,0.707106781187)
  );
#8911 = DIRECTION('',(1.226948711654E-18,1.,-1.226948711654E-18));
#8912 = ADVANCED_FACE('',(#8913),#8931,.F.);
#8913 = FACE_BOUND('',#8914,.T.);
#8914 = EDGE_LOOP('',(#8915,#8923,#8924,#8925));
#8915 = ORIENTED_EDGE('',*,*,#8916,.F.);
#8916 = EDGE_CURVE('',#7574,#8917,#8919,.T.);
#8917 = VERTEX_POINT('',#8918);
#8918 = CARTESIAN_POINT('',(-0.16,-4.92,-3.));
#8919 = LINE('',#8920,#8921);
#8920 = CARTESIAN_POINT('',(-0.16,-4.92,-3.));
#8921 = VECTOR('',#8922,1.);
#8922 = DIRECTION('',(0.57735026919,-0.57735026919,-0.57735026919));
#8923 = ORIENTED_EDGE('',*,*,#7573,.T.);
#8924 = ORIENTED_EDGE('',*,*,#8894,.T.);
#8925 = ORIENTED_EDGE('',*,*,#8926,.F.);
#8926 = EDGE_CURVE('',#8917,#8895,#8927,.T.);
#8927 = LINE('',#8928,#8929);
#8928 = CARTESIAN_POINT('',(-0.32,-4.92,-3.));
#8929 = VECTOR('',#8930,1.);
#8930 = DIRECTION('',(1.,0.,0.));
#8931 = PLANE('',#8932);
#8932 = AXIS2_PLACEMENT_3D('',#8933,#8934,#8935);
#8933 = CARTESIAN_POINT('',(-0.32,-4.84,-2.92));
#8934 = DIRECTION('',(-1.735167508357E-18,-0.707106781187,0.707106781187
    ));
#8935 = DIRECTION('',(-1.,1.226948711654E-18,-1.226948711654E-18));
#8936 = ADVANCED_FACE('',(#8937),#8948,.T.);
#8937 = FACE_BOUND('',#8938,.T.);
#8938 = EDGE_LOOP('',(#8939,#8940,#8941,#8942));
#8939 = ORIENTED_EDGE('',*,*,#8861,.F.);
#8940 = ORIENTED_EDGE('',*,*,#7597,.T.);
#8941 = ORIENTED_EDGE('',*,*,#8916,.T.);
#8942 = ORIENTED_EDGE('',*,*,#8943,.F.);
#8943 = EDGE_CURVE('',#8862,#8917,#8944,.T.);
#8944 = LINE('',#8945,#8946);
#8945 = CARTESIAN_POINT('',(-0.16,-5.4,-3.));
#8946 = VECTOR('',#8947,1.);
#8947 = DIRECTION('',(0.,1.,0.));
#8948 = PLANE('',#8949);
#8949 = AXIS2_PLACEMENT_3D('',#8950,#8951,#8952);
#8950 = CARTESIAN_POINT('',(-0.24,-5.4,-2.92));
#8951 = DIRECTION('',(-0.707106781187,-1.735167508357E-18,
    -0.707106781187));
#8952 = DIRECTION('',(-1.226948711654E-18,1.,-1.226948711654E-18));
#8953 = ADVANCED_FACE('',(#8954),#8979,.F.);
#8954 = FACE_BOUND('',#8955,.F.);
#8955 = EDGE_LOOP('',(#8956,#8964,#8965,#8973));
#8956 = ORIENTED_EDGE('',*,*,#8957,.F.);
#8957 = EDGE_CURVE('',#7614,#8958,#8960,.T.);
#8958 = VERTEX_POINT('',#8959);
#8959 = CARTESIAN_POINT('',(0.16,-7.78,-3.));
#8960 = LINE('',#8961,#8962);
#8961 = CARTESIAN_POINT('',(0.16,-7.78,-3.));
#8962 = VECTOR('',#8963,1.);
#8963 = DIRECTION('',(-0.57735026919,0.57735026919,-0.57735026919));
#8964 = ORIENTED_EDGE('',*,*,#7621,.T.);
#8965 = ORIENTED_EDGE('',*,*,#8966,.T.);
#8966 = EDGE_CURVE('',#7622,#8967,#8969,.T.);
#8967 = VERTEX_POINT('',#8968);
#8968 = CARTESIAN_POINT('',(0.16,-7.46,-3.));
#8969 = LINE('',#8970,#8971);
#8970 = CARTESIAN_POINT('',(5.333333333333E-02,-7.566666666667,
    -3.106666666667));
#8971 = VECTOR('',#8972,1.);
#8972 = DIRECTION('',(-0.57735026919,-0.57735026919,-0.57735026919));
#8973 = ORIENTED_EDGE('',*,*,#8974,.F.);
#8974 = EDGE_CURVE('',#8958,#8967,#8975,.T.);
#8975 = LINE('',#8976,#8977);
#8976 = CARTESIAN_POINT('',(0.16,-7.94,-3.));
#8977 = VECTOR('',#8978,1.);
#8978 = DIRECTION('',(0.,1.,0.));
#8979 = PLANE('',#8980);
#8980 = AXIS2_PLACEMENT_3D('',#8981,#8982,#8983);
#8981 = CARTESIAN_POINT('',(0.24,-7.94,-2.92));
#8982 = DIRECTION('',(-0.707106781187,1.735167508357E-18,0.707106781187)
  );
#8983 = DIRECTION('',(1.226948711654E-18,1.,-1.226948711654E-18));
#8984 = ADVANCED_FACE('',(#8985),#9003,.F.);
#8985 = FACE_BOUND('',#8986,.T.);
#8986 = EDGE_LOOP('',(#8987,#8995,#8996,#8997));
#8987 = ORIENTED_EDGE('',*,*,#8988,.F.);
#8988 = EDGE_CURVE('',#7646,#8989,#8991,.T.);
#8989 = VERTEX_POINT('',#8990);
#8990 = CARTESIAN_POINT('',(-0.16,-7.46,-3.));
#8991 = LINE('',#8992,#8993);
#8992 = CARTESIAN_POINT('',(-0.16,-7.46,-3.));
#8993 = VECTOR('',#8994,1.);
#8994 = DIRECTION('',(0.57735026919,-0.57735026919,-0.57735026919));
#8995 = ORIENTED_EDGE('',*,*,#7645,.T.);
#8996 = ORIENTED_EDGE('',*,*,#8966,.T.);
#8997 = ORIENTED_EDGE('',*,*,#8998,.F.);
#8998 = EDGE_CURVE('',#8989,#8967,#8999,.T.);
#8999 = LINE('',#9000,#9001);
#9000 = CARTESIAN_POINT('',(-0.32,-7.46,-3.));
#9001 = VECTOR('',#9002,1.);
#9002 = DIRECTION('',(1.,0.,0.));
#9003 = PLANE('',#9004);
#9004 = AXIS2_PLACEMENT_3D('',#9005,#9006,#9007);
#9005 = CARTESIAN_POINT('',(-0.32,-7.38,-2.92));
#9006 = DIRECTION('',(-1.735167508357E-18,-0.707106781187,0.707106781187
    ));
#9007 = DIRECTION('',(-1.,1.226948711654E-18,-1.226948711654E-18));
#9008 = ADVANCED_FACE('',(#9009),#9027,.T.);
#9009 = FACE_BOUND('',#9010,.T.);
#9010 = EDGE_LOOP('',(#9011,#9019,#9020,#9021));
#9011 = ORIENTED_EDGE('',*,*,#9012,.F.);
#9012 = EDGE_CURVE('',#7669,#9013,#9015,.T.);
#9013 = VERTEX_POINT('',#9014);
#9014 = CARTESIAN_POINT('',(-0.16,-7.78,-3.));
#9015 = LINE('',#9016,#9017);
#9016 = CARTESIAN_POINT('',(-0.266666666667,-7.886666666667,
    -2.893333333333));
#9017 = VECTOR('',#9018,1.);
#9018 = DIRECTION('',(0.57735026919,0.57735026919,-0.57735026919));
#9019 = ORIENTED_EDGE('',*,*,#7676,.T.);
#9020 = ORIENTED_EDGE('',*,*,#8988,.T.);
#9021 = ORIENTED_EDGE('',*,*,#9022,.F.);
#9022 = EDGE_CURVE('',#9013,#8989,#9023,.T.);
#9023 = LINE('',#9024,#9025);
#9024 = CARTESIAN_POINT('',(-0.16,-7.94,-3.));
#9025 = VECTOR('',#9026,1.);
#9026 = DIRECTION('',(0.,1.,0.));
#9027 = PLANE('',#9028);
#9028 = AXIS2_PLACEMENT_3D('',#9029,#9030,#9031);
#9029 = CARTESIAN_POINT('',(-0.24,-7.94,-2.92));
#9030 = DIRECTION('',(-0.707106781187,-1.735167508357E-18,
    -0.707106781187));
#9031 = DIRECTION('',(-1.226948711654E-18,1.,-1.226948711654E-18));
#9032 = ADVANCED_FACE('',(#9033),#9044,.T.);
#9033 = FACE_BOUND('',#9034,.F.);
#9034 = EDGE_LOOP('',(#9035,#9036,#9037,#9038));
#9035 = ORIENTED_EDGE('',*,*,#9012,.F.);
#9036 = ORIENTED_EDGE('',*,*,#7693,.T.);
#9037 = ORIENTED_EDGE('',*,*,#8957,.T.);
#9038 = ORIENTED_EDGE('',*,*,#9039,.F.);
#9039 = EDGE_CURVE('',#9013,#8958,#9040,.T.);
#9040 = LINE('',#9041,#9042);
#9041 = CARTESIAN_POINT('',(-0.32,-7.78,-3.));
#9042 = VECTOR('',#9043,1.);
#9043 = DIRECTION('',(1.,0.,0.));
#9044 = PLANE('',#9045);
#9045 = AXIS2_PLACEMENT_3D('',#9046,#9047,#9048);
#9046 = CARTESIAN_POINT('',(-0.32,-7.86,-2.92));
#9047 = DIRECTION('',(1.735167508357E-18,-0.707106781187,-0.707106781187
    ));
#9048 = DIRECTION('',(-1.,-1.226948711654E-18,-1.226948711654E-18));
#9049 = ADVANCED_FACE('',(#9050),#9075,.T.);
#9050 = FACE_BOUND('',#9051,.F.);
#9051 = EDGE_LOOP('',(#9052,#9060,#9061,#9069));
#9052 = ORIENTED_EDGE('',*,*,#9053,.F.);
#9053 = EDGE_CURVE('',#7718,#9054,#9056,.T.);
#9054 = VERTEX_POINT('',#9055);
#9055 = CARTESIAN_POINT('',(-0.16,-0.16,-3.));
#9056 = LINE('',#9057,#9058);
#9057 = CARTESIAN_POINT('',(-0.266666666667,-0.266666666667,
    -2.893333333333));
#9058 = VECTOR('',#9059,1.);
#9059 = DIRECTION('',(0.57735026919,0.57735026919,-0.57735026919));
#9060 = ORIENTED_EDGE('',*,*,#7717,.T.);
#9061 = ORIENTED_EDGE('',*,*,#9062,.T.);
#9062 = EDGE_CURVE('',#7710,#9063,#9065,.T.);
#9063 = VERTEX_POINT('',#9064);
#9064 = CARTESIAN_POINT('',(0.16,-0.16,-3.));
#9065 = LINE('',#9066,#9067);
#9066 = CARTESIAN_POINT('',(0.16,-0.16,-3.));
#9067 = VECTOR('',#9068,1.);
#9068 = DIRECTION('',(-0.57735026919,0.57735026919,-0.57735026919));
#9069 = ORIENTED_EDGE('',*,*,#9070,.F.);
#9070 = EDGE_CURVE('',#9054,#9063,#9071,.T.);
#9071 = LINE('',#9072,#9073);
#9072 = CARTESIAN_POINT('',(-0.32,-0.16,-3.));
#9073 = VECTOR('',#9074,1.);
#9074 = DIRECTION('',(1.,0.,0.));
#9075 = PLANE('',#9076);
#9076 = AXIS2_PLACEMENT_3D('',#9077,#9078,#9079);
#9077 = CARTESIAN_POINT('',(-0.32,-0.24,-2.92));
#9078 = DIRECTION('',(1.735167508357E-18,-0.707106781187,-0.707106781187
    ));
#9079 = DIRECTION('',(-1.,-1.226948711654E-18,-1.226948711654E-18));
#9080 = ADVANCED_FACE('',(#9081),#9099,.F.);
#9081 = FACE_BOUND('',#9082,.F.);
#9082 = EDGE_LOOP('',(#9083,#9084,#9085,#9093));
#9083 = ORIENTED_EDGE('',*,*,#9062,.F.);
#9084 = ORIENTED_EDGE('',*,*,#7741,.T.);
#9085 = ORIENTED_EDGE('',*,*,#9086,.T.);
#9086 = EDGE_CURVE('',#7742,#9087,#9089,.T.);
#9087 = VERTEX_POINT('',#9088);
#9088 = CARTESIAN_POINT('',(0.16,0.16,-3.));
#9089 = LINE('',#9090,#9091);
#9090 = CARTESIAN_POINT('',(5.333333333333E-02,5.333333333333E-02,
    -3.106666666667));
#9091 = VECTOR('',#9092,1.);
#9092 = DIRECTION('',(-0.57735026919,-0.57735026919,-0.57735026919));
#9093 = ORIENTED_EDGE('',*,*,#9094,.F.);
#9094 = EDGE_CURVE('',#9063,#9087,#9095,.T.);
#9095 = LINE('',#9096,#9097);
#9096 = CARTESIAN_POINT('',(0.16,-0.32,-3.));
#9097 = VECTOR('',#9098,1.);
#9098 = DIRECTION('',(0.,1.,0.));
#9099 = PLANE('',#9100);
#9100 = AXIS2_PLACEMENT_3D('',#9101,#9102,#9103);
#9101 = CARTESIAN_POINT('',(0.24,-0.32,-2.92));
#9102 = DIRECTION('',(-0.707106781187,1.735167508357E-18,0.707106781187)
  );
#9103 = DIRECTION('',(1.226948711654E-18,1.,-1.226948711654E-18));
#9104 = ADVANCED_FACE('',(#9105),#9123,.F.);
#9105 = FACE_BOUND('',#9106,.T.);
#9106 = EDGE_LOOP('',(#9107,#9115,#9116,#9117));
#9107 = ORIENTED_EDGE('',*,*,#9108,.F.);
#9108 = EDGE_CURVE('',#7766,#9109,#9111,.T.);
#9109 = VERTEX_POINT('',#9110);
#9110 = CARTESIAN_POINT('',(-0.16,0.16,-3.));
#9111 = LINE('',#9112,#9113);
#9112 = CARTESIAN_POINT('',(-0.16,0.16,-3.));
#9113 = VECTOR('',#9114,1.);
#9114 = DIRECTION('',(0.57735026919,-0.57735026919,-0.57735026919));
#9115 = ORIENTED_EDGE('',*,*,#7765,.T.);
#9116 = ORIENTED_EDGE('',*,*,#9086,.T.);
#9117 = ORIENTED_EDGE('',*,*,#9118,.F.);
#9118 = EDGE_CURVE('',#9109,#9087,#9119,.T.);
#9119 = LINE('',#9120,#9121);
#9120 = CARTESIAN_POINT('',(-0.32,0.16,-3.));
#9121 = VECTOR('',#9122,1.);
#9122 = DIRECTION('',(1.,0.,0.));
#9123 = PLANE('',#9124);
#9124 = AXIS2_PLACEMENT_3D('',#9125,#9126,#9127);
#9125 = CARTESIAN_POINT('',(-0.32,0.24,-2.92));
#9126 = DIRECTION('',(-1.735167508357E-18,-0.707106781187,0.707106781187
    ));
#9127 = DIRECTION('',(-1.,1.226948711654E-18,-1.226948711654E-18));
#9128 = ADVANCED_FACE('',(#9129),#9140,.T.);
#9129 = FACE_BOUND('',#9130,.T.);
#9130 = EDGE_LOOP('',(#9131,#9132,#9133,#9134));
#9131 = ORIENTED_EDGE('',*,*,#9053,.F.);
#9132 = ORIENTED_EDGE('',*,*,#7789,.T.);
#9133 = ORIENTED_EDGE('',*,*,#9108,.T.);
#9134 = ORIENTED_EDGE('',*,*,#9135,.F.);
#9135 = EDGE_CURVE('',#9054,#9109,#9136,.T.);
#9136 = LINE('',#9137,#9138);
#9137 = CARTESIAN_POINT('',(-0.16,-0.32,-3.));
#9138 = VECTOR('',#9139,1.);
#9139 = DIRECTION('',(0.,1.,0.));
#9140 = PLANE('',#9141);
#9141 = AXIS2_PLACEMENT_3D('',#9142,#9143,#9144);
#9142 = CARTESIAN_POINT('',(-0.24,-0.32,-2.92));
#9143 = DIRECTION('',(-0.707106781187,-1.735167508357E-18,
    -0.707106781187));
#9144 = DIRECTION('',(-1.226948711654E-18,1.,-1.226948711654E-18));
#9145 = ADVANCED_FACE('',(#9146),#9171,.T.);
#9146 = FACE_BOUND('',#9147,.F.);
#9147 = EDGE_LOOP('',(#9148,#9156,#9157,#9165));
#9148 = ORIENTED_EDGE('',*,*,#9149,.F.);
#9149 = EDGE_CURVE('',#7815,#9150,#9152,.T.);
#9150 = VERTEX_POINT('',#9151);
#9151 = CARTESIAN_POINT('',(-0.16,-12.54,8.54));
#9152 = LINE('',#9153,#9154);
#9153 = CARTESIAN_POINT('',(-0.16,-12.54,8.54));
#9154 = VECTOR('',#9155,1.);
#9155 = DIRECTION('',(0.57735026919,-0.57735026919,0.57735026919));
#9156 = ORIENTED_EDGE('',*,*,#7822,.T.);
#9157 = ORIENTED_EDGE('',*,*,#9158,.T.);
#9158 = EDGE_CURVE('',#7806,#9159,#9161,.T.);
#9159 = VERTEX_POINT('',#9160);
#9160 = CARTESIAN_POINT('',(0.16,-12.54,8.54));
#9161 = LINE('',#9162,#9163);
#9162 = CARTESIAN_POINT('',(5.333333333333E-02,-12.64666666666,
    8.646666666667));
#9163 = VECTOR('',#9164,1.);
#9164 = DIRECTION('',(-0.57735026919,-0.57735026919,0.57735026919));
#9165 = ORIENTED_EDGE('',*,*,#9166,.F.);
#9166 = EDGE_CURVE('',#9150,#9159,#9167,.T.);
#9167 = LINE('',#9168,#9169);
#9168 = CARTESIAN_POINT('',(-0.32,-12.54,8.54));
#9169 = VECTOR('',#9170,1.);
#9170 = DIRECTION('',(1.,0.,0.));
#9171 = PLANE('',#9172);
#9172 = AXIS2_PLACEMENT_3D('',#9173,#9174,#9175);
#9173 = CARTESIAN_POINT('',(-0.32,-12.46,8.46));
#9174 = DIRECTION('',(1.735167508357E-18,0.707106781187,0.707106781187)
  );
#9175 = DIRECTION('',(-1.,1.226948711654E-18,1.226948711654E-18));
#9176 = ADVANCED_FACE('',(#9177),#9195,.F.);
#9177 = FACE_BOUND('',#9178,.F.);
#9178 = EDGE_LOOP('',(#9179,#9187,#9188,#9189));
#9179 = ORIENTED_EDGE('',*,*,#9180,.F.);
#9180 = EDGE_CURVE('',#7837,#9181,#9183,.T.);
#9181 = VERTEX_POINT('',#9182);
#9182 = CARTESIAN_POINT('',(-0.16,-12.86,8.54));
#9183 = LINE('',#9184,#9185);
#9184 = CARTESIAN_POINT('',(-0.266666666667,-12.96666666666,
    8.433333333333));
#9185 = VECTOR('',#9186,1.);
#9186 = DIRECTION('',(0.57735026919,0.57735026919,0.57735026919));
#9187 = ORIENTED_EDGE('',*,*,#7846,.T.);
#9188 = ORIENTED_EDGE('',*,*,#9149,.T.);
#9189 = ORIENTED_EDGE('',*,*,#9190,.F.);
#9190 = EDGE_CURVE('',#9181,#9150,#9191,.T.);
#9191 = LINE('',#9192,#9193);
#9192 = CARTESIAN_POINT('',(-0.16,-13.02,8.54));
#9193 = VECTOR('',#9194,1.);
#9194 = DIRECTION('',(0.,1.,0.));
#9195 = PLANE('',#9196);
#9196 = AXIS2_PLACEMENT_3D('',#9197,#9198,#9199);
#9197 = CARTESIAN_POINT('',(-0.24,-13.02,8.46));
#9198 = DIRECTION('',(0.707106781187,1.735167508357E-18,-0.707106781187)
  );
#9199 = DIRECTION('',(-1.226948711654E-18,1.,1.226948711654E-18));
#9200 = ADVANCED_FACE('',(#9201),#9219,.F.);
#9201 = FACE_BOUND('',#9202,.T.);
#9202 = EDGE_LOOP('',(#9203,#9204,#9205,#9213));
#9203 = ORIENTED_EDGE('',*,*,#9180,.F.);
#9204 = ORIENTED_EDGE('',*,*,#7870,.T.);
#9205 = ORIENTED_EDGE('',*,*,#9206,.T.);
#9206 = EDGE_CURVE('',#7861,#9207,#9209,.T.);
#9207 = VERTEX_POINT('',#9208);
#9208 = CARTESIAN_POINT('',(0.16,-12.86,8.54));
#9209 = LINE('',#9210,#9211);
#9210 = CARTESIAN_POINT('',(0.16,-12.86,8.54));
#9211 = VECTOR('',#9212,1.);
#9212 = DIRECTION('',(-0.57735026919,0.57735026919,0.57735026919));
#9213 = ORIENTED_EDGE('',*,*,#9214,.F.);
#9214 = EDGE_CURVE('',#9181,#9207,#9215,.T.);
#9215 = LINE('',#9216,#9217);
#9216 = CARTESIAN_POINT('',(-0.32,-12.86,8.54));
#9217 = VECTOR('',#9218,1.);
#9218 = DIRECTION('',(1.,0.,0.));
#9219 = PLANE('',#9220);
#9220 = AXIS2_PLACEMENT_3D('',#9221,#9222,#9223);
#9221 = CARTESIAN_POINT('',(-0.32,-12.94,8.46));
#9222 = DIRECTION('',(-1.735167508357E-18,0.707106781187,-0.707106781187
    ));
#9223 = DIRECTION('',(-1.,-1.226948711654E-18,1.226948711654E-18));
#9224 = ADVANCED_FACE('',(#9225),#9236,.T.);
#9225 = FACE_BOUND('',#9226,.T.);
#9226 = EDGE_LOOP('',(#9227,#9228,#9229,#9230));
#9227 = ORIENTED_EDGE('',*,*,#9206,.F.);
#9228 = ORIENTED_EDGE('',*,*,#7887,.T.);
#9229 = ORIENTED_EDGE('',*,*,#9158,.T.);
#9230 = ORIENTED_EDGE('',*,*,#9231,.F.);
#9231 = EDGE_CURVE('',#9207,#9159,#9232,.T.);
#9232 = LINE('',#9233,#9234);
#9233 = CARTESIAN_POINT('',(0.16,-13.02,8.54));
#9234 = VECTOR('',#9235,1.);
#9235 = DIRECTION('',(0.,1.,0.));
#9236 = PLANE('',#9237);
#9237 = AXIS2_PLACEMENT_3D('',#9238,#9239,#9240);
#9238 = CARTESIAN_POINT('',(0.24,-13.02,8.46));
#9239 = DIRECTION('',(0.707106781187,-1.735167508357E-18,0.707106781187)
  );
#9240 = DIRECTION('',(1.226948711654E-18,1.,1.226948711654E-18));
#9241 = ADVANCED_FACE('',(#9242),#9267,.T.);
#9242 = FACE_BOUND('',#9243,.T.);
#9243 = EDGE_LOOP('',(#9244,#9252,#9253,#9261));
#9244 = ORIENTED_EDGE('',*,*,#9245,.F.);
#9245 = EDGE_CURVE('',#7902,#9246,#9248,.T.);
#9246 = VERTEX_POINT('',#9247);
#9247 = CARTESIAN_POINT('',(0.16,-15.4,8.54));
#9248 = LINE('',#9249,#9250);
#9249 = CARTESIAN_POINT('',(0.16,-15.4,8.54));
#9250 = VECTOR('',#9251,1.);
#9251 = DIRECTION('',(-0.57735026919,0.57735026919,0.57735026919));
#9252 = ORIENTED_EDGE('',*,*,#7918,.T.);
#9253 = ORIENTED_EDGE('',*,*,#9254,.T.);
#9254 = EDGE_CURVE('',#7911,#9255,#9257,.T.);
#9255 = VERTEX_POINT('',#9256);
#9256 = CARTESIAN_POINT('',(0.16,-15.08,8.54));
#9257 = LINE('',#9258,#9259);
#9258 = CARTESIAN_POINT('',(5.333333333333E-02,-15.18666666666,
    8.646666666667));
#9259 = VECTOR('',#9260,1.);
#9260 = DIRECTION('',(-0.57735026919,-0.57735026919,0.57735026919));
#9261 = ORIENTED_EDGE('',*,*,#9262,.F.);
#9262 = EDGE_CURVE('',#9246,#9255,#9263,.T.);
#9263 = LINE('',#9264,#9265);
#9264 = CARTESIAN_POINT('',(0.16,-15.56,8.54));
#9265 = VECTOR('',#9266,1.);
#9266 = DIRECTION('',(0.,1.,0.));
#9267 = PLANE('',#9268);
#9268 = AXIS2_PLACEMENT_3D('',#9269,#9270,#9271);
#9269 = CARTESIAN_POINT('',(0.24,-15.56,8.46));
#9270 = DIRECTION('',(0.707106781187,-1.735167508357E-18,0.707106781187)
  );
#9271 = DIRECTION('',(1.226948711654E-18,1.,1.226948711654E-18));
#9272 = ADVANCED_FACE('',(#9273),#9291,.T.);
#9273 = FACE_BOUND('',#9274,.F.);
#9274 = EDGE_LOOP('',(#9275,#9283,#9284,#9285));
#9275 = ORIENTED_EDGE('',*,*,#9276,.F.);
#9276 = EDGE_CURVE('',#7935,#9277,#9279,.T.);
#9277 = VERTEX_POINT('',#9278);
#9278 = CARTESIAN_POINT('',(-0.16,-15.08,8.54));
#9279 = LINE('',#9280,#9281);
#9280 = CARTESIAN_POINT('',(-0.16,-15.08,8.54));
#9281 = VECTOR('',#9282,1.);
#9282 = DIRECTION('',(0.57735026919,-0.57735026919,0.57735026919));
#9283 = ORIENTED_EDGE('',*,*,#7942,.T.);
#9284 = ORIENTED_EDGE('',*,*,#9254,.T.);
#9285 = ORIENTED_EDGE('',*,*,#9286,.F.);
#9286 = EDGE_CURVE('',#9277,#9255,#9287,.T.);
#9287 = LINE('',#9288,#9289);
#9288 = CARTESIAN_POINT('',(-0.32,-15.08,8.54));
#9289 = VECTOR('',#9290,1.);
#9290 = DIRECTION('',(1.,0.,0.));
#9291 = PLANE('',#9292);
#9292 = AXIS2_PLACEMENT_3D('',#9293,#9294,#9295);
#9293 = CARTESIAN_POINT('',(-0.32,-15.,8.46));
#9294 = DIRECTION('',(1.735167508357E-18,0.707106781187,0.707106781187)
  );
#9295 = DIRECTION('',(-1.,1.226948711654E-18,1.226948711654E-18));
#9296 = ADVANCED_FACE('',(#9297),#9315,.F.);
#9297 = FACE_BOUND('',#9298,.F.);
#9298 = EDGE_LOOP('',(#9299,#9307,#9308,#9309));
#9299 = ORIENTED_EDGE('',*,*,#9300,.F.);
#9300 = EDGE_CURVE('',#7957,#9301,#9303,.T.);
#9301 = VERTEX_POINT('',#9302);
#9302 = CARTESIAN_POINT('',(-0.16,-15.4,8.54));
#9303 = LINE('',#9304,#9305);
#9304 = CARTESIAN_POINT('',(-0.266666666667,-15.50666666666,
    8.433333333333));
#9305 = VECTOR('',#9306,1.);
#9306 = DIRECTION('',(0.57735026919,0.57735026919,0.57735026919));
#9307 = ORIENTED_EDGE('',*,*,#7966,.T.);
#9308 = ORIENTED_EDGE('',*,*,#9276,.T.);
#9309 = ORIENTED_EDGE('',*,*,#9310,.F.);
#9310 = EDGE_CURVE('',#9301,#9277,#9311,.T.);
#9311 = LINE('',#9312,#9313);
#9312 = CARTESIAN_POINT('',(-0.16,-15.56,8.54));
#9313 = VECTOR('',#9314,1.);
#9314 = DIRECTION('',(0.,1.,0.));
#9315 = PLANE('',#9316);
#9316 = AXIS2_PLACEMENT_3D('',#9317,#9318,#9319);
#9317 = CARTESIAN_POINT('',(-0.24,-15.56,8.46));
#9318 = DIRECTION('',(0.707106781187,1.735167508357E-18,-0.707106781187)
  );
#9319 = DIRECTION('',(-1.226948711654E-18,1.,1.226948711654E-18));
#9320 = ADVANCED_FACE('',(#9321),#9332,.F.);
#9321 = FACE_BOUND('',#9322,.T.);
#9322 = EDGE_LOOP('',(#9323,#9324,#9325,#9326));
#9323 = ORIENTED_EDGE('',*,*,#9300,.F.);
#9324 = ORIENTED_EDGE('',*,*,#7983,.T.);
#9325 = ORIENTED_EDGE('',*,*,#9245,.T.);
#9326 = ORIENTED_EDGE('',*,*,#9327,.F.);
#9327 = EDGE_CURVE('',#9301,#9246,#9328,.T.);
#9328 = LINE('',#9329,#9330);
#9329 = CARTESIAN_POINT('',(-0.32,-15.4,8.54));
#9330 = VECTOR('',#9331,1.);
#9331 = DIRECTION('',(1.,0.,0.));
#9332 = PLANE('',#9333);
#9333 = AXIS2_PLACEMENT_3D('',#9334,#9335,#9336);
#9334 = CARTESIAN_POINT('',(-0.32,-15.48,8.46));
#9335 = DIRECTION('',(-1.735167508357E-18,0.707106781187,-0.707106781187
    ));
#9336 = DIRECTION('',(-1.,-1.226948711654E-18,1.226948711654E-18));
#9337 = ADVANCED_FACE('',(#9338),#9363,.T.);
#9338 = FACE_BOUND('',#9339,.F.);
#9339 = EDGE_LOOP('',(#9340,#9348,#9349,#9357));
#9340 = ORIENTED_EDGE('',*,*,#9341,.F.);
#9341 = EDGE_CURVE('',#8007,#9342,#9344,.T.);
#9342 = VERTEX_POINT('',#9343);
#9343 = CARTESIAN_POINT('',(-0.16,-10.,8.54));
#9344 = LINE('',#9345,#9346);
#9345 = CARTESIAN_POINT('',(-0.16,-10.,8.54));
#9346 = VECTOR('',#9347,1.);
#9347 = DIRECTION('',(0.57735026919,-0.57735026919,0.57735026919));
#9348 = ORIENTED_EDGE('',*,*,#8014,.T.);
#9349 = ORIENTED_EDGE('',*,*,#9350,.T.);
#9350 = EDGE_CURVE('',#7998,#9351,#9353,.T.);
#9351 = VERTEX_POINT('',#9352);
#9352 = CARTESIAN_POINT('',(0.16,-10.,8.54));
#9353 = LINE('',#9354,#9355);
#9354 = CARTESIAN_POINT('',(5.333333333333E-02,-10.10666666666,
    8.646666666667));
#9355 = VECTOR('',#9356,1.);
#9356 = DIRECTION('',(-0.57735026919,-0.57735026919,0.57735026919));
#9357 = ORIENTED_EDGE('',*,*,#9358,.F.);
#9358 = EDGE_CURVE('',#9342,#9351,#9359,.T.);
#9359 = LINE('',#9360,#9361);
#9360 = CARTESIAN_POINT('',(-0.32,-10.,8.54));
#9361 = VECTOR('',#9362,1.);
#9362 = DIRECTION('',(1.,0.,0.));
#9363 = PLANE('',#9364);
#9364 = AXIS2_PLACEMENT_3D('',#9365,#9366,#9367);
#9365 = CARTESIAN_POINT('',(-0.32,-9.92,8.46));
#9366 = DIRECTION('',(1.735167508357E-18,0.707106781187,0.707106781187)
  );
#9367 = DIRECTION('',(-1.,1.226948711654E-18,1.226948711654E-18));
#9368 = ADVANCED_FACE('',(#9369),#9387,.F.);
#9369 = FACE_BOUND('',#9370,.F.);
#9370 = EDGE_LOOP('',(#9371,#9379,#9380,#9381));
#9371 = ORIENTED_EDGE('',*,*,#9372,.F.);
#9372 = EDGE_CURVE('',#8029,#9373,#9375,.T.);
#9373 = VERTEX_POINT('',#9374);
#9374 = CARTESIAN_POINT('',(-0.16,-10.32,8.54));
#9375 = LINE('',#9376,#9377);
#9376 = CARTESIAN_POINT('',(-0.266666666667,-10.42666666666,
    8.433333333333));
#9377 = VECTOR('',#9378,1.);
#9378 = DIRECTION('',(0.57735026919,0.57735026919,0.57735026919));
#9379 = ORIENTED_EDGE('',*,*,#8038,.T.);
#9380 = ORIENTED_EDGE('',*,*,#9341,.T.);
#9381 = ORIENTED_EDGE('',*,*,#9382,.F.);
#9382 = EDGE_CURVE('',#9373,#9342,#9383,.T.);
#9383 = LINE('',#9384,#9385);
#9384 = CARTESIAN_POINT('',(-0.16,-10.48,8.54));
#9385 = VECTOR('',#9386,1.);
#9386 = DIRECTION('',(0.,1.,0.));
#9387 = PLANE('',#9388);
#9388 = AXIS2_PLACEMENT_3D('',#9389,#9390,#9391);
#9389 = CARTESIAN_POINT('',(-0.24,-10.48,8.46));
#9390 = DIRECTION('',(0.707106781187,1.735167508357E-18,-0.707106781187)
  );
#9391 = DIRECTION('',(-1.226948711654E-18,1.,1.226948711654E-18));
#9392 = ADVANCED_FACE('',(#9393),#9411,.F.);
#9393 = FACE_BOUND('',#9394,.T.);
#9394 = EDGE_LOOP('',(#9395,#9396,#9397,#9405));
#9395 = ORIENTED_EDGE('',*,*,#9372,.F.);
#9396 = ORIENTED_EDGE('',*,*,#8062,.T.);
#9397 = ORIENTED_EDGE('',*,*,#9398,.T.);
#9398 = EDGE_CURVE('',#8053,#9399,#9401,.T.);
#9399 = VERTEX_POINT('',#9400);
#9400 = CARTESIAN_POINT('',(0.16,-10.32,8.54));
#9401 = LINE('',#9402,#9403);
#9402 = CARTESIAN_POINT('',(0.16,-10.32,8.54));
#9403 = VECTOR('',#9404,1.);
#9404 = DIRECTION('',(-0.57735026919,0.57735026919,0.57735026919));
#9405 = ORIENTED_EDGE('',*,*,#9406,.F.);
#9406 = EDGE_CURVE('',#9373,#9399,#9407,.T.);
#9407 = LINE('',#9408,#9409);
#9408 = CARTESIAN_POINT('',(-0.32,-10.32,8.54));
#9409 = VECTOR('',#9410,1.);
#9410 = DIRECTION('',(1.,0.,0.));
#9411 = PLANE('',#9412);
#9412 = AXIS2_PLACEMENT_3D('',#9413,#9414,#9415);
#9413 = CARTESIAN_POINT('',(-0.32,-10.4,8.46));
#9414 = DIRECTION('',(-1.735167508357E-18,0.707106781187,-0.707106781187
    ));
#9415 = DIRECTION('',(-1.,-1.226948711654E-18,1.226948711654E-18));
#9416 = ADVANCED_FACE('',(#9417),#9428,.T.);
#9417 = FACE_BOUND('',#9418,.T.);
#9418 = EDGE_LOOP('',(#9419,#9420,#9421,#9422));
#9419 = ORIENTED_EDGE('',*,*,#9398,.F.);
#9420 = ORIENTED_EDGE('',*,*,#8079,.T.);
#9421 = ORIENTED_EDGE('',*,*,#9350,.T.);
#9422 = ORIENTED_EDGE('',*,*,#9423,.F.);
#9423 = EDGE_CURVE('',#9399,#9351,#9424,.T.);
#9424 = LINE('',#9425,#9426);
#9425 = CARTESIAN_POINT('',(0.16,-10.48,8.54));
#9426 = VECTOR('',#9427,1.);
#9427 = DIRECTION('',(0.,1.,0.));
#9428 = PLANE('',#9429);
#9429 = AXIS2_PLACEMENT_3D('',#9430,#9431,#9432);
#9430 = CARTESIAN_POINT('',(0.24,-10.48,8.46));
#9431 = DIRECTION('',(0.707106781187,-1.735167508357E-18,0.707106781187)
  );
#9432 = DIRECTION('',(1.226948711654E-18,1.,1.226948711654E-18));
#9433 = ADVANCED_FACE('',(#9434),#9459,.T.);
#9434 = FACE_BOUND('',#9435,.T.);
#9435 = EDGE_LOOP('',(#9436,#9444,#9445,#9453));
#9436 = ORIENTED_EDGE('',*,*,#9437,.F.);
#9437 = EDGE_CURVE('',#8094,#9438,#9440,.T.);
#9438 = VERTEX_POINT('',#9439);
#9439 = CARTESIAN_POINT('',(0.16,-2.7,8.54));
#9440 = LINE('',#9441,#9442);
#9441 = CARTESIAN_POINT('',(0.16,-2.7,8.54));
#9442 = VECTOR('',#9443,1.);
#9443 = DIRECTION('',(-0.57735026919,0.57735026919,0.57735026919));
#9444 = ORIENTED_EDGE('',*,*,#8110,.T.);
#9445 = ORIENTED_EDGE('',*,*,#9446,.T.);
#9446 = EDGE_CURVE('',#8103,#9447,#9449,.T.);
#9447 = VERTEX_POINT('',#9448);
#9448 = CARTESIAN_POINT('',(0.16,-2.38,8.54));
#9449 = LINE('',#9450,#9451);
#9450 = CARTESIAN_POINT('',(5.333333333333E-02,-2.486666666667,
    8.646666666667));
#9451 = VECTOR('',#9452,1.);
#9452 = DIRECTION('',(-0.57735026919,-0.57735026919,0.57735026919));
#9453 = ORIENTED_EDGE('',*,*,#9454,.F.);
#9454 = EDGE_CURVE('',#9438,#9447,#9455,.T.);
#9455 = LINE('',#9456,#9457);
#9456 = CARTESIAN_POINT('',(0.16,-2.86,8.54));
#9457 = VECTOR('',#9458,1.);
#9458 = DIRECTION('',(0.,1.,0.));
#9459 = PLANE('',#9460);
#9460 = AXIS2_PLACEMENT_3D('',#9461,#9462,#9463);
#9461 = CARTESIAN_POINT('',(0.24,-2.86,8.46));
#9462 = DIRECTION('',(0.707106781187,-1.735167508357E-18,0.707106781187)
  );
#9463 = DIRECTION('',(1.226948711654E-18,1.,1.226948711654E-18));
#9464 = ADVANCED_FACE('',(#9465),#9483,.T.);
#9465 = FACE_BOUND('',#9466,.F.);
#9466 = EDGE_LOOP('',(#9467,#9475,#9476,#9477));
#9467 = ORIENTED_EDGE('',*,*,#9468,.F.);
#9468 = EDGE_CURVE('',#8127,#9469,#9471,.T.);
#9469 = VERTEX_POINT('',#9470);
#9470 = CARTESIAN_POINT('',(-0.16,-2.38,8.54));
#9471 = LINE('',#9472,#9473);
#9472 = CARTESIAN_POINT('',(-0.16,-2.38,8.54));
#9473 = VECTOR('',#9474,1.);
#9474 = DIRECTION('',(0.57735026919,-0.57735026919,0.57735026919));
#9475 = ORIENTED_EDGE('',*,*,#8134,.T.);
#9476 = ORIENTED_EDGE('',*,*,#9446,.T.);
#9477 = ORIENTED_EDGE('',*,*,#9478,.F.);
#9478 = EDGE_CURVE('',#9469,#9447,#9479,.T.);
#9479 = LINE('',#9480,#9481);
#9480 = CARTESIAN_POINT('',(-0.32,-2.38,8.54));
#9481 = VECTOR('',#9482,1.);
#9482 = DIRECTION('',(1.,0.,0.));
#9483 = PLANE('',#9484);
#9484 = AXIS2_PLACEMENT_3D('',#9485,#9486,#9487);
#9485 = CARTESIAN_POINT('',(-0.32,-2.3,8.46));
#9486 = DIRECTION('',(1.735167508357E-18,0.707106781187,0.707106781187)
  );
#9487 = DIRECTION('',(-1.,1.226948711654E-18,1.226948711654E-18));
#9488 = ADVANCED_FACE('',(#9489),#9507,.F.);
#9489 = FACE_BOUND('',#9490,.F.);
#9490 = EDGE_LOOP('',(#9491,#9499,#9500,#9501));
#9491 = ORIENTED_EDGE('',*,*,#9492,.F.);
#9492 = EDGE_CURVE('',#8149,#9493,#9495,.T.);
#9493 = VERTEX_POINT('',#9494);
#9494 = CARTESIAN_POINT('',(-0.16,-2.7,8.54));
#9495 = LINE('',#9496,#9497);
#9496 = CARTESIAN_POINT('',(-0.266666666667,-2.806666666667,
    8.433333333333));
#9497 = VECTOR('',#9498,1.);
#9498 = DIRECTION('',(0.57735026919,0.57735026919,0.57735026919));
#9499 = ORIENTED_EDGE('',*,*,#8158,.T.);
#9500 = ORIENTED_EDGE('',*,*,#9468,.T.);
#9501 = ORIENTED_EDGE('',*,*,#9502,.F.);
#9502 = EDGE_CURVE('',#9493,#9469,#9503,.T.);
#9503 = LINE('',#9504,#9505);
#9504 = CARTESIAN_POINT('',(-0.16,-2.86,8.54));
#9505 = VECTOR('',#9506,1.);
#9506 = DIRECTION('',(0.,1.,0.));
#9507 = PLANE('',#9508);
#9508 = AXIS2_PLACEMENT_3D('',#9509,#9510,#9511);
#9509 = CARTESIAN_POINT('',(-0.24,-2.86,8.46));
#9510 = DIRECTION('',(0.707106781187,1.735167508357E-18,-0.707106781187)
  );
#9511 = DIRECTION('',(-1.226948711654E-18,1.,1.226948711654E-18));
#9512 = ADVANCED_FACE('',(#9513),#9524,.F.);
#9513 = FACE_BOUND('',#9514,.T.);
#9514 = EDGE_LOOP('',(#9515,#9516,#9517,#9518));
#9515 = ORIENTED_EDGE('',*,*,#9492,.F.);
#9516 = ORIENTED_EDGE('',*,*,#8175,.T.);
#9517 = ORIENTED_EDGE('',*,*,#9437,.T.);
#9518 = ORIENTED_EDGE('',*,*,#9519,.F.);
#9519 = EDGE_CURVE('',#9493,#9438,#9520,.T.);
#9520 = LINE('',#9521,#9522);
#9521 = CARTESIAN_POINT('',(-0.32,-2.7,8.54));
#9522 = VECTOR('',#9523,1.);
#9523 = DIRECTION('',(1.,0.,0.));
#9524 = PLANE('',#9525);
#9525 = AXIS2_PLACEMENT_3D('',#9526,#9527,#9528);
#9526 = CARTESIAN_POINT('',(-0.32,-2.78,8.46));
#9527 = DIRECTION('',(-1.735167508357E-18,0.707106781187,-0.707106781187
    ));
#9528 = DIRECTION('',(-1.,-1.226948711654E-18,1.226948711654E-18));
#9529 = ADVANCED_FACE('',(#9530),#9555,.F.);
#9530 = FACE_BOUND('',#9531,.T.);
#9531 = EDGE_LOOP('',(#9532,#9540,#9541,#9549));
#9532 = ORIENTED_EDGE('',*,*,#9533,.F.);
#9533 = EDGE_CURVE('',#8199,#9534,#9536,.T.);
#9534 = VERTEX_POINT('',#9535);
#9535 = CARTESIAN_POINT('',(-0.16,-5.24,8.54));
#9536 = LINE('',#9537,#9538);
#9537 = CARTESIAN_POINT('',(-0.266666666667,-5.346666666667,
    8.433333333333));
#9538 = VECTOR('',#9539,1.);
#9539 = DIRECTION('',(0.57735026919,0.57735026919,0.57735026919));
#9540 = ORIENTED_EDGE('',*,*,#8206,.T.);
#9541 = ORIENTED_EDGE('',*,*,#9542,.T.);
#9542 = EDGE_CURVE('',#8190,#9543,#9545,.T.);
#9543 = VERTEX_POINT('',#9544);
#9544 = CARTESIAN_POINT('',(0.16,-5.24,8.54));
#9545 = LINE('',#9546,#9547);
#9546 = CARTESIAN_POINT('',(0.16,-5.24,8.54));
#9547 = VECTOR('',#9548,1.);
#9548 = DIRECTION('',(-0.57735026919,0.57735026919,0.57735026919));
#9549 = ORIENTED_EDGE('',*,*,#9550,.F.);
#9550 = EDGE_CURVE('',#9534,#9543,#9551,.T.);
#9551 = LINE('',#9552,#9553);
#9552 = CARTESIAN_POINT('',(-0.32,-5.24,8.54));
#9553 = VECTOR('',#9554,1.);
#9554 = DIRECTION('',(1.,0.,0.));
#9555 = PLANE('',#9556);
#9556 = AXIS2_PLACEMENT_3D('',#9557,#9558,#9559);
#9557 = CARTESIAN_POINT('',(-0.32,-5.32,8.46));
#9558 = DIRECTION('',(-1.735167508357E-18,0.707106781187,-0.707106781187
    ));
#9559 = DIRECTION('',(-1.,-1.226948711654E-18,1.226948711654E-18));
#9560 = ADVANCED_FACE('',(#9561),#9579,.T.);
#9561 = FACE_BOUND('',#9562,.T.);
#9562 = EDGE_LOOP('',(#9563,#9564,#9565,#9573));
#9563 = ORIENTED_EDGE('',*,*,#9542,.F.);
#9564 = ORIENTED_EDGE('',*,*,#8230,.T.);
#9565 = ORIENTED_EDGE('',*,*,#9566,.T.);
#9566 = EDGE_CURVE('',#8223,#9567,#9569,.T.);
#9567 = VERTEX_POINT('',#9568);
#9568 = CARTESIAN_POINT('',(0.16,-4.92,8.54));
#9569 = LINE('',#9570,#9571);
#9570 = CARTESIAN_POINT('',(5.333333333333E-02,-5.026666666667,
    8.646666666667));
#9571 = VECTOR('',#9572,1.);
#9572 = DIRECTION('',(-0.57735026919,-0.57735026919,0.57735026919));
#9573 = ORIENTED_EDGE('',*,*,#9574,.F.);
#9574 = EDGE_CURVE('',#9543,#9567,#9575,.T.);
#9575 = LINE('',#9576,#9577);
#9576 = CARTESIAN_POINT('',(0.16,-5.4,8.54));
#9577 = VECTOR('',#9578,1.);
#9578 = DIRECTION('',(0.,1.,0.));
#9579 = PLANE('',#9580);
#9580 = AXIS2_PLACEMENT_3D('',#9581,#9582,#9583);
#9581 = CARTESIAN_POINT('',(0.24,-5.4,8.46));
#9582 = DIRECTION('',(0.707106781187,-1.735167508357E-18,0.707106781187)
  );
#9583 = DIRECTION('',(1.226948711654E-18,1.,1.226948711654E-18));
#9584 = ADVANCED_FACE('',(#9585),#9603,.T.);
#9585 = FACE_BOUND('',#9586,.F.);
#9586 = EDGE_LOOP('',(#9587,#9595,#9596,#9597));
#9587 = ORIENTED_EDGE('',*,*,#9588,.F.);
#9588 = EDGE_CURVE('',#8247,#9589,#9591,.T.);
#9589 = VERTEX_POINT('',#9590);
#9590 = CARTESIAN_POINT('',(-0.16,-4.92,8.54));
#9591 = LINE('',#9592,#9593);
#9592 = CARTESIAN_POINT('',(-0.16,-4.92,8.54));
#9593 = VECTOR('',#9594,1.);
#9594 = DIRECTION('',(0.57735026919,-0.57735026919,0.57735026919));
#9595 = ORIENTED_EDGE('',*,*,#8254,.T.);
#9596 = ORIENTED_EDGE('',*,*,#9566,.T.);
#9597 = ORIENTED_EDGE('',*,*,#9598,.F.);
#9598 = EDGE_CURVE('',#9589,#9567,#9599,.T.);
#9599 = LINE('',#9600,#9601);
#9600 = CARTESIAN_POINT('',(-0.32,-4.92,8.54));
#9601 = VECTOR('',#9602,1.);
#9602 = DIRECTION('',(1.,0.,0.));
#9603 = PLANE('',#9604);
#9604 = AXIS2_PLACEMENT_3D('',#9605,#9606,#9607);
#9605 = CARTESIAN_POINT('',(-0.32,-4.84,8.46));
#9606 = DIRECTION('',(1.735167508357E-18,0.707106781187,0.707106781187)
  );
#9607 = DIRECTION('',(-1.,1.226948711654E-18,1.226948711654E-18));
#9608 = ADVANCED_FACE('',(#9609),#9620,.F.);
#9609 = FACE_BOUND('',#9610,.F.);
#9610 = EDGE_LOOP('',(#9611,#9612,#9613,#9614));
#9611 = ORIENTED_EDGE('',*,*,#9533,.F.);
#9612 = ORIENTED_EDGE('',*,*,#8271,.T.);
#9613 = ORIENTED_EDGE('',*,*,#9588,.T.);
#9614 = ORIENTED_EDGE('',*,*,#9615,.F.);
#9615 = EDGE_CURVE('',#9534,#9589,#9616,.T.);
#9616 = LINE('',#9617,#9618);
#9617 = CARTESIAN_POINT('',(-0.16,-5.4,8.54));
#9618 = VECTOR('',#9619,1.);
#9619 = DIRECTION('',(0.,1.,0.));
#9620 = PLANE('',#9621);
#9621 = AXIS2_PLACEMENT_3D('',#9622,#9623,#9624);
#9622 = CARTESIAN_POINT('',(-0.24,-5.4,8.46));
#9623 = DIRECTION('',(0.707106781187,1.735167508357E-18,-0.707106781187)
  );
#9624 = DIRECTION('',(-1.226948711654E-18,1.,1.226948711654E-18));
#9625 = ADVANCED_FACE('',(#9626),#9651,.T.);
#9626 = FACE_BOUND('',#9627,.T.);
#9627 = EDGE_LOOP('',(#9628,#9636,#9637,#9645));
#9628 = ORIENTED_EDGE('',*,*,#9629,.F.);
#9629 = EDGE_CURVE('',#8286,#9630,#9632,.T.);
#9630 = VERTEX_POINT('',#9631);
#9631 = CARTESIAN_POINT('',(0.16,-7.78,8.54));
#9632 = LINE('',#9633,#9634);
#9633 = CARTESIAN_POINT('',(0.16,-7.78,8.54));
#9634 = VECTOR('',#9635,1.);
#9635 = DIRECTION('',(-0.57735026919,0.57735026919,0.57735026919));
#9636 = ORIENTED_EDGE('',*,*,#8302,.T.);
#9637 = ORIENTED_EDGE('',*,*,#9638,.T.);
#9638 = EDGE_CURVE('',#8295,#9639,#9641,.T.);
#9639 = VERTEX_POINT('',#9640);
#9640 = CARTESIAN_POINT('',(0.16,-7.46,8.54));
#9641 = LINE('',#9642,#9643);
#9642 = CARTESIAN_POINT('',(5.333333333333E-02,-7.566666666667,
    8.646666666667));
#9643 = VECTOR('',#9644,1.);
#9644 = DIRECTION('',(-0.57735026919,-0.57735026919,0.57735026919));
#9645 = ORIENTED_EDGE('',*,*,#9646,.F.);
#9646 = EDGE_CURVE('',#9630,#9639,#9647,.T.);
#9647 = LINE('',#9648,#9649);
#9648 = CARTESIAN_POINT('',(0.16,-7.94,8.54));
#9649 = VECTOR('',#9650,1.);
#9650 = DIRECTION('',(0.,1.,0.));
#9651 = PLANE('',#9652);
#9652 = AXIS2_PLACEMENT_3D('',#9653,#9654,#9655);
#9653 = CARTESIAN_POINT('',(0.24,-7.94,8.46));
#9654 = DIRECTION('',(0.707106781187,-1.735167508357E-18,0.707106781187)
  );
#9655 = DIRECTION('',(1.226948711654E-18,1.,1.226948711654E-18));
#9656 = ADVANCED_FACE('',(#9657),#9675,.T.);
#9657 = FACE_BOUND('',#9658,.F.);
#9658 = EDGE_LOOP('',(#9659,#9667,#9668,#9669));
#9659 = ORIENTED_EDGE('',*,*,#9660,.F.);
#9660 = EDGE_CURVE('',#8319,#9661,#9663,.T.);
#9661 = VERTEX_POINT('',#9662);
#9662 = CARTESIAN_POINT('',(-0.16,-7.46,8.54));
#9663 = LINE('',#9664,#9665);
#9664 = CARTESIAN_POINT('',(-0.16,-7.46,8.54));
#9665 = VECTOR('',#9666,1.);
#9666 = DIRECTION('',(0.57735026919,-0.57735026919,0.57735026919));
#9667 = ORIENTED_EDGE('',*,*,#8326,.T.);
#9668 = ORIENTED_EDGE('',*,*,#9638,.T.);
#9669 = ORIENTED_EDGE('',*,*,#9670,.F.);
#9670 = EDGE_CURVE('',#9661,#9639,#9671,.T.);
#9671 = LINE('',#9672,#9673);
#9672 = CARTESIAN_POINT('',(-0.32,-7.46,8.54));
#9673 = VECTOR('',#9674,1.);
#9674 = DIRECTION('',(1.,0.,0.));
#9675 = PLANE('',#9676);
#9676 = AXIS2_PLACEMENT_3D('',#9677,#9678,#9679);
#9677 = CARTESIAN_POINT('',(-0.32,-7.38,8.46));
#9678 = DIRECTION('',(1.735167508357E-18,0.707106781187,0.707106781187)
  );
#9679 = DIRECTION('',(-1.,1.226948711654E-18,1.226948711654E-18));
#9680 = ADVANCED_FACE('',(#9681),#9699,.F.);
#9681 = FACE_BOUND('',#9682,.F.);
#9682 = EDGE_LOOP('',(#9683,#9691,#9692,#9693));
#9683 = ORIENTED_EDGE('',*,*,#9684,.F.);
#9684 = EDGE_CURVE('',#8341,#9685,#9687,.T.);
#9685 = VERTEX_POINT('',#9686);
#9686 = CARTESIAN_POINT('',(-0.16,-7.78,8.54));
#9687 = LINE('',#9688,#9689);
#9688 = CARTESIAN_POINT('',(-0.266666666667,-7.886666666667,
    8.433333333333));
#9689 = VECTOR('',#9690,1.);
#9690 = DIRECTION('',(0.57735026919,0.57735026919,0.57735026919));
#9691 = ORIENTED_EDGE('',*,*,#8350,.T.);
#9692 = ORIENTED_EDGE('',*,*,#9660,.T.);
#9693 = ORIENTED_EDGE('',*,*,#9694,.F.);
#9694 = EDGE_CURVE('',#9685,#9661,#9695,.T.);
#9695 = LINE('',#9696,#9697);
#9696 = CARTESIAN_POINT('',(-0.16,-7.94,8.54));
#9697 = VECTOR('',#9698,1.);
#9698 = DIRECTION('',(0.,1.,0.));
#9699 = PLANE('',#9700);
#9700 = AXIS2_PLACEMENT_3D('',#9701,#9702,#9703);
#9701 = CARTESIAN_POINT('',(-0.24,-7.94,8.46));
#9702 = DIRECTION('',(0.707106781187,1.735167508357E-18,-0.707106781187)
  );
#9703 = DIRECTION('',(-1.226948711654E-18,1.,1.226948711654E-18));
#9704 = ADVANCED_FACE('',(#9705),#9716,.F.);
#9705 = FACE_BOUND('',#9706,.T.);
#9706 = EDGE_LOOP('',(#9707,#9708,#9709,#9710));
#9707 = ORIENTED_EDGE('',*,*,#9684,.F.);
#9708 = ORIENTED_EDGE('',*,*,#8367,.T.);
#9709 = ORIENTED_EDGE('',*,*,#9629,.T.);
#9710 = ORIENTED_EDGE('',*,*,#9711,.F.);
#9711 = EDGE_CURVE('',#9685,#9630,#9712,.T.);
#9712 = LINE('',#9713,#9714);
#9713 = CARTESIAN_POINT('',(-0.32,-7.78,8.54));
#9714 = VECTOR('',#9715,1.);
#9715 = DIRECTION('',(1.,0.,0.));
#9716 = PLANE('',#9717);
#9717 = AXIS2_PLACEMENT_3D('',#9718,#9719,#9720);
#9718 = CARTESIAN_POINT('',(-0.32,-7.86,8.46));
#9719 = DIRECTION('',(-1.735167508357E-18,0.707106781187,-0.707106781187
    ));
#9720 = DIRECTION('',(-1.,-1.226948711654E-18,1.226948711654E-18));
#9721 = ADVANCED_FACE('',(#9722),#9747,.F.);
#9722 = FACE_BOUND('',#9723,.T.);
#9723 = EDGE_LOOP('',(#9724,#9732,#9733,#9741));
#9724 = ORIENTED_EDGE('',*,*,#9725,.F.);
#9725 = EDGE_CURVE('',#8391,#9726,#9728,.T.);
#9726 = VERTEX_POINT('',#9727);
#9727 = CARTESIAN_POINT('',(-0.16,-0.16,8.54));
#9728 = LINE('',#9729,#9730);
#9729 = CARTESIAN_POINT('',(-0.266666666667,-0.266666666667,
    8.433333333333));
#9730 = VECTOR('',#9731,1.);
#9731 = DIRECTION('',(0.57735026919,0.57735026919,0.57735026919));
#9732 = ORIENTED_EDGE('',*,*,#8398,.T.);
#9733 = ORIENTED_EDGE('',*,*,#9734,.T.);
#9734 = EDGE_CURVE('',#8382,#9735,#9737,.T.);
#9735 = VERTEX_POINT('',#9736);
#9736 = CARTESIAN_POINT('',(0.16,-0.16,8.54));
#9737 = LINE('',#9738,#9739);
#9738 = CARTESIAN_POINT('',(0.16,-0.16,8.54));
#9739 = VECTOR('',#9740,1.);
#9740 = DIRECTION('',(-0.57735026919,0.57735026919,0.57735026919));
#9741 = ORIENTED_EDGE('',*,*,#9742,.F.);
#9742 = EDGE_CURVE('',#9726,#9735,#9743,.T.);
#9743 = LINE('',#9744,#9745);
#9744 = CARTESIAN_POINT('',(-0.32,-0.16,8.54));
#9745 = VECTOR('',#9746,1.);
#9746 = DIRECTION('',(1.,0.,0.));
#9747 = PLANE('',#9748);
#9748 = AXIS2_PLACEMENT_3D('',#9749,#9750,#9751);
#9749 = CARTESIAN_POINT('',(-0.32,-0.24,8.46));
#9750 = DIRECTION('',(-1.735167508357E-18,0.707106781187,-0.707106781187
    ));
#9751 = DIRECTION('',(-1.,-1.226948711654E-18,1.226948711654E-18));
#9752 = ADVANCED_FACE('',(#9753),#9771,.T.);
#9753 = FACE_BOUND('',#9754,.T.);
#9754 = EDGE_LOOP('',(#9755,#9756,#9757,#9765));
#9755 = ORIENTED_EDGE('',*,*,#9734,.F.);
#9756 = ORIENTED_EDGE('',*,*,#8422,.T.);
#9757 = ORIENTED_EDGE('',*,*,#9758,.T.);
#9758 = EDGE_CURVE('',#8415,#9759,#9761,.T.);
#9759 = VERTEX_POINT('',#9760);
#9760 = CARTESIAN_POINT('',(0.16,0.16,8.54));
#9761 = LINE('',#9762,#9763);
#9762 = CARTESIAN_POINT('',(5.333333333333E-02,5.333333333333E-02,
    8.646666666667));
#9763 = VECTOR('',#9764,1.);
#9764 = DIRECTION('',(-0.57735026919,-0.57735026919,0.57735026919));
#9765 = ORIENTED_EDGE('',*,*,#9766,.F.);
#9766 = EDGE_CURVE('',#9735,#9759,#9767,.T.);
#9767 = LINE('',#9768,#9769);
#9768 = CARTESIAN_POINT('',(0.16,-0.32,8.54));
#9769 = VECTOR('',#9770,1.);
#9770 = DIRECTION('',(0.,1.,0.));
#9771 = PLANE('',#9772);
#9772 = AXIS2_PLACEMENT_3D('',#9773,#9774,#9775);
#9773 = CARTESIAN_POINT('',(0.24,-0.32,8.46));
#9774 = DIRECTION('',(0.707106781187,-1.735167508357E-18,0.707106781187)
  );
#9775 = DIRECTION('',(1.226948711654E-18,1.,1.226948711654E-18));
#9776 = ADVANCED_FACE('',(#9777),#9795,.T.);
#9777 = FACE_BOUND('',#9778,.F.);
#9778 = EDGE_LOOP('',(#9779,#9787,#9788,#9789));
#9779 = ORIENTED_EDGE('',*,*,#9780,.F.);
#9780 = EDGE_CURVE('',#8439,#9781,#9783,.T.);
#9781 = VERTEX_POINT('',#9782);
#9782 = CARTESIAN_POINT('',(-0.16,0.16,8.54));
#9783 = LINE('',#9784,#9785);
#9784 = CARTESIAN_POINT('',(-0.16,0.16,8.54));
#9785 = VECTOR('',#9786,1.);
#9786 = DIRECTION('',(0.57735026919,-0.57735026919,0.57735026919));
#9787 = ORIENTED_EDGE('',*,*,#8446,.T.);
#9788 = ORIENTED_EDGE('',*,*,#9758,.T.);
#9789 = ORIENTED_EDGE('',*,*,#9790,.F.);
#9790 = EDGE_CURVE('',#9781,#9759,#9791,.T.);
#9791 = LINE('',#9792,#9793);
#9792 = CARTESIAN_POINT('',(-0.32,0.16,8.54));
#9793 = VECTOR('',#9794,1.);
#9794 = DIRECTION('',(1.,0.,0.));
#9795 = PLANE('',#9796);
#9796 = AXIS2_PLACEMENT_3D('',#9797,#9798,#9799);
#9797 = CARTESIAN_POINT('',(-0.32,0.24,8.46));
#9798 = DIRECTION('',(1.735167508357E-18,0.707106781187,0.707106781187)
  );
#9799 = DIRECTION('',(-1.,1.226948711654E-18,1.226948711654E-18));
#9800 = ADVANCED_FACE('',(#9801),#9812,.F.);
#9801 = FACE_BOUND('',#9802,.F.);
#9802 = EDGE_LOOP('',(#9803,#9804,#9805,#9806));
#9803 = ORIENTED_EDGE('',*,*,#9725,.F.);
#9804 = ORIENTED_EDGE('',*,*,#8463,.T.);
#9805 = ORIENTED_EDGE('',*,*,#9780,.T.);
#9806 = ORIENTED_EDGE('',*,*,#9807,.F.);
#9807 = EDGE_CURVE('',#9726,#9781,#9808,.T.);
#9808 = LINE('',#9809,#9810);
#9809 = CARTESIAN_POINT('',(-0.16,-0.32,8.54));
#9810 = VECTOR('',#9811,1.);
#9811 = DIRECTION('',(0.,1.,0.));
#9812 = PLANE('',#9813);
#9813 = AXIS2_PLACEMENT_3D('',#9814,#9815,#9816);
#9814 = CARTESIAN_POINT('',(-0.24,-0.32,8.46));
#9815 = DIRECTION('',(0.707106781187,1.735167508357E-18,-0.707106781187)
  );
#9816 = DIRECTION('',(-1.226948711654E-18,1.,1.226948711654E-18));
#9817 = ADVANCED_FACE('',(#9818),#9824,.F.);
#9818 = FACE_BOUND('',#9819,.F.);
#9819 = EDGE_LOOP('',(#9820,#9821,#9822,#9823));
#9820 = ORIENTED_EDGE('',*,*,#8518,.F.);
#9821 = ORIENTED_EDGE('',*,*,#8542,.T.);
#9822 = ORIENTED_EDGE('',*,*,#8559,.T.);
#9823 = ORIENTED_EDGE('',*,*,#8494,.F.);
#9824 = PLANE('',#9825);
#9825 = AXIS2_PLACEMENT_3D('',#9826,#9827,#9828);
#9826 = CARTESIAN_POINT('',(-0.32,-13.02,-3.));
#9827 = DIRECTION('',(0.,0.,1.));
#9828 = DIRECTION('',(1.,0.,-0.));
#9829 = ADVANCED_FACE('',(#9830),#9836,.F.);
#9830 = FACE_BOUND('',#9831,.F.);
#9831 = EDGE_LOOP('',(#9832,#9833,#9834,#9835));
#9832 = ORIENTED_EDGE('',*,*,#8638,.F.);
#9833 = ORIENTED_EDGE('',*,*,#8655,.T.);
#9834 = ORIENTED_EDGE('',*,*,#8590,.T.);
#9835 = ORIENTED_EDGE('',*,*,#8614,.F.);
#9836 = PLANE('',#9837);
#9837 = AXIS2_PLACEMENT_3D('',#9838,#9839,#9840);
#9838 = CARTESIAN_POINT('',(-0.32,-15.56,-3.));
#9839 = DIRECTION('',(0.,0.,1.));
#9840 = DIRECTION('',(1.,0.,-0.));
#9841 = ADVANCED_FACE('',(#9842),#9848,.F.);
#9842 = FACE_BOUND('',#9843,.F.);
#9843 = EDGE_LOOP('',(#9844,#9845,#9846,#9847));
#9844 = ORIENTED_EDGE('',*,*,#8710,.F.);
#9845 = ORIENTED_EDGE('',*,*,#8734,.T.);
#9846 = ORIENTED_EDGE('',*,*,#8751,.T.);
#9847 = ORIENTED_EDGE('',*,*,#8686,.F.);
#9848 = PLANE('',#9849);
#9849 = AXIS2_PLACEMENT_3D('',#9850,#9851,#9852);
#9850 = CARTESIAN_POINT('',(-0.32,-10.48,-3.));
#9851 = DIRECTION('',(0.,0.,1.));
#9852 = DIRECTION('',(1.,0.,-0.));
#9853 = ADVANCED_FACE('',(#9854),#9860,.F.);
#9854 = FACE_BOUND('',#9855,.F.);
#9855 = EDGE_LOOP('',(#9856,#9857,#9858,#9859));
#9856 = ORIENTED_EDGE('',*,*,#8830,.F.);
#9857 = ORIENTED_EDGE('',*,*,#8847,.T.);
#9858 = ORIENTED_EDGE('',*,*,#8782,.T.);
#9859 = ORIENTED_EDGE('',*,*,#8806,.F.);
#9860 = PLANE('',#9861);
#9861 = AXIS2_PLACEMENT_3D('',#9862,#9863,#9864);
#9862 = CARTESIAN_POINT('',(-0.32,-2.86,-3.));
#9863 = DIRECTION('',(0.,0.,1.));
#9864 = DIRECTION('',(1.,0.,-0.));
#9865 = ADVANCED_FACE('',(#9866),#9872,.F.);
#9866 = FACE_BOUND('',#9867,.F.);
#9867 = EDGE_LOOP('',(#9868,#9869,#9870,#9871));
#9868 = ORIENTED_EDGE('',*,*,#8943,.F.);
#9869 = ORIENTED_EDGE('',*,*,#8878,.T.);
#9870 = ORIENTED_EDGE('',*,*,#8902,.T.);
#9871 = ORIENTED_EDGE('',*,*,#8926,.F.);
#9872 = PLANE('',#9873);
#9873 = AXIS2_PLACEMENT_3D('',#9874,#9875,#9876);
#9874 = CARTESIAN_POINT('',(-0.32,-5.4,-3.));
#9875 = DIRECTION('',(0.,0.,1.));
#9876 = DIRECTION('',(1.,0.,-0.));
#9877 = ADVANCED_FACE('',(#9878),#9884,.F.);
#9878 = FACE_BOUND('',#9879,.F.);
#9879 = EDGE_LOOP('',(#9880,#9881,#9882,#9883));
#9880 = ORIENTED_EDGE('',*,*,#9022,.F.);
#9881 = ORIENTED_EDGE('',*,*,#9039,.T.);
#9882 = ORIENTED_EDGE('',*,*,#8974,.T.);
#9883 = ORIENTED_EDGE('',*,*,#8998,.F.);
#9884 = PLANE('',#9885);
#9885 = AXIS2_PLACEMENT_3D('',#9886,#9887,#9888);
#9886 = CARTESIAN_POINT('',(-0.32,-7.94,-3.));
#9887 = DIRECTION('',(0.,0.,1.));
#9888 = DIRECTION('',(1.,0.,-0.));
#9889 = ADVANCED_FACE('',(#9890),#9896,.F.);
#9890 = FACE_BOUND('',#9891,.F.);
#9891 = EDGE_LOOP('',(#9892,#9893,#9894,#9895));
#9892 = ORIENTED_EDGE('',*,*,#9135,.F.);
#9893 = ORIENTED_EDGE('',*,*,#9070,.T.);
#9894 = ORIENTED_EDGE('',*,*,#9094,.T.);
#9895 = ORIENTED_EDGE('',*,*,#9118,.F.);
#9896 = PLANE('',#9897);
#9897 = AXIS2_PLACEMENT_3D('',#9898,#9899,#9900);
#9898 = CARTESIAN_POINT('',(-0.32,-0.32,-3.));
#9899 = DIRECTION('',(0.,0.,1.));
#9900 = DIRECTION('',(1.,0.,-0.));
#9901 = ADVANCED_FACE('',(#9902),#9908,.T.);
#9902 = FACE_BOUND('',#9903,.T.);
#9903 = EDGE_LOOP('',(#9904,#9905,#9906,#9907));
#9904 = ORIENTED_EDGE('',*,*,#9166,.F.);
#9905 = ORIENTED_EDGE('',*,*,#9190,.F.);
#9906 = ORIENTED_EDGE('',*,*,#9214,.T.);
#9907 = ORIENTED_EDGE('',*,*,#9231,.T.);
#9908 = PLANE('',#9909);
#9909 = AXIS2_PLACEMENT_3D('',#9910,#9911,#9912);
#9910 = CARTESIAN_POINT('',(-0.32,-13.02,8.54));
#9911 = DIRECTION('',(0.,0.,1.));
#9912 = DIRECTION('',(1.,0.,-0.));
#9913 = ADVANCED_FACE('',(#9914),#9920,.T.);
#9914 = FACE_BOUND('',#9915,.T.);
#9915 = EDGE_LOOP('',(#9916,#9917,#9918,#9919));
#9916 = ORIENTED_EDGE('',*,*,#9286,.F.);
#9917 = ORIENTED_EDGE('',*,*,#9310,.F.);
#9918 = ORIENTED_EDGE('',*,*,#9327,.T.);
#9919 = ORIENTED_EDGE('',*,*,#9262,.T.);
#9920 = PLANE('',#9921);
#9921 = AXIS2_PLACEMENT_3D('',#9922,#9923,#9924);
#9922 = CARTESIAN_POINT('',(-0.32,-15.56,8.54));
#9923 = DIRECTION('',(0.,0.,1.));
#9924 = DIRECTION('',(1.,0.,-0.));
#9925 = ADVANCED_FACE('',(#9926),#9932,.T.);
#9926 = FACE_BOUND('',#9927,.T.);
#9927 = EDGE_LOOP('',(#9928,#9929,#9930,#9931));
#9928 = ORIENTED_EDGE('',*,*,#9358,.F.);
#9929 = ORIENTED_EDGE('',*,*,#9382,.F.);
#9930 = ORIENTED_EDGE('',*,*,#9406,.T.);
#9931 = ORIENTED_EDGE('',*,*,#9423,.T.);
#9932 = PLANE('',#9933);
#9933 = AXIS2_PLACEMENT_3D('',#9934,#9935,#9936);
#9934 = CARTESIAN_POINT('',(-0.32,-10.48,8.54));
#9935 = DIRECTION('',(0.,0.,1.));
#9936 = DIRECTION('',(1.,0.,-0.));
#9937 = ADVANCED_FACE('',(#9938),#9944,.T.);
#9938 = FACE_BOUND('',#9939,.T.);
#9939 = EDGE_LOOP('',(#9940,#9941,#9942,#9943));
#9940 = ORIENTED_EDGE('',*,*,#9478,.F.);
#9941 = ORIENTED_EDGE('',*,*,#9502,.F.);
#9942 = ORIENTED_EDGE('',*,*,#9519,.T.);
#9943 = ORIENTED_EDGE('',*,*,#9454,.T.);
#9944 = PLANE('',#9945);
#9945 = AXIS2_PLACEMENT_3D('',#9946,#9947,#9948);
#9946 = CARTESIAN_POINT('',(-0.32,-2.86,8.54));
#9947 = DIRECTION('',(0.,0.,1.));
#9948 = DIRECTION('',(1.,0.,-0.));
#9949 = ADVANCED_FACE('',(#9950),#9956,.T.);
#9950 = FACE_BOUND('',#9951,.T.);
#9951 = EDGE_LOOP('',(#9952,#9953,#9954,#9955));
#9952 = ORIENTED_EDGE('',*,*,#9598,.F.);
#9953 = ORIENTED_EDGE('',*,*,#9615,.F.);
#9954 = ORIENTED_EDGE('',*,*,#9550,.T.);
#9955 = ORIENTED_EDGE('',*,*,#9574,.T.);
#9956 = PLANE('',#9957);
#9957 = AXIS2_PLACEMENT_3D('',#9958,#9959,#9960);
#9958 = CARTESIAN_POINT('',(-0.32,-5.4,8.54));
#9959 = DIRECTION('',(0.,0.,1.));
#9960 = DIRECTION('',(1.,0.,-0.));
#9961 = ADVANCED_FACE('',(#9962),#9968,.T.);
#9962 = FACE_BOUND('',#9963,.T.);
#9963 = EDGE_LOOP('',(#9964,#9965,#9966,#9967));
#9964 = ORIENTED_EDGE('',*,*,#9670,.F.);
#9965 = ORIENTED_EDGE('',*,*,#9694,.F.);
#9966 = ORIENTED_EDGE('',*,*,#9711,.T.);
#9967 = ORIENTED_EDGE('',*,*,#9646,.T.);
#9968 = PLANE('',#9969);
#9969 = AXIS2_PLACEMENT_3D('',#9970,#9971,#9972);
#9970 = CARTESIAN_POINT('',(-0.32,-7.94,8.54));
#9971 = DIRECTION('',(0.,0.,1.));
#9972 = DIRECTION('',(1.,0.,-0.));
#9973 = ADVANCED_FACE('',(#9974),#9980,.T.);
#9974 = FACE_BOUND('',#9975,.T.);
#9975 = EDGE_LOOP('',(#9976,#9977,#9978,#9979));
#9976 = ORIENTED_EDGE('',*,*,#9790,.F.);
#9977 = ORIENTED_EDGE('',*,*,#9807,.F.);
#9978 = ORIENTED_EDGE('',*,*,#9742,.T.);
#9979 = ORIENTED_EDGE('',*,*,#9766,.T.);
#9980 = PLANE('',#9981);
#9981 = AXIS2_PLACEMENT_3D('',#9982,#9983,#9984);
#9982 = CARTESIAN_POINT('',(-0.32,-0.32,8.54));
#9983 = DIRECTION('',(0.,0.,1.));
#9984 = DIRECTION('',(1.,0.,-0.));
#9985 = ( GEOMETRIC_REPRESENTATION_CONTEXT(3) 
GLOBAL_UNCERTAINTY_ASSIGNED_CONTEXT((#9989)) 
GLOBAL_UNIT_ASSIGNED_CONTEXT((#9986,#9987,#9988)) REPRESENTATION_CONTEXT
('Context #1','3D Context with UNIT and UNCERTAINTY') );
#9986 = ( LENGTH_UNIT() NAMED_UNIT(*) SI_UNIT(.MILLI.,.METRE.) );
#9987 = ( NAMED_UNIT(*) PLANE_ANGLE_UNIT() SI_UNIT($,.RADIAN.) );
#9988 = ( NAMED_UNIT(*) SI_UNIT($,.STERADIAN.) SOLID_ANGLE_UNIT() );
#9989 = UNCERTAINTY_MEASURE_WITH_UNIT(LENGTH_MEASURE(1.E-07),#9986,
  'distance_accuracy_value','confusion accuracy');
#9990 = CONTEXT_DEPENDENT_SHAPE_REPRESENTATION(#9991,#9993);
#9991 = ( REPRESENTATION_RELATIONSHIP('','',#5182,#10) 
REPRESENTATION_RELATIONSHIP_WITH_TRANSFORMATION(#9992) 
SHAPE_REPRESENTATION_RELATIONSHIP() );
#9992 = ITEM_DEFINED_TRANSFORMATION('','',#11,#39);
#9993 = PRODUCT_DEFINITION_SHAPE('Placement','Placement of an item',
  #9994);
#9994 = NEXT_ASSEMBLY_USAGE_OCCURRENCE('7','J7','',#5,#5177,$);
#9995 = PRODUCT_RELATED_PRODUCT_CATEGORY('part',$,(#5179));
#9996 = CONTEXT_DEPENDENT_SHAPE_REPRESENTATION(#9997,#9999);
#9997 = ( REPRESENTATION_RELATIONSHIP('','',#72,#10) 
REPRESENTATION_RELATIONSHIP_WITH_TRANSFORMATION(#9998) 
SHAPE_REPRESENTATION_RELATIONSHIP() );
#9998 = ITEM_DEFINED_TRANSFORMATION('','',#11,#43);
#9999 = PRODUCT_DEFINITION_SHAPE('Placement','Placement of an item',
  #10000);
#10000 = NEXT_ASSEMBLY_USAGE_OCCURRENCE('8','J1','',#5,#67,$);
#10001 = CONTEXT_DEPENDENT_SHAPE_REPRESENTATION(#10002,#10004);
#10002 = ( REPRESENTATION_RELATIONSHIP('','',#5182,#10) 
REPRESENTATION_RELATIONSHIP_WITH_TRANSFORMATION(#10003) 
SHAPE_REPRESENTATION_RELATIONSHIP() );
#10003 = ITEM_DEFINED_TRANSFORMATION('','',#11,#47);
#10004 = PRODUCT_DEFINITION_SHAPE('Placement','Placement of an item',
  #10005);
#10005 = NEXT_ASSEMBLY_USAGE_OCCURRENCE('9','J5','',#5,#5177,$);
#10006 = SHAPE_DEFINITION_REPRESENTATION(#10007,#10013);
#10007 = PRODUCT_DEFINITION_SHAPE('','',#10008);
#10008 = PRODUCT_DEFINITION('design','',#10009,#10012);
#10009 = PRODUCT_DEFINITION_FORMATION('','',#10010);
#10010 = PRODUCT('PinHeader_1x01_P2.54mm_Vertical',
  'PinHeader_1x01_P2.54mm_Vertical','',(#10011));
#10011 = PRODUCT_CONTEXT('',#2,'mechanical');
#10012 = PRODUCT_DEFINITION_CONTEXT('part definition',#2,'design');
#10013 = ADVANCED_BREP_SHAPE_REPRESENTATION('',(#11,#10014),#10772);
#10014 = MANIFOLD_SOLID_BREP('',#10015);
#10015 = CLOSED_SHELL('',(#10016,#10056,#10087,#10118,#10201,#10284,
    #10301,#10318,#10335,#10352,#10364,#10395,#10419,#10443,#10460,
    #10491,#10515,#10539,#10556,#10587,#10611,#10635,#10652,#10683,
    #10707,#10731,#10748,#10760));
#10016 = ADVANCED_FACE('',(#10017),#10051,.F.);
#10017 = FACE_BOUND('',#10018,.F.);
#10018 = EDGE_LOOP('',(#10019,#10029,#10037,#10045));
#10019 = ORIENTED_EDGE('',*,*,#10020,.T.);
#10020 = EDGE_CURVE('',#10021,#10023,#10025,.T.);
#10021 = VERTEX_POINT('',#10022);
#10022 = CARTESIAN_POINT('',(-1.016,1.27,0.));
#10023 = VERTEX_POINT('',#10024);
#10024 = CARTESIAN_POINT('',(-1.016,1.27,2.54));
#10025 = LINE('',#10026,#10027);
#10026 = CARTESIAN_POINT('',(-1.016,1.27,0.));
#10027 = VECTOR('',#10028,1.);
#10028 = DIRECTION('',(0.,0.,1.));
#10029 = ORIENTED_EDGE('',*,*,#10030,.T.);
#10030 = EDGE_CURVE('',#10023,#10031,#10033,.T.);
#10031 = VERTEX_POINT('',#10032);
#10032 = CARTESIAN_POINT('',(-1.27,1.016,2.54));
#10033 = LINE('',#10034,#10035);
#10034 = CARTESIAN_POINT('',(-1.016,1.27,2.54));
#10035 = VECTOR('',#10036,1.);
#10036 = DIRECTION('',(-0.707106781187,-0.707106781187,0.));
#10037 = ORIENTED_EDGE('',*,*,#10038,.F.);
#10038 = EDGE_CURVE('',#10039,#10031,#10041,.T.);
#10039 = VERTEX_POINT('',#10040);
#10040 = CARTESIAN_POINT('',(-1.27,1.016,0.));
#10041 = LINE('',#10042,#10043);
#10042 = CARTESIAN_POINT('',(-1.27,1.016,0.));
#10043 = VECTOR('',#10044,1.);
#10044 = DIRECTION('',(0.,0.,1.));
#10045 = ORIENTED_EDGE('',*,*,#10046,.F.);
#10046 = EDGE_CURVE('',#10021,#10039,#10047,.T.);
#10047 = LINE('',#10048,#10049);
#10048 = CARTESIAN_POINT('',(-1.016,1.27,0.));
#10049 = VECTOR('',#10050,1.);
#10050 = DIRECTION('',(-0.707106781187,-0.707106781187,0.));
#10051 = PLANE('',#10052);
#10052 = AXIS2_PLACEMENT_3D('',#10053,#10054,#10055);
#10053 = CARTESIAN_POINT('',(-1.016,1.27,0.));
#10054 = DIRECTION('',(0.707106781187,-0.707106781187,0.));
#10055 = DIRECTION('',(-0.707106781187,-0.707106781187,0.));
#10056 = ADVANCED_FACE('',(#10057),#10082,.F.);
#10057 = FACE_BOUND('',#10058,.F.);
#10058 = EDGE_LOOP('',(#10059,#10069,#10075,#10076));
#10059 = ORIENTED_EDGE('',*,*,#10060,.T.);
#10060 = EDGE_CURVE('',#10061,#10063,#10065,.T.);
#10061 = VERTEX_POINT('',#10062);
#10062 = CARTESIAN_POINT('',(1.016,1.27,0.));
#10063 = VERTEX_POINT('',#10064);
#10064 = CARTESIAN_POINT('',(1.016,1.27,2.54));
#10065 = LINE('',#10066,#10067);
#10066 = CARTESIAN_POINT('',(1.016,1.27,0.));
#10067 = VECTOR('',#10068,1.);
#10068 = DIRECTION('',(0.,0.,1.));
#10069 = ORIENTED_EDGE('',*,*,#10070,.T.);
#10070 = EDGE_CURVE('',#10063,#10023,#10071,.T.);
#10071 = LINE('',#10072,#10073);
#10072 = CARTESIAN_POINT('',(1.016,1.27,2.54));
#10073 = VECTOR('',#10074,1.);
#10074 = DIRECTION('',(-1.,0.,0.));
#10075 = ORIENTED_EDGE('',*,*,#10020,.F.);
#10076 = ORIENTED_EDGE('',*,*,#10077,.F.);
#10077 = EDGE_CURVE('',#10061,#10021,#10078,.T.);
#10078 = LINE('',#10079,#10080);
#10079 = CARTESIAN_POINT('',(1.016,1.27,0.));
#10080 = VECTOR('',#10081,1.);
#10081 = DIRECTION('',(-1.,0.,0.));
#10082 = PLANE('',#10083);
#10083 = AXIS2_PLACEMENT_3D('',#10084,#10085,#10086);
#10084 = CARTESIAN_POINT('',(1.016,1.27,0.));
#10085 = DIRECTION('',(0.,-1.,0.));
#10086 = DIRECTION('',(-1.,0.,0.));
#10087 = ADVANCED_FACE('',(#10088),#10113,.F.);
#10088 = FACE_BOUND('',#10089,.F.);
#10089 = EDGE_LOOP('',(#10090,#10091,#10099,#10107));
#10090 = ORIENTED_EDGE('',*,*,#10038,.T.);
#10091 = ORIENTED_EDGE('',*,*,#10092,.T.);
#10092 = EDGE_CURVE('',#10031,#10093,#10095,.T.);
#10093 = VERTEX_POINT('',#10094);
#10094 = CARTESIAN_POINT('',(-1.27,-1.016,2.54));
#10095 = LINE('',#10096,#10097);
#10096 = CARTESIAN_POINT('',(-1.27,1.016,2.54));
#10097 = VECTOR('',#10098,1.);
#10098 = DIRECTION('',(0.,-1.,0.));
#10099 = ORIENTED_EDGE('',*,*,#10100,.F.);
#10100 = EDGE_CURVE('',#10101,#10093,#10103,.T.);
#10101 = VERTEX_POINT('',#10102);
#10102 = CARTESIAN_POINT('',(-1.27,-1.016,0.));
#10103 = LINE('',#10104,#10105);
#10104 = CARTESIAN_POINT('',(-1.27,-1.016,0.));
#10105 = VECTOR('',#10106,1.);
#10106 = DIRECTION('',(0.,0.,1.));
#10107 = ORIENTED_EDGE('',*,*,#10108,.F.);
#10108 = EDGE_CURVE('',#10039,#10101,#10109,.T.);
#10109 = LINE('',#10110,#10111);
#10110 = CARTESIAN_POINT('',(-1.27,1.016,0.));
#10111 = VECTOR('',#10112,1.);
#10112 = DIRECTION('',(0.,-1.,0.));
#10113 = PLANE('',#10114);
#10114 = AXIS2_PLACEMENT_3D('',#10115,#10116,#10117);
#10115 = CARTESIAN_POINT('',(-1.27,1.016,0.));
#10116 = DIRECTION('',(1.,0.,0.));
#10117 = DIRECTION('',(0.,-1.,0.));
#10118 = ADVANCED_FACE('',(#10119,#10162),#10196,.F.);
#10119 = FACE_BOUND('',#10120,.F.);
#10120 = EDGE_LOOP('',(#10121,#10122,#10123,#10131,#10139,#10147,#10155,
    #10161));
#10121 = ORIENTED_EDGE('',*,*,#10046,.T.);
#10122 = ORIENTED_EDGE('',*,*,#10108,.T.);
#10123 = ORIENTED_EDGE('',*,*,#10124,.T.);
#10124 = EDGE_CURVE('',#10101,#10125,#10127,.T.);
#10125 = VERTEX_POINT('',#10126);
#10126 = CARTESIAN_POINT('',(-1.016,-1.27,0.));
#10127 = LINE('',#10128,#10129);
#10128 = CARTESIAN_POINT('',(-1.27,-1.016,0.));
#10129 = VECTOR('',#10130,1.);
#10130 = DIRECTION('',(0.707106781187,-0.707106781187,0.));
#10131 = ORIENTED_EDGE('',*,*,#10132,.T.);
#10132 = EDGE_CURVE('',#10125,#10133,#10135,.T.);
#10133 = VERTEX_POINT('',#10134);
#10134 = CARTESIAN_POINT('',(1.016,-1.27,0.));
#10135 = LINE('',#10136,#10137);
#10136 = CARTESIAN_POINT('',(-1.016,-1.27,0.));
#10137 = VECTOR('',#10138,1.);
#10138 = DIRECTION('',(1.,0.,0.));
#10139 = ORIENTED_EDGE('',*,*,#10140,.T.);
#10140 = EDGE_CURVE('',#10133,#10141,#10143,.T.);
#10141 = VERTEX_POINT('',#10142);
#10142 = CARTESIAN_POINT('',(1.27,-1.016,0.));
#10143 = LINE('',#10144,#10145);
#10144 = CARTESIAN_POINT('',(1.016,-1.27,0.));
#10145 = VECTOR('',#10146,1.);
#10146 = DIRECTION('',(0.707106781187,0.707106781187,0.));
#10147 = ORIENTED_EDGE('',*,*,#10148,.T.);
#10148 = EDGE_CURVE('',#10141,#10149,#10151,.T.);
#10149 = VERTEX_POINT('',#10150);
#10150 = CARTESIAN_POINT('',(1.27,1.016,0.));
#10151 = LINE('',#10152,#10153);
#10152 = CARTESIAN_POINT('',(1.27,-1.016,0.));
#10153 = VECTOR('',#10154,1.);
#10154 = DIRECTION('',(0.,1.,0.));
#10155 = ORIENTED_EDGE('',*,*,#10156,.T.);
#10156 = EDGE_CURVE('',#10149,#10061,#10157,.T.);
#10157 = LINE('',#10158,#10159);
#10158 = CARTESIAN_POINT('',(1.27,1.016,0.));
#10159 = VECTOR('',#10160,1.);
#10160 = DIRECTION('',(-0.707106781187,0.707106781187,0.));
#10161 = ORIENTED_EDGE('',*,*,#10077,.T.);
#10162 = FACE_BOUND('',#10163,.F.);
#10163 = EDGE_LOOP('',(#10164,#10174,#10182,#10190));
#10164 = ORIENTED_EDGE('',*,*,#10165,.T.);
#10165 = EDGE_CURVE('',#10166,#10168,#10170,.T.);
#10166 = VERTEX_POINT('',#10167);
#10167 = CARTESIAN_POINT('',(0.32,-0.32,0.));
#10168 = VERTEX_POINT('',#10169);
#10169 = CARTESIAN_POINT('',(-0.32,-0.32,0.));
#10170 = LINE('',#10171,#10172);
#10171 = CARTESIAN_POINT('',(-0.16,-0.32,0.));
#10172 = VECTOR('',#10173,1.);
#10173 = DIRECTION('',(-1.,0.,0.));
#10174 = ORIENTED_EDGE('',*,*,#10175,.T.);
#10175 = EDGE_CURVE('',#10168,#10176,#10178,.T.);
#10176 = VERTEX_POINT('',#10177);
#10177 = CARTESIAN_POINT('',(-0.32,0.32,0.));
#10178 = LINE('',#10179,#10180);
#10179 = CARTESIAN_POINT('',(-0.32,-0.16,0.));
#10180 = VECTOR('',#10181,1.);
#10181 = DIRECTION('',(0.,1.,0.));
#10182 = ORIENTED_EDGE('',*,*,#10183,.F.);
#10183 = EDGE_CURVE('',#10184,#10176,#10186,.T.);
#10184 = VERTEX_POINT('',#10185);
#10185 = CARTESIAN_POINT('',(0.32,0.32,0.));
#10186 = LINE('',#10187,#10188);
#10187 = CARTESIAN_POINT('',(-0.16,0.32,0.));
#10188 = VECTOR('',#10189,1.);
#10189 = DIRECTION('',(-1.,0.,0.));
#10190 = ORIENTED_EDGE('',*,*,#10191,.F.);
#10191 = EDGE_CURVE('',#10166,#10184,#10192,.T.);
#10192 = LINE('',#10193,#10194);
#10193 = CARTESIAN_POINT('',(0.32,-0.16,0.));
#10194 = VECTOR('',#10195,1.);
#10195 = DIRECTION('',(0.,1.,0.));
#10196 = PLANE('',#10197);
#10197 = AXIS2_PLACEMENT_3D('',#10198,#10199,#10200);
#10198 = CARTESIAN_POINT('',(2.321466769849E-17,4.642933539699E-17,0.));
#10199 = DIRECTION('',(0.,0.,1.));
#10200 = DIRECTION('',(1.,0.,-0.));
#10201 = ADVANCED_FACE('',(#10202,#10245),#10279,.T.);
#10202 = FACE_BOUND('',#10203,.T.);
#10203 = EDGE_LOOP('',(#10204,#10205,#10206,#10214,#10222,#10230,#10238,
    #10244));
#10204 = ORIENTED_EDGE('',*,*,#10030,.T.);
#10205 = ORIENTED_EDGE('',*,*,#10092,.T.);
#10206 = ORIENTED_EDGE('',*,*,#10207,.T.);
#10207 = EDGE_CURVE('',#10093,#10208,#10210,.T.);
#10208 = VERTEX_POINT('',#10209);
#10209 = CARTESIAN_POINT('',(-1.016,-1.27,2.54));
#10210 = LINE('',#10211,#10212);
#10211 = CARTESIAN_POINT('',(-1.27,-1.016,2.54));
#10212 = VECTOR('',#10213,1.);
#10213 = DIRECTION('',(0.707106781187,-0.707106781187,0.));
#10214 = ORIENTED_EDGE('',*,*,#10215,.T.);
#10215 = EDGE_CURVE('',#10208,#10216,#10218,.T.);
#10216 = VERTEX_POINT('',#10217);
#10217 = CARTESIAN_POINT('',(1.016,-1.27,2.54));
#10218 = LINE('',#10219,#10220);
#10219 = CARTESIAN_POINT('',(-1.016,-1.27,2.54));
#10220 = VECTOR('',#10221,1.);
#10221 = DIRECTION('',(1.,0.,0.));
#10222 = ORIENTED_EDGE('',*,*,#10223,.T.);
#10223 = EDGE_CURVE('',#10216,#10224,#10226,.T.);
#10224 = VERTEX_POINT('',#10225);
#10225 = CARTESIAN_POINT('',(1.27,-1.016,2.54));
#10226 = LINE('',#10227,#10228);
#10227 = CARTESIAN_POINT('',(1.016,-1.27,2.54));
#10228 = VECTOR('',#10229,1.);
#10229 = DIRECTION('',(0.707106781187,0.707106781187,0.));
#10230 = ORIENTED_EDGE('',*,*,#10231,.T.);
#10231 = EDGE_CURVE('',#10224,#10232,#10234,.T.);
#10232 = VERTEX_POINT('',#10233);
#10233 = CARTESIAN_POINT('',(1.27,1.016,2.54));
#10234 = LINE('',#10235,#10236);
#10235 = CARTESIAN_POINT('',(1.27,-1.016,2.54));
#10236 = VECTOR('',#10237,1.);
#10237 = DIRECTION('',(0.,1.,0.));
#10238 = ORIENTED_EDGE('',*,*,#10239,.T.);
#10239 = EDGE_CURVE('',#10232,#10063,#10240,.T.);
#10240 = LINE('',#10241,#10242);
#10241 = CARTESIAN_POINT('',(1.27,1.016,2.54));
#10242 = VECTOR('',#10243,1.);
#10243 = DIRECTION('',(-0.707106781187,0.707106781187,0.));
#10244 = ORIENTED_EDGE('',*,*,#10070,.T.);
#10245 = FACE_BOUND('',#10246,.T.);
#10246 = EDGE_LOOP('',(#10247,#10257,#10265,#10273));
#10247 = ORIENTED_EDGE('',*,*,#10248,.T.);
#10248 = EDGE_CURVE('',#10249,#10251,#10253,.T.);
#10249 = VERTEX_POINT('',#10250);
#10250 = CARTESIAN_POINT('',(0.32,-0.32,2.54));
#10251 = VERTEX_POINT('',#10252);
#10252 = CARTESIAN_POINT('',(-0.32,-0.32,2.54));
#10253 = LINE('',#10254,#10255);
#10254 = CARTESIAN_POINT('',(-0.16,-0.32,2.54));
#10255 = VECTOR('',#10256,1.);
#10256 = DIRECTION('',(-1.,0.,0.));
#10257 = ORIENTED_EDGE('',*,*,#10258,.T.);
#10258 = EDGE_CURVE('',#10251,#10259,#10261,.T.);
#10259 = VERTEX_POINT('',#10260);
#10260 = CARTESIAN_POINT('',(-0.32,0.32,2.54));
#10261 = LINE('',#10262,#10263);
#10262 = CARTESIAN_POINT('',(-0.32,-0.16,2.54));
#10263 = VECTOR('',#10264,1.);
#10264 = DIRECTION('',(0.,1.,0.));
#10265 = ORIENTED_EDGE('',*,*,#10266,.F.);
#10266 = EDGE_CURVE('',#10267,#10259,#10269,.T.);
#10267 = VERTEX_POINT('',#10268);
#10268 = CARTESIAN_POINT('',(0.32,0.32,2.54));
#10269 = LINE('',#10270,#10271);
#10270 = CARTESIAN_POINT('',(-0.16,0.32,2.54));
#10271 = VECTOR('',#10272,1.);
#10272 = DIRECTION('',(-1.,0.,0.));
#10273 = ORIENTED_EDGE('',*,*,#10274,.F.);
#10274 = EDGE_CURVE('',#10249,#10267,#10275,.T.);
#10275 = LINE('',#10276,#10277);
#10276 = CARTESIAN_POINT('',(0.32,-0.16,2.54));
#10277 = VECTOR('',#10278,1.);
#10278 = DIRECTION('',(0.,1.,0.));
#10279 = PLANE('',#10280);
#10280 = AXIS2_PLACEMENT_3D('',#10281,#10282,#10283);
#10281 = CARTESIAN_POINT('',(2.321466769849E-17,4.642933539699E-17,2.54)
  );
#10282 = DIRECTION('',(0.,0.,1.));
#10283 = DIRECTION('',(1.,0.,-0.));
#10284 = ADVANCED_FACE('',(#10285),#10296,.F.);
#10285 = FACE_BOUND('',#10286,.F.);
#10286 = EDGE_LOOP('',(#10287,#10293,#10294,#10295));
#10287 = ORIENTED_EDGE('',*,*,#10288,.T.);
#10288 = EDGE_CURVE('',#10149,#10232,#10289,.T.);
#10289 = LINE('',#10290,#10291);
#10290 = CARTESIAN_POINT('',(1.27,1.016,0.));
#10291 = VECTOR('',#10292,1.);
#10292 = DIRECTION('',(0.,0.,1.));
#10293 = ORIENTED_EDGE('',*,*,#10239,.T.);
#10294 = ORIENTED_EDGE('',*,*,#10060,.F.);
#10295 = ORIENTED_EDGE('',*,*,#10156,.F.);
#10296 = PLANE('',#10297);
#10297 = AXIS2_PLACEMENT_3D('',#10298,#10299,#10300);
#10298 = CARTESIAN_POINT('',(1.27,1.016,0.));
#10299 = DIRECTION('',(-0.707106781187,-0.707106781187,0.));
#10300 = DIRECTION('',(-0.707106781187,0.707106781187,0.));
#10301 = ADVANCED_FACE('',(#10302),#10313,.F.);
#10302 = FACE_BOUND('',#10303,.F.);
#10303 = EDGE_LOOP('',(#10304,#10305,#10306,#10312));
#10304 = ORIENTED_EDGE('',*,*,#10100,.T.);
#10305 = ORIENTED_EDGE('',*,*,#10207,.T.);
#10306 = ORIENTED_EDGE('',*,*,#10307,.F.);
#10307 = EDGE_CURVE('',#10125,#10208,#10308,.T.);
#10308 = LINE('',#10309,#10310);
#10309 = CARTESIAN_POINT('',(-1.016,-1.27,0.));
#10310 = VECTOR('',#10311,1.);
#10311 = DIRECTION('',(0.,0.,1.));
#10312 = ORIENTED_EDGE('',*,*,#10124,.F.);
#10313 = PLANE('',#10314);
#10314 = AXIS2_PLACEMENT_3D('',#10315,#10316,#10317);
#10315 = CARTESIAN_POINT('',(-1.27,-1.016,0.));
#10316 = DIRECTION('',(0.707106781187,0.707106781187,0.));
#10317 = DIRECTION('',(0.707106781187,-0.707106781187,0.));
#10318 = ADVANCED_FACE('',(#10319),#10330,.F.);
#10319 = FACE_BOUND('',#10320,.F.);
#10320 = EDGE_LOOP('',(#10321,#10327,#10328,#10329));
#10321 = ORIENTED_EDGE('',*,*,#10322,.T.);
#10322 = EDGE_CURVE('',#10141,#10224,#10323,.T.);
#10323 = LINE('',#10324,#10325);
#10324 = CARTESIAN_POINT('',(1.27,-1.016,0.));
#10325 = VECTOR('',#10326,1.);
#10326 = DIRECTION('',(0.,0.,1.));
#10327 = ORIENTED_EDGE('',*,*,#10231,.T.);
#10328 = ORIENTED_EDGE('',*,*,#10288,.F.);
#10329 = ORIENTED_EDGE('',*,*,#10148,.F.);
#10330 = PLANE('',#10331);
#10331 = AXIS2_PLACEMENT_3D('',#10332,#10333,#10334);
#10332 = CARTESIAN_POINT('',(1.27,-1.016,0.));
#10333 = DIRECTION('',(-1.,0.,0.));
#10334 = DIRECTION('',(0.,1.,0.));
#10335 = ADVANCED_FACE('',(#10336),#10347,.F.);
#10336 = FACE_BOUND('',#10337,.F.);
#10337 = EDGE_LOOP('',(#10338,#10339,#10340,#10346));
#10338 = ORIENTED_EDGE('',*,*,#10307,.T.);
#10339 = ORIENTED_EDGE('',*,*,#10215,.T.);
#10340 = ORIENTED_EDGE('',*,*,#10341,.F.);
#10341 = EDGE_CURVE('',#10133,#10216,#10342,.T.);
#10342 = LINE('',#10343,#10344);
#10343 = CARTESIAN_POINT('',(1.016,-1.27,0.));
#10344 = VECTOR('',#10345,1.);
#10345 = DIRECTION('',(0.,0.,1.));
#10346 = ORIENTED_EDGE('',*,*,#10132,.F.);
#10347 = PLANE('',#10348);
#10348 = AXIS2_PLACEMENT_3D('',#10349,#10350,#10351);
#10349 = CARTESIAN_POINT('',(-1.016,-1.27,0.));
#10350 = DIRECTION('',(0.,1.,0.));
#10351 = DIRECTION('',(1.,0.,0.));
#10352 = ADVANCED_FACE('',(#10353),#10359,.F.);
#10353 = FACE_BOUND('',#10354,.F.);
#10354 = EDGE_LOOP('',(#10355,#10356,#10357,#10358));
#10355 = ORIENTED_EDGE('',*,*,#10341,.T.);
#10356 = ORIENTED_EDGE('',*,*,#10223,.T.);
#10357 = ORIENTED_EDGE('',*,*,#10322,.F.);
#10358 = ORIENTED_EDGE('',*,*,#10140,.F.);
#10359 = PLANE('',#10360);
#10360 = AXIS2_PLACEMENT_3D('',#10361,#10362,#10363);
#10361 = CARTESIAN_POINT('',(1.016,-1.27,0.));
#10362 = DIRECTION('',(-0.707106781187,0.707106781187,0.));
#10363 = DIRECTION('',(0.707106781187,0.707106781187,0.));
#10364 = ADVANCED_FACE('',(#10365),#10390,.F.);
#10365 = FACE_BOUND('',#10366,.F.);
#10366 = EDGE_LOOP('',(#10367,#10375,#10383,#10389));
#10367 = ORIENTED_EDGE('',*,*,#10368,.F.);
#10368 = EDGE_CURVE('',#10369,#10166,#10371,.T.);
#10369 = VERTEX_POINT('',#10370);
#10370 = CARTESIAN_POINT('',(0.32,-0.32,-2.84));
#10371 = LINE('',#10372,#10373);
#10372 = CARTESIAN_POINT('',(0.32,-0.32,-3.));
#10373 = VECTOR('',#10374,1.);
#10374 = DIRECTION('',(0.,0.,1.));
#10375 = ORIENTED_EDGE('',*,*,#10376,.F.);
#10376 = EDGE_CURVE('',#10377,#10369,#10379,.T.);
#10377 = VERTEX_POINT('',#10378);
#10378 = CARTESIAN_POINT('',(-0.32,-0.32,-2.84));
#10379 = LINE('',#10380,#10381);
#10380 = CARTESIAN_POINT('',(-0.32,-0.32,-2.84));
#10381 = VECTOR('',#10382,1.);
#10382 = DIRECTION('',(1.,0.,0.));
#10383 = ORIENTED_EDGE('',*,*,#10384,.T.);
#10384 = EDGE_CURVE('',#10377,#10168,#10385,.T.);
#10385 = LINE('',#10386,#10387);
#10386 = CARTESIAN_POINT('',(-0.32,-0.32,-3.));
#10387 = VECTOR('',#10388,1.);
#10388 = DIRECTION('',(0.,0.,1.));
#10389 = ORIENTED_EDGE('',*,*,#10165,.F.);
#10390 = PLANE('',#10391);
#10391 = AXIS2_PLACEMENT_3D('',#10392,#10393,#10394);
#10392 = CARTESIAN_POINT('',(-0.32,-0.32,-3.));
#10393 = DIRECTION('',(0.,1.,0.));
#10394 = DIRECTION('',(0.,-0.,1.));
#10395 = ADVANCED_FACE('',(#10396),#10414,.T.);
#10396 = FACE_BOUND('',#10397,.T.);
#10397 = EDGE_LOOP('',(#10398,#10399,#10407,#10413));
#10398 = ORIENTED_EDGE('',*,*,#10368,.F.);
#10399 = ORIENTED_EDGE('',*,*,#10400,.T.);
#10400 = EDGE_CURVE('',#10369,#10401,#10403,.T.);
#10401 = VERTEX_POINT('',#10402);
#10402 = CARTESIAN_POINT('',(0.32,0.32,-2.84));
#10403 = LINE('',#10404,#10405);
#10404 = CARTESIAN_POINT('',(0.32,-0.32,-2.84));
#10405 = VECTOR('',#10406,1.);
#10406 = DIRECTION('',(0.,1.,0.));
#10407 = ORIENTED_EDGE('',*,*,#10408,.T.);
#10408 = EDGE_CURVE('',#10401,#10184,#10409,.T.);
#10409 = LINE('',#10410,#10411);
#10410 = CARTESIAN_POINT('',(0.32,0.32,-3.));
#10411 = VECTOR('',#10412,1.);
#10412 = DIRECTION('',(0.,0.,1.));
#10413 = ORIENTED_EDGE('',*,*,#10191,.F.);
#10414 = PLANE('',#10415);
#10415 = AXIS2_PLACEMENT_3D('',#10416,#10417,#10418);
#10416 = CARTESIAN_POINT('',(0.32,-0.32,-3.));
#10417 = DIRECTION('',(1.,0.,0.));
#10418 = DIRECTION('',(0.,0.,1.));
#10419 = ADVANCED_FACE('',(#10420),#10438,.T.);
#10420 = FACE_BOUND('',#10421,.T.);
#10421 = EDGE_LOOP('',(#10422,#10423,#10431,#10437));
#10422 = ORIENTED_EDGE('',*,*,#10408,.F.);
#10423 = ORIENTED_EDGE('',*,*,#10424,.F.);
#10424 = EDGE_CURVE('',#10425,#10401,#10427,.T.);
#10425 = VERTEX_POINT('',#10426);
#10426 = CARTESIAN_POINT('',(-0.32,0.32,-2.84));
#10427 = LINE('',#10428,#10429);
#10428 = CARTESIAN_POINT('',(-0.32,0.32,-2.84));
#10429 = VECTOR('',#10430,1.);
#10430 = DIRECTION('',(1.,0.,0.));
#10431 = ORIENTED_EDGE('',*,*,#10432,.T.);
#10432 = EDGE_CURVE('',#10425,#10176,#10433,.T.);
#10433 = LINE('',#10434,#10435);
#10434 = CARTESIAN_POINT('',(-0.32,0.32,-3.));
#10435 = VECTOR('',#10436,1.);
#10436 = DIRECTION('',(0.,0.,1.));
#10437 = ORIENTED_EDGE('',*,*,#10183,.F.);
#10438 = PLANE('',#10439);
#10439 = AXIS2_PLACEMENT_3D('',#10440,#10441,#10442);
#10440 = CARTESIAN_POINT('',(-0.32,0.32,-3.));
#10441 = DIRECTION('',(0.,1.,0.));
#10442 = DIRECTION('',(0.,-0.,1.));
#10443 = ADVANCED_FACE('',(#10444),#10455,.F.);
#10444 = FACE_BOUND('',#10445,.F.);
#10445 = EDGE_LOOP('',(#10446,#10447,#10453,#10454));
#10446 = ORIENTED_EDGE('',*,*,#10384,.F.);
#10447 = ORIENTED_EDGE('',*,*,#10448,.T.);
#10448 = EDGE_CURVE('',#10377,#10425,#10449,.T.);
#10449 = LINE('',#10450,#10451);
#10450 = CARTESIAN_POINT('',(-0.32,-0.32,-2.84));
#10451 = VECTOR('',#10452,1.);
#10452 = DIRECTION('',(0.,1.,0.));
#10453 = ORIENTED_EDGE('',*,*,#10432,.T.);
#10454 = ORIENTED_EDGE('',*,*,#10175,.F.);
#10455 = PLANE('',#10456);
#10456 = AXIS2_PLACEMENT_3D('',#10457,#10458,#10459);
#10457 = CARTESIAN_POINT('',(-0.32,-0.32,-3.));
#10458 = DIRECTION('',(1.,0.,0.));
#10459 = DIRECTION('',(0.,0.,1.));
#10460 = ADVANCED_FACE('',(#10461),#10486,.F.);
#10461 = FACE_BOUND('',#10462,.F.);
#10462 = EDGE_LOOP('',(#10463,#10471,#10472,#10480));
#10463 = ORIENTED_EDGE('',*,*,#10464,.F.);
#10464 = EDGE_CURVE('',#10249,#10465,#10467,.T.);
#10465 = VERTEX_POINT('',#10466);
#10466 = CARTESIAN_POINT('',(0.32,-0.32,8.38));
#10467 = LINE('',#10468,#10469);
#10468 = CARTESIAN_POINT('',(0.32,-0.32,-3.));
#10469 = VECTOR('',#10470,1.);
#10470 = DIRECTION('',(0.,0.,1.));
#10471 = ORIENTED_EDGE('',*,*,#10248,.T.);
#10472 = ORIENTED_EDGE('',*,*,#10473,.T.);
#10473 = EDGE_CURVE('',#10251,#10474,#10476,.T.);
#10474 = VERTEX_POINT('',#10475);
#10475 = CARTESIAN_POINT('',(-0.32,-0.32,8.38));
#10476 = LINE('',#10477,#10478);
#10477 = CARTESIAN_POINT('',(-0.32,-0.32,-3.));
#10478 = VECTOR('',#10479,1.);
#10479 = DIRECTION('',(0.,0.,1.));
#10480 = ORIENTED_EDGE('',*,*,#10481,.T.);
#10481 = EDGE_CURVE('',#10474,#10465,#10482,.T.);
#10482 = LINE('',#10483,#10484);
#10483 = CARTESIAN_POINT('',(-0.32,-0.32,8.38));
#10484 = VECTOR('',#10485,1.);
#10485 = DIRECTION('',(1.,0.,0.));
#10486 = PLANE('',#10487);
#10487 = AXIS2_PLACEMENT_3D('',#10488,#10489,#10490);
#10488 = CARTESIAN_POINT('',(-0.32,-0.32,-3.));
#10489 = DIRECTION('',(0.,1.,0.));
#10490 = DIRECTION('',(0.,-0.,1.));
#10491 = ADVANCED_FACE('',(#10492),#10510,.T.);
#10492 = FACE_BOUND('',#10493,.T.);
#10493 = EDGE_LOOP('',(#10494,#10495,#10496,#10504));
#10494 = ORIENTED_EDGE('',*,*,#10464,.F.);
#10495 = ORIENTED_EDGE('',*,*,#10274,.T.);
#10496 = ORIENTED_EDGE('',*,*,#10497,.T.);
#10497 = EDGE_CURVE('',#10267,#10498,#10500,.T.);
#10498 = VERTEX_POINT('',#10499);
#10499 = CARTESIAN_POINT('',(0.32,0.32,8.38));
#10500 = LINE('',#10501,#10502);
#10501 = CARTESIAN_POINT('',(0.32,0.32,-3.));
#10502 = VECTOR('',#10503,1.);
#10503 = DIRECTION('',(0.,0.,1.));
#10504 = ORIENTED_EDGE('',*,*,#10505,.F.);
#10505 = EDGE_CURVE('',#10465,#10498,#10506,.T.);
#10506 = LINE('',#10507,#10508);
#10507 = CARTESIAN_POINT('',(0.32,-0.32,8.38));
#10508 = VECTOR('',#10509,1.);
#10509 = DIRECTION('',(0.,1.,0.));
#10510 = PLANE('',#10511);
#10511 = AXIS2_PLACEMENT_3D('',#10512,#10513,#10514);
#10512 = CARTESIAN_POINT('',(0.32,-0.32,-3.));
#10513 = DIRECTION('',(1.,0.,0.));
#10514 = DIRECTION('',(0.,0.,1.));
#10515 = ADVANCED_FACE('',(#10516),#10534,.T.);
#10516 = FACE_BOUND('',#10517,.T.);
#10517 = EDGE_LOOP('',(#10518,#10519,#10520,#10528));
#10518 = ORIENTED_EDGE('',*,*,#10497,.F.);
#10519 = ORIENTED_EDGE('',*,*,#10266,.T.);
#10520 = ORIENTED_EDGE('',*,*,#10521,.T.);
#10521 = EDGE_CURVE('',#10259,#10522,#10524,.T.);
#10522 = VERTEX_POINT('',#10523);
#10523 = CARTESIAN_POINT('',(-0.32,0.32,8.38));
#10524 = LINE('',#10525,#10526);
#10525 = CARTESIAN_POINT('',(-0.32,0.32,-3.));
#10526 = VECTOR('',#10527,1.);
#10527 = DIRECTION('',(0.,0.,1.));
#10528 = ORIENTED_EDGE('',*,*,#10529,.T.);
#10529 = EDGE_CURVE('',#10522,#10498,#10530,.T.);
#10530 = LINE('',#10531,#10532);
#10531 = CARTESIAN_POINT('',(-0.32,0.32,8.38));
#10532 = VECTOR('',#10533,1.);
#10533 = DIRECTION('',(1.,0.,0.));
#10534 = PLANE('',#10535);
#10535 = AXIS2_PLACEMENT_3D('',#10536,#10537,#10538);
#10536 = CARTESIAN_POINT('',(-0.32,0.32,-3.));
#10537 = DIRECTION('',(0.,1.,0.));
#10538 = DIRECTION('',(0.,-0.,1.));
#10539 = ADVANCED_FACE('',(#10540),#10551,.F.);
#10540 = FACE_BOUND('',#10541,.F.);
#10541 = EDGE_LOOP('',(#10542,#10543,#10544,#10545));
#10542 = ORIENTED_EDGE('',*,*,#10473,.F.);
#10543 = ORIENTED_EDGE('',*,*,#10258,.T.);
#10544 = ORIENTED_EDGE('',*,*,#10521,.T.);
#10545 = ORIENTED_EDGE('',*,*,#10546,.F.);
#10546 = EDGE_CURVE('',#10474,#10522,#10547,.T.);
#10547 = LINE('',#10548,#10549);
#10548 = CARTESIAN_POINT('',(-0.32,-0.32,8.38));
#10549 = VECTOR('',#10550,1.);
#10550 = DIRECTION('',(0.,1.,0.));
#10551 = PLANE('',#10552);
#10552 = AXIS2_PLACEMENT_3D('',#10553,#10554,#10555);
#10553 = CARTESIAN_POINT('',(-0.32,-0.32,-3.));
#10554 = DIRECTION('',(1.,0.,0.));
#10555 = DIRECTION('',(0.,0.,1.));
#10556 = ADVANCED_FACE('',(#10557),#10582,.T.);
#10557 = FACE_BOUND('',#10558,.F.);
#10558 = EDGE_LOOP('',(#10559,#10567,#10568,#10576));
#10559 = ORIENTED_EDGE('',*,*,#10560,.F.);
#10560 = EDGE_CURVE('',#10377,#10561,#10563,.T.);
#10561 = VERTEX_POINT('',#10562);
#10562 = CARTESIAN_POINT('',(-0.16,-0.16,-3.));
#10563 = LINE('',#10564,#10565);
#10564 = CARTESIAN_POINT('',(-0.266666666667,-0.266666666667,
    -2.893333333333));
#10565 = VECTOR('',#10566,1.);
#10566 = DIRECTION('',(0.57735026919,0.57735026919,-0.57735026919));
#10567 = ORIENTED_EDGE('',*,*,#10376,.T.);
#10568 = ORIENTED_EDGE('',*,*,#10569,.T.);
#10569 = EDGE_CURVE('',#10369,#10570,#10572,.T.);
#10570 = VERTEX_POINT('',#10571);
#10571 = CARTESIAN_POINT('',(0.16,-0.16,-3.));
#10572 = LINE('',#10573,#10574);
#10573 = CARTESIAN_POINT('',(0.16,-0.16,-3.));
#10574 = VECTOR('',#10575,1.);
#10575 = DIRECTION('',(-0.57735026919,0.57735026919,-0.57735026919));
#10576 = ORIENTED_EDGE('',*,*,#10577,.F.);
#10577 = EDGE_CURVE('',#10561,#10570,#10578,.T.);
#10578 = LINE('',#10579,#10580);
#10579 = CARTESIAN_POINT('',(-0.32,-0.16,-3.));
#10580 = VECTOR('',#10581,1.);
#10581 = DIRECTION('',(1.,0.,0.));
#10582 = PLANE('',#10583);
#10583 = AXIS2_PLACEMENT_3D('',#10584,#10585,#10586);
#10584 = CARTESIAN_POINT('',(-0.32,-0.24,-2.92));
#10585 = DIRECTION('',(1.735167508357E-18,-0.707106781187,
    -0.707106781187));
#10586 = DIRECTION('',(-1.,-1.226948711654E-18,-1.226948711654E-18));
#10587 = ADVANCED_FACE('',(#10588),#10606,.F.);
#10588 = FACE_BOUND('',#10589,.F.);
#10589 = EDGE_LOOP('',(#10590,#10591,#10592,#10600));
#10590 = ORIENTED_EDGE('',*,*,#10569,.F.);
#10591 = ORIENTED_EDGE('',*,*,#10400,.T.);
#10592 = ORIENTED_EDGE('',*,*,#10593,.T.);
#10593 = EDGE_CURVE('',#10401,#10594,#10596,.T.);
#10594 = VERTEX_POINT('',#10595);
#10595 = CARTESIAN_POINT('',(0.16,0.16,-3.));
#10596 = LINE('',#10597,#10598);
#10597 = CARTESIAN_POINT('',(5.333333333333E-02,5.333333333333E-02,
    -3.106666666667));
#10598 = VECTOR('',#10599,1.);
#10599 = DIRECTION('',(-0.57735026919,-0.57735026919,-0.57735026919));
#10600 = ORIENTED_EDGE('',*,*,#10601,.F.);
#10601 = EDGE_CURVE('',#10570,#10594,#10602,.T.);
#10602 = LINE('',#10603,#10604);
#10603 = CARTESIAN_POINT('',(0.16,-0.32,-3.));
#10604 = VECTOR('',#10605,1.);
#10605 = DIRECTION('',(0.,1.,0.));
#10606 = PLANE('',#10607);
#10607 = AXIS2_PLACEMENT_3D('',#10608,#10609,#10610);
#10608 = CARTESIAN_POINT('',(0.24,-0.32,-2.92));
#10609 = DIRECTION('',(-0.707106781187,1.735167508357E-18,0.707106781187
    ));
#10610 = DIRECTION('',(1.226948711654E-18,1.,-1.226948711654E-18));
#10611 = ADVANCED_FACE('',(#10612),#10630,.F.);
#10612 = FACE_BOUND('',#10613,.T.);
#10613 = EDGE_LOOP('',(#10614,#10622,#10623,#10624));
#10614 = ORIENTED_EDGE('',*,*,#10615,.F.);
#10615 = EDGE_CURVE('',#10425,#10616,#10618,.T.);
#10616 = VERTEX_POINT('',#10617);
#10617 = CARTESIAN_POINT('',(-0.16,0.16,-3.));
#10618 = LINE('',#10619,#10620);
#10619 = CARTESIAN_POINT('',(-0.16,0.16,-3.));
#10620 = VECTOR('',#10621,1.);
#10621 = DIRECTION('',(0.57735026919,-0.57735026919,-0.57735026919));
#10622 = ORIENTED_EDGE('',*,*,#10424,.T.);
#10623 = ORIENTED_EDGE('',*,*,#10593,.T.);
#10624 = ORIENTED_EDGE('',*,*,#10625,.F.);
#10625 = EDGE_CURVE('',#10616,#10594,#10626,.T.);
#10626 = LINE('',#10627,#10628);
#10627 = CARTESIAN_POINT('',(-0.32,0.16,-3.));
#10628 = VECTOR('',#10629,1.);
#10629 = DIRECTION('',(1.,0.,0.));
#10630 = PLANE('',#10631);
#10631 = AXIS2_PLACEMENT_3D('',#10632,#10633,#10634);
#10632 = CARTESIAN_POINT('',(-0.32,0.24,-2.92));
#10633 = DIRECTION('',(-1.735167508357E-18,-0.707106781187,
    0.707106781187));
#10634 = DIRECTION('',(-1.,1.226948711654E-18,-1.226948711654E-18));
#10635 = ADVANCED_FACE('',(#10636),#10647,.T.);
#10636 = FACE_BOUND('',#10637,.T.);
#10637 = EDGE_LOOP('',(#10638,#10639,#10640,#10641));
#10638 = ORIENTED_EDGE('',*,*,#10560,.F.);
#10639 = ORIENTED_EDGE('',*,*,#10448,.T.);
#10640 = ORIENTED_EDGE('',*,*,#10615,.T.);
#10641 = ORIENTED_EDGE('',*,*,#10642,.F.);
#10642 = EDGE_CURVE('',#10561,#10616,#10643,.T.);
#10643 = LINE('',#10644,#10645);
#10644 = CARTESIAN_POINT('',(-0.16,-0.32,-3.));
#10645 = VECTOR('',#10646,1.);
#10646 = DIRECTION('',(0.,1.,0.));
#10647 = PLANE('',#10648);
#10648 = AXIS2_PLACEMENT_3D('',#10649,#10650,#10651);
#10649 = CARTESIAN_POINT('',(-0.24,-0.32,-2.92));
#10650 = DIRECTION('',(-0.707106781187,-1.735167508357E-18,
    -0.707106781187));
#10651 = DIRECTION('',(-1.226948711654E-18,1.,-1.226948711654E-18));
#10652 = ADVANCED_FACE('',(#10653),#10678,.F.);
#10653 = FACE_BOUND('',#10654,.T.);
#10654 = EDGE_LOOP('',(#10655,#10663,#10664,#10672));
#10655 = ORIENTED_EDGE('',*,*,#10656,.F.);
#10656 = EDGE_CURVE('',#10474,#10657,#10659,.T.);
#10657 = VERTEX_POINT('',#10658);
#10658 = CARTESIAN_POINT('',(-0.16,-0.16,8.54));
#10659 = LINE('',#10660,#10661);
#10660 = CARTESIAN_POINT('',(-0.266666666667,-0.266666666667,
    8.433333333333));
#10661 = VECTOR('',#10662,1.);
#10662 = DIRECTION('',(0.57735026919,0.57735026919,0.57735026919));
#10663 = ORIENTED_EDGE('',*,*,#10481,.T.);
#10664 = ORIENTED_EDGE('',*,*,#10665,.T.);
#10665 = EDGE_CURVE('',#10465,#10666,#10668,.T.);
#10666 = VERTEX_POINT('',#10667);
#10667 = CARTESIAN_POINT('',(0.16,-0.16,8.54));
#10668 = LINE('',#10669,#10670);
#10669 = CARTESIAN_POINT('',(0.16,-0.16,8.54));
#10670 = VECTOR('',#10671,1.);
#10671 = DIRECTION('',(-0.57735026919,0.57735026919,0.57735026919));
#10672 = ORIENTED_EDGE('',*,*,#10673,.F.);
#10673 = EDGE_CURVE('',#10657,#10666,#10674,.T.);
#10674 = LINE('',#10675,#10676);
#10675 = CARTESIAN_POINT('',(-0.32,-0.16,8.54));
#10676 = VECTOR('',#10677,1.);
#10677 = DIRECTION('',(1.,0.,0.));
#10678 = PLANE('',#10679);
#10679 = AXIS2_PLACEMENT_3D('',#10680,#10681,#10682);
#10680 = CARTESIAN_POINT('',(-0.32,-0.24,8.46));
#10681 = DIRECTION('',(-1.735167508357E-18,0.707106781187,
    -0.707106781187));
#10682 = DIRECTION('',(-1.,-1.226948711654E-18,1.226948711654E-18));
#10683 = ADVANCED_FACE('',(#10684),#10702,.T.);
#10684 = FACE_BOUND('',#10685,.T.);
#10685 = EDGE_LOOP('',(#10686,#10687,#10688,#10696));
#10686 = ORIENTED_EDGE('',*,*,#10665,.F.);
#10687 = ORIENTED_EDGE('',*,*,#10505,.T.);
#10688 = ORIENTED_EDGE('',*,*,#10689,.T.);
#10689 = EDGE_CURVE('',#10498,#10690,#10692,.T.);
#10690 = VERTEX_POINT('',#10691);
#10691 = CARTESIAN_POINT('',(0.16,0.16,8.54));
#10692 = LINE('',#10693,#10694);
#10693 = CARTESIAN_POINT('',(5.333333333333E-02,5.333333333333E-02,
    8.646666666667));
#10694 = VECTOR('',#10695,1.);
#10695 = DIRECTION('',(-0.57735026919,-0.57735026919,0.57735026919));
#10696 = ORIENTED_EDGE('',*,*,#10697,.F.);
#10697 = EDGE_CURVE('',#10666,#10690,#10698,.T.);
#10698 = LINE('',#10699,#10700);
#10699 = CARTESIAN_POINT('',(0.16,-0.32,8.54));
#10700 = VECTOR('',#10701,1.);
#10701 = DIRECTION('',(0.,1.,0.));
#10702 = PLANE('',#10703);
#10703 = AXIS2_PLACEMENT_3D('',#10704,#10705,#10706);
#10704 = CARTESIAN_POINT('',(0.24,-0.32,8.46));
#10705 = DIRECTION('',(0.707106781187,-1.735167508357E-18,0.707106781187
    ));
#10706 = DIRECTION('',(1.226948711654E-18,1.,1.226948711654E-18));
#10707 = ADVANCED_FACE('',(#10708),#10726,.T.);
#10708 = FACE_BOUND('',#10709,.F.);
#10709 = EDGE_LOOP('',(#10710,#10718,#10719,#10720));
#10710 = ORIENTED_EDGE('',*,*,#10711,.F.);
#10711 = EDGE_CURVE('',#10522,#10712,#10714,.T.);
#10712 = VERTEX_POINT('',#10713);
#10713 = CARTESIAN_POINT('',(-0.16,0.16,8.54));
#10714 = LINE('',#10715,#10716);
#10715 = CARTESIAN_POINT('',(-0.16,0.16,8.54));
#10716 = VECTOR('',#10717,1.);
#10717 = DIRECTION('',(0.57735026919,-0.57735026919,0.57735026919));
#10718 = ORIENTED_EDGE('',*,*,#10529,.T.);
#10719 = ORIENTED_EDGE('',*,*,#10689,.T.);
#10720 = ORIENTED_EDGE('',*,*,#10721,.F.);
#10721 = EDGE_CURVE('',#10712,#10690,#10722,.T.);
#10722 = LINE('',#10723,#10724);
#10723 = CARTESIAN_POINT('',(-0.32,0.16,8.54));
#10724 = VECTOR('',#10725,1.);
#10725 = DIRECTION('',(1.,0.,0.));
#10726 = PLANE('',#10727);
#10727 = AXIS2_PLACEMENT_3D('',#10728,#10729,#10730);
#10728 = CARTESIAN_POINT('',(-0.32,0.24,8.46));
#10729 = DIRECTION('',(1.735167508357E-18,0.707106781187,0.707106781187)
  );
#10730 = DIRECTION('',(-1.,1.226948711654E-18,1.226948711654E-18));
#10731 = ADVANCED_FACE('',(#10732),#10743,.F.);
#10732 = FACE_BOUND('',#10733,.F.);
#10733 = EDGE_LOOP('',(#10734,#10735,#10736,#10737));
#10734 = ORIENTED_EDGE('',*,*,#10656,.F.);
#10735 = ORIENTED_EDGE('',*,*,#10546,.T.);
#10736 = ORIENTED_EDGE('',*,*,#10711,.T.);
#10737 = ORIENTED_EDGE('',*,*,#10738,.F.);
#10738 = EDGE_CURVE('',#10657,#10712,#10739,.T.);
#10739 = LINE('',#10740,#10741);
#10740 = CARTESIAN_POINT('',(-0.16,-0.32,8.54));
#10741 = VECTOR('',#10742,1.);
#10742 = DIRECTION('',(0.,1.,0.));
#10743 = PLANE('',#10744);
#10744 = AXIS2_PLACEMENT_3D('',#10745,#10746,#10747);
#10745 = CARTESIAN_POINT('',(-0.24,-0.32,8.46));
#10746 = DIRECTION('',(0.707106781187,1.735167508357E-18,-0.707106781187
    ));
#10747 = DIRECTION('',(-1.226948711654E-18,1.,1.226948711654E-18));
#10748 = ADVANCED_FACE('',(#10749),#10755,.F.);
#10749 = FACE_BOUND('',#10750,.F.);
#10750 = EDGE_LOOP('',(#10751,#10752,#10753,#10754));
#10751 = ORIENTED_EDGE('',*,*,#10625,.F.);
#10752 = ORIENTED_EDGE('',*,*,#10642,.F.);
#10753 = ORIENTED_EDGE('',*,*,#10577,.T.);
#10754 = ORIENTED_EDGE('',*,*,#10601,.T.);
#10755 = PLANE('',#10756);
#10756 = AXIS2_PLACEMENT_3D('',#10757,#10758,#10759);
#10757 = CARTESIAN_POINT('',(-0.32,-0.32,-3.));
#10758 = DIRECTION('',(0.,0.,1.));
#10759 = DIRECTION('',(1.,0.,-0.));
#10760 = ADVANCED_FACE('',(#10761),#10767,.T.);
#10761 = FACE_BOUND('',#10762,.T.);
#10762 = EDGE_LOOP('',(#10763,#10764,#10765,#10766));
#10763 = ORIENTED_EDGE('',*,*,#10697,.T.);
#10764 = ORIENTED_EDGE('',*,*,#10721,.F.);
#10765 = ORIENTED_EDGE('',*,*,#10738,.F.);
#10766 = ORIENTED_EDGE('',*,*,#10673,.T.);
#10767 = PLANE('',#10768);
#10768 = AXIS2_PLACEMENT_3D('',#10769,#10770,#10771);
#10769 = CARTESIAN_POINT('',(-0.32,-0.32,8.54));
#10770 = DIRECTION('',(0.,0.,1.));
#10771 = DIRECTION('',(1.,0.,-0.));
#10772 = ( GEOMETRIC_REPRESENTATION_CONTEXT(3) 
GLOBAL_UNCERTAINTY_ASSIGNED_CONTEXT((#10776)) 
GLOBAL_UNIT_ASSIGNED_CONTEXT((#10773,#10774,#10775)) 
REPRESENTATION_CONTEXT('Context #1',
  '3D Context with UNIT and UNCERTAINTY') );
#10773 = ( LENGTH_UNIT() NAMED_UNIT(*) SI_UNIT(.MILLI.,.METRE.) );
#10774 = ( NAMED_UNIT(*) PLANE_ANGLE_UNIT() SI_UNIT($,.RADIAN.) );
#10775 = ( NAMED_UNIT(*) SI_UNIT($,.STERADIAN.) SOLID_ANGLE_UNIT() );
#10776 = UNCERTAINTY_MEASURE_WITH_UNIT(LENGTH_MEASURE(1.E-07),#10773,
  'distance_accuracy_value','confusion accuracy');
#10777 = CONTEXT_DEPENDENT_SHAPE_REPRESENTATION(#10778,#10780);
#10778 = ( REPRESENTATION_RELATIONSHIP('','',#10013,#10) 
REPRESENTATION_RELATIONSHIP_WITH_TRANSFORMATION(#10779) 
SHAPE_REPRESENTATION_RELATIONSHIP() );
#10779 = ITEM_DEFINED_TRANSFORMATION('','',#11,#51);
#10780 = PRODUCT_DEFINITION_SHAPE('Placement','Placement of an item',
  #10781);
#10781 = NEXT_ASSEMBLY_USAGE_OCCURRENCE('10','J2','',#5,#10008,$);
#10782 = PRODUCT_RELATED_PRODUCT_CATEGORY('part',$,(#10010));
#10783 = SHAPE_DEFINITION_REPRESENTATION(#10784,#10790);
#10784 = PRODUCT_DEFINITION_SHAPE('','',#10785);
#10785 = PRODUCT_DEFINITION('design','',#10786,#10789);
#10786 = PRODUCT_DEFINITION_FORMATION('','',#10787);
#10787 = PRODUCT('outpost split flap thing_PCB',
  'outpost split flap thing_PCB','',(#10788));
#10788 = PRODUCT_CONTEXT('',#2,'mechanical');
#10789 = PRODUCT_DEFINITION_CONTEXT('part definition',#2,'design');
#10790 = ADVANCED_BREP_SHAPE_REPRESENTATION('',(#11,#10791),#12539);
#10791 = MANIFOLD_SOLID_BREP('',#10792);
#10792 = CLOSED_SHELL('',(#10793,#10835,#10866,#10897,#11355,#11813,
    #11830,#11847,#11864,#11881,#11898,#11915,#11932,#11944,#11961,
    #11978,#11995,#12012,#12029,#12046,#12063,#12080,#12097,#12114,
    #12131,#12148,#12165,#12182,#12199,#12216,#12233,#12250,#12267,
    #12284,#12301,#12318,#12335,#12352,#12369,#12386,#12403,#12420,
    #12437,#12454,#12471,#12488,#12505,#12522));
#10793 = ADVANCED_FACE('',(#10794),#10830,.T.);
#10794 = FACE_BOUND('',#10795,.T.);
#10795 = EDGE_LOOP('',(#10796,#10806,#10815,#10823));
#10796 = ORIENTED_EDGE('',*,*,#10797,.T.);
#10797 = EDGE_CURVE('',#10798,#10800,#10802,.T.);
#10798 = VERTEX_POINT('',#10799);
#10799 = CARTESIAN_POINT('',(138.,-84.25,0.));
#10800 = VERTEX_POINT('',#10801);
#10801 = CARTESIAN_POINT('',(138.,-84.25,1.51));
#10802 = LINE('',#10803,#10804);
#10803 = CARTESIAN_POINT('',(138.,-84.25,0.));
#10804 = VECTOR('',#10805,1.);
#10805 = DIRECTION('',(0.,0.,1.));
#10806 = ORIENTED_EDGE('',*,*,#10807,.T.);
#10807 = EDGE_CURVE('',#10800,#10808,#10810,.T.);
#10808 = VERTEX_POINT('',#10809);
#10809 = CARTESIAN_POINT('',(140.,-86.25,1.51));
#10810 = CIRCLE('',#10811,1.99999850585);
#10811 = AXIS2_PLACEMENT_3D('',#10812,#10813,#10814);
#10812 = CARTESIAN_POINT('',(138.00000149415,-86.24999850585,1.51));
#10813 = DIRECTION('',(0.,0.,-1.));
#10814 = DIRECTION('',(-7.470757349539E-07,1.,0.));
#10815 = ORIENTED_EDGE('',*,*,#10816,.F.);
#10816 = EDGE_CURVE('',#10817,#10808,#10819,.T.);
#10817 = VERTEX_POINT('',#10818);
#10818 = CARTESIAN_POINT('',(140.,-86.25,0.));
#10819 = LINE('',#10820,#10821);
#10820 = CARTESIAN_POINT('',(140.,-86.25,0.));
#10821 = VECTOR('',#10822,1.);
#10822 = DIRECTION('',(0.,0.,1.));
#10823 = ORIENTED_EDGE('',*,*,#10824,.F.);
#10824 = EDGE_CURVE('',#10798,#10817,#10825,.T.);
#10825 = CIRCLE('',#10826,1.99999850585);
#10826 = AXIS2_PLACEMENT_3D('',#10827,#10828,#10829);
#10827 = CARTESIAN_POINT('',(138.00000149415,-86.24999850585,0.));
#10828 = DIRECTION('',(0.,0.,-1.));
#10829 = DIRECTION('',(-7.470757349539E-07,1.,0.));
#10830 = CYLINDRICAL_SURFACE('',#10831,1.99999850585);
#10831 = AXIS2_PLACEMENT_3D('',#10832,#10833,#10834);
#10832 = CARTESIAN_POINT('',(138.00000149415,-86.24999850585,0.));
#10833 = DIRECTION('',(0.,0.,-1.));
#10834 = DIRECTION('',(-7.470757349539E-07,1.,0.));
#10835 = ADVANCED_FACE('',(#10836),#10861,.T.);
#10836 = FACE_BOUND('',#10837,.T.);
#10837 = EDGE_LOOP('',(#10838,#10848,#10854,#10855));
#10838 = ORIENTED_EDGE('',*,*,#10839,.T.);
#10839 = EDGE_CURVE('',#10840,#10842,#10844,.T.);
#10840 = VERTEX_POINT('',#10841);
#10841 = CARTESIAN_POINT('',(97.75,-84.25,0.));
#10842 = VERTEX_POINT('',#10843);
#10843 = CARTESIAN_POINT('',(97.75,-84.25,1.51));
#10844 = LINE('',#10845,#10846);
#10845 = CARTESIAN_POINT('',(97.75,-84.25,0.));
#10846 = VECTOR('',#10847,1.);
#10847 = DIRECTION('',(0.,0.,1.));
#10848 = ORIENTED_EDGE('',*,*,#10849,.T.);
#10849 = EDGE_CURVE('',#10842,#10800,#10850,.T.);
#10850 = LINE('',#10851,#10852);
#10851 = CARTESIAN_POINT('',(97.75,-84.25,1.51));
#10852 = VECTOR('',#10853,1.);
#10853 = DIRECTION('',(1.,0.,0.));
#10854 = ORIENTED_EDGE('',*,*,#10797,.F.);
#10855 = ORIENTED_EDGE('',*,*,#10856,.F.);
#10856 = EDGE_CURVE('',#10840,#10798,#10857,.T.);
#10857 = LINE('',#10858,#10859);
#10858 = CARTESIAN_POINT('',(97.75,-84.25,0.));
#10859 = VECTOR('',#10860,1.);
#10860 = DIRECTION('',(1.,0.,0.));
#10861 = PLANE('',#10862);
#10862 = AXIS2_PLACEMENT_3D('',#10863,#10864,#10865);
#10863 = CARTESIAN_POINT('',(97.75,-84.25,0.));
#10864 = DIRECTION('',(0.,1.,0.));
#10865 = DIRECTION('',(1.,0.,0.));
#10866 = ADVANCED_FACE('',(#10867),#10892,.T.);
#10867 = FACE_BOUND('',#10868,.T.);
#10868 = EDGE_LOOP('',(#10869,#10870,#10878,#10886));
#10869 = ORIENTED_EDGE('',*,*,#10816,.T.);
#10870 = ORIENTED_EDGE('',*,*,#10871,.T.);
#10871 = EDGE_CURVE('',#10808,#10872,#10874,.T.);
#10872 = VERTEX_POINT('',#10873);
#10873 = CARTESIAN_POINT('',(140.,-116.5,1.51));
#10874 = LINE('',#10875,#10876);
#10875 = CARTESIAN_POINT('',(140.,-86.25,1.51));
#10876 = VECTOR('',#10877,1.);
#10877 = DIRECTION('',(0.,-1.,0.));
#10878 = ORIENTED_EDGE('',*,*,#10879,.F.);
#10879 = EDGE_CURVE('',#10880,#10872,#10882,.T.);
#10880 = VERTEX_POINT('',#10881);
#10881 = CARTESIAN_POINT('',(140.,-116.5,0.));
#10882 = LINE('',#10883,#10884);
#10883 = CARTESIAN_POINT('',(140.,-116.5,0.));
#10884 = VECTOR('',#10885,1.);
#10885 = DIRECTION('',(0.,0.,1.));
#10886 = ORIENTED_EDGE('',*,*,#10887,.F.);
#10887 = EDGE_CURVE('',#10817,#10880,#10888,.T.);
#10888 = LINE('',#10889,#10890);
#10889 = CARTESIAN_POINT('',(140.,-86.25,0.));
#10890 = VECTOR('',#10891,1.);
#10891 = DIRECTION('',(0.,-1.,0.));
#10892 = PLANE('',#10893);
#10893 = AXIS2_PLACEMENT_3D('',#10894,#10895,#10896);
#10894 = CARTESIAN_POINT('',(140.,-86.25,0.));
#10895 = DIRECTION('',(1.,0.,-0.));
#10896 = DIRECTION('',(0.,-1.,0.));
#10897 = ADVANCED_FACE('',(#10898,#10965,#10976,#10987,#10998,#11009,
    #11020,#11031,#11042,#11053,#11064,#11075,#11086,#11097,#11108,
    #11119,#11130,#11141,#11152,#11163,#11174,#11185,#11196,#11207,
    #11218,#11229,#11240,#11251,#11262,#11273,#11284,#11295,#11306,
    #11317,#11328,#11339),#11350,.F.);
#10898 = FACE_BOUND('',#10899,.F.);
#10899 = EDGE_LOOP('',(#10900,#10901,#10902,#10910,#10918,#10926,#10934,
    #10942,#10950,#10958,#10964));
#10900 = ORIENTED_EDGE('',*,*,#10824,.F.);
#10901 = ORIENTED_EDGE('',*,*,#10856,.F.);
#10902 = ORIENTED_EDGE('',*,*,#10903,.F.);
#10903 = EDGE_CURVE('',#10904,#10840,#10906,.T.);
#10904 = VERTEX_POINT('',#10905);
#10905 = CARTESIAN_POINT('',(95.75,-84.25,0.));
#10906 = LINE('',#10907,#10908);
#10907 = CARTESIAN_POINT('',(95.75,-84.25,0.));
#10908 = VECTOR('',#10909,1.);
#10909 = DIRECTION('',(1.,0.,0.));
#10910 = ORIENTED_EDGE('',*,*,#10911,.F.);
#10911 = EDGE_CURVE('',#10912,#10904,#10914,.T.);
#10912 = VERTEX_POINT('',#10913);
#10913 = CARTESIAN_POINT('',(95.75,-86.25,0.));
#10914 = LINE('',#10915,#10916);
#10915 = CARTESIAN_POINT('',(95.75,-86.25,0.));
#10916 = VECTOR('',#10917,1.);
#10917 = DIRECTION('',(0.,1.,0.));
#10918 = ORIENTED_EDGE('',*,*,#10919,.F.);
#10919 = EDGE_CURVE('',#10920,#10912,#10922,.T.);
#10920 = VERTEX_POINT('',#10921);
#10921 = CARTESIAN_POINT('',(95.75,-116.,0.));
#10922 = LINE('',#10923,#10924);
#10923 = CARTESIAN_POINT('',(95.75,-116.,0.));
#10924 = VECTOR('',#10925,1.);
#10925 = DIRECTION('',(0.,1.,0.));
#10926 = ORIENTED_EDGE('',*,*,#10927,.F.);
#10927 = EDGE_CURVE('',#10928,#10920,#10930,.T.);
#10928 = VERTEX_POINT('',#10929);
#10929 = CARTESIAN_POINT('',(95.75,-116.5,0.));
#10930 = LINE('',#10931,#10932);
#10931 = CARTESIAN_POINT('',(95.75,-116.5,0.));
#10932 = VECTOR('',#10933,1.);
#10933 = DIRECTION('',(0.,1.,0.));
#10934 = ORIENTED_EDGE('',*,*,#10935,.F.);
#10935 = EDGE_CURVE('',#10936,#10928,#10938,.T.);
#10936 = VERTEX_POINT('',#10937);
#10937 = CARTESIAN_POINT('',(97.25,-118.,0.));
#10938 = LINE('',#10939,#10940);
#10939 = CARTESIAN_POINT('',(97.25,-118.,0.));
#10940 = VECTOR('',#10941,1.);
#10941 = DIRECTION('',(-0.707106781187,0.707106781187,0.));
#10942 = ORIENTED_EDGE('',*,*,#10943,.F.);
#10943 = EDGE_CURVE('',#10944,#10936,#10946,.T.);
#10944 = VERTEX_POINT('',#10945);
#10945 = CARTESIAN_POINT('',(97.75,-118.,0.));
#10946 = LINE('',#10947,#10948);
#10947 = CARTESIAN_POINT('',(97.75,-118.,0.));
#10948 = VECTOR('',#10949,1.);
#10949 = DIRECTION('',(-1.,0.,0.));
#10950 = ORIENTED_EDGE('',*,*,#10951,.F.);
#10951 = EDGE_CURVE('',#10952,#10944,#10954,.T.);
#10952 = VERTEX_POINT('',#10953);
#10953 = CARTESIAN_POINT('',(138.,-118.,0.));
#10954 = LINE('',#10955,#10956);
#10955 = CARTESIAN_POINT('',(138.,-118.,0.));
#10956 = VECTOR('',#10957,1.);
#10957 = DIRECTION('',(-1.,0.,0.));
#10958 = ORIENTED_EDGE('',*,*,#10959,.F.);
#10959 = EDGE_CURVE('',#10880,#10952,#10960,.T.);
#10960 = LINE('',#10961,#10962);
#10961 = CARTESIAN_POINT('',(140.,-116.5,0.));
#10962 = VECTOR('',#10963,1.);
#10963 = DIRECTION('',(-0.8,-0.6,0.));
#10964 = ORIENTED_EDGE('',*,*,#10887,.F.);
#10965 = FACE_BOUND('',#10966,.F.);
#10966 = EDGE_LOOP('',(#10967));
#10967 = ORIENTED_EDGE('',*,*,#10968,.T.);
#10968 = EDGE_CURVE('',#10969,#10969,#10971,.T.);
#10969 = VERTEX_POINT('',#10970);
#10970 = CARTESIAN_POINT('',(104.5,-113.75,0.));
#10971 = CIRCLE('',#10972,0.5);
#10972 = AXIS2_PLACEMENT_3D('',#10973,#10974,#10975);
#10973 = CARTESIAN_POINT('',(104.5,-113.25,0.));
#10974 = DIRECTION('',(-0.,0.,-1.));
#10975 = DIRECTION('',(-0.,-1.,0.));
#10976 = FACE_BOUND('',#10977,.F.);
#10977 = EDGE_LOOP('',(#10978));
#10978 = ORIENTED_EDGE('',*,*,#10979,.T.);
#10979 = EDGE_CURVE('',#10980,#10980,#10982,.T.);
#10980 = VERTEX_POINT('',#10981);
#10981 = CARTESIAN_POINT('',(107.04,-113.75,0.));
#10982 = CIRCLE('',#10983,0.5);
#10983 = AXIS2_PLACEMENT_3D('',#10984,#10985,#10986);
#10984 = CARTESIAN_POINT('',(107.04,-113.25,0.));
#10985 = DIRECTION('',(-0.,0.,-1.));
#10986 = DIRECTION('',(-0.,-1.,0.));
#10987 = FACE_BOUND('',#10988,.F.);
#10988 = EDGE_LOOP('',(#10989));
#10989 = ORIENTED_EDGE('',*,*,#10990,.T.);
#10990 = EDGE_CURVE('',#10991,#10991,#10993,.T.);
#10991 = VERTEX_POINT('',#10992);
#10992 = CARTESIAN_POINT('',(113.25,-114.265,0.));
#10993 = CIRCLE('',#10994,0.5);
#10994 = AXIS2_PLACEMENT_3D('',#10995,#10996,#10997);
#10995 = CARTESIAN_POINT('',(113.25,-113.765,0.));
#10996 = DIRECTION('',(-0.,0.,-1.));
#10997 = DIRECTION('',(-0.,-1.,0.));
#10998 = FACE_BOUND('',#10999,.F.);
#10999 = EDGE_LOOP('',(#11000));
#11000 = ORIENTED_EDGE('',*,*,#11001,.T.);
#11001 = EDGE_CURVE('',#11002,#11002,#11004,.T.);
#11002 = VERTEX_POINT('',#11003);
#11003 = CARTESIAN_POINT('',(117.71,-113.95,0.));
#11004 = CIRCLE('',#11005,0.45);
#11005 = AXIS2_PLACEMENT_3D('',#11006,#11007,#11008);
#11006 = CARTESIAN_POINT('',(117.71,-113.5,0.));
#11007 = DIRECTION('',(-0.,0.,-1.));
#11008 = DIRECTION('',(-3.157967714489E-14,-1.,0.));
#11009 = FACE_BOUND('',#11010,.F.);
#11010 = EDGE_LOOP('',(#11011));
#11011 = ORIENTED_EDGE('',*,*,#11012,.T.);
#11012 = EDGE_CURVE('',#11013,#11013,#11015,.T.);
#11013 = VERTEX_POINT('',#11014);
#11014 = CARTESIAN_POINT('',(113.25,-111.725,0.));
#11015 = CIRCLE('',#11016,0.5);
#11016 = AXIS2_PLACEMENT_3D('',#11017,#11018,#11019);
#11017 = CARTESIAN_POINT('',(113.25,-111.225,0.));
#11018 = DIRECTION('',(-0.,0.,-1.));
#11019 = DIRECTION('',(-0.,-1.,0.));
#11020 = FACE_BOUND('',#11021,.F.);
#11021 = EDGE_LOOP('',(#11022));
#11022 = ORIENTED_EDGE('',*,*,#11023,.T.);
#11023 = EDGE_CURVE('',#11024,#11024,#11026,.T.);
#11024 = VERTEX_POINT('',#11025);
#11025 = CARTESIAN_POINT('',(101.5,-101.66,0.));
#11026 = CIRCLE('',#11027,0.5);
#11027 = AXIS2_PLACEMENT_3D('',#11028,#11029,#11030);
#11028 = CARTESIAN_POINT('',(101.5,-101.16,0.));
#11029 = DIRECTION('',(-0.,0.,-1.));
#11030 = DIRECTION('',(-0.,-1.,0.));
#11031 = FACE_BOUND('',#11032,.F.);
#11032 = EDGE_LOOP('',(#11033));
#11033 = ORIENTED_EDGE('',*,*,#11034,.T.);
#11034 = EDGE_CURVE('',#11035,#11035,#11037,.T.);
#11035 = VERTEX_POINT('',#11036);
#11036 = CARTESIAN_POINT('',(106.69,-101.25,0.));
#11037 = CIRCLE('',#11038,0.5);
#11038 = AXIS2_PLACEMENT_3D('',#11039,#11040,#11041);
#11039 = CARTESIAN_POINT('',(106.69,-100.75,0.));
#11040 = DIRECTION('',(-0.,0.,-1.));
#11041 = DIRECTION('',(-0.,-1.,0.));
#11042 = FACE_BOUND('',#11043,.F.);
#11043 = EDGE_LOOP('',(#11044));
#11044 = ORIENTED_EDGE('',*,*,#11045,.T.);
#11045 = EDGE_CURVE('',#11046,#11046,#11048,.T.);
#11046 = VERTEX_POINT('',#11047);
#11047 = CARTESIAN_POINT('',(109.23,-101.25,0.));
#11048 = CIRCLE('',#11049,0.5);
#11049 = AXIS2_PLACEMENT_3D('',#11050,#11051,#11052);
#11050 = CARTESIAN_POINT('',(109.23,-100.75,0.));
#11051 = DIRECTION('',(-0.,0.,-1.));
#11052 = DIRECTION('',(-0.,-1.,0.));
#11053 = FACE_BOUND('',#11054,.F.);
#11054 = EDGE_LOOP('',(#11055));
#11055 = ORIENTED_EDGE('',*,*,#11056,.T.);
#11056 = EDGE_CURVE('',#11057,#11057,#11059,.T.);
#11057 = VERTEX_POINT('',#11058);
#11058 = CARTESIAN_POINT('',(111.77,-101.25,0.));
#11059 = CIRCLE('',#11060,0.5);
#11060 = AXIS2_PLACEMENT_3D('',#11061,#11062,#11063);
#11061 = CARTESIAN_POINT('',(111.77,-100.75,0.));
#11062 = DIRECTION('',(-0.,0.,-1.));
#11063 = DIRECTION('',(-0.,-1.,0.));
#11064 = FACE_BOUND('',#11065,.F.);
#11065 = EDGE_LOOP('',(#11066));
#11066 = ORIENTED_EDGE('',*,*,#11067,.T.);
#11067 = EDGE_CURVE('',#11068,#11068,#11070,.T.);
#11068 = VERTEX_POINT('',#11069);
#11069 = CARTESIAN_POINT('',(114.31,-101.25,0.));
#11070 = CIRCLE('',#11071,0.5);
#11071 = AXIS2_PLACEMENT_3D('',#11072,#11073,#11074);
#11072 = CARTESIAN_POINT('',(114.31,-100.75,0.));
#11073 = DIRECTION('',(-0.,0.,-1.));
#11074 = DIRECTION('',(-0.,-1.,0.));
#11075 = FACE_BOUND('',#11076,.F.);
#11076 = EDGE_LOOP('',(#11077));
#11077 = ORIENTED_EDGE('',*,*,#11078,.T.);
#11078 = EDGE_CURVE('',#11079,#11079,#11081,.T.);
#11079 = VERTEX_POINT('',#11080);
#11080 = CARTESIAN_POINT('',(120.25,-113.95,0.));
#11081 = CIRCLE('',#11082,0.45);
#11082 = AXIS2_PLACEMENT_3D('',#11083,#11084,#11085);
#11083 = CARTESIAN_POINT('',(120.25,-113.5,0.));
#11084 = DIRECTION('',(-0.,0.,-1.));
#11085 = DIRECTION('',(-0.,-1.,0.));
#11086 = FACE_BOUND('',#11087,.F.);
#11087 = EDGE_LOOP('',(#11088));
#11088 = ORIENTED_EDGE('',*,*,#11089,.T.);
#11089 = EDGE_CURVE('',#11090,#11090,#11092,.T.);
#11090 = VERTEX_POINT('',#11091);
#11091 = CARTESIAN_POINT('',(126.,-112.44,0.));
#11092 = CIRCLE('',#11093,0.4);
#11093 = AXIS2_PLACEMENT_3D('',#11094,#11095,#11096);
#11094 = CARTESIAN_POINT('',(126.,-112.04,0.));
#11095 = DIRECTION('',(-0.,0.,-1.));
#11096 = DIRECTION('',(-0.,-1.,0.));
#11097 = FACE_BOUND('',#11098,.F.);
#11098 = EDGE_LOOP('',(#11099));
#11099 = ORIENTED_EDGE('',*,*,#11100,.T.);
#11100 = EDGE_CURVE('',#11101,#11101,#11103,.T.);
#11101 = VERTEX_POINT('',#11102);
#11102 = CARTESIAN_POINT('',(118.5,-108.75,0.));
#11103 = CIRCLE('',#11104,0.5);
#11104 = AXIS2_PLACEMENT_3D('',#11105,#11106,#11107);
#11105 = CARTESIAN_POINT('',(118.5,-108.25,0.));
#11106 = DIRECTION('',(-0.,0.,-1.));
#11107 = DIRECTION('',(-0.,-1.,0.));
#11108 = FACE_BOUND('',#11109,.F.);
#11109 = EDGE_LOOP('',(#11110));
#11110 = ORIENTED_EDGE('',*,*,#11111,.T.);
#11111 = EDGE_CURVE('',#11112,#11112,#11114,.T.);
#11112 = VERTEX_POINT('',#11113);
#11113 = CARTESIAN_POINT('',(126.,-109.9,0.));
#11114 = CIRCLE('',#11115,0.4);
#11115 = AXIS2_PLACEMENT_3D('',#11116,#11117,#11118);
#11116 = CARTESIAN_POINT('',(126.,-109.5,0.));
#11117 = DIRECTION('',(-0.,0.,-1.));
#11118 = DIRECTION('',(-0.,-1.,0.));
#11119 = FACE_BOUND('',#11120,.F.);
#11120 = EDGE_LOOP('',(#11121));
#11121 = ORIENTED_EDGE('',*,*,#11122,.T.);
#11122 = EDGE_CURVE('',#11123,#11123,#11125,.T.);
#11123 = VERTEX_POINT('',#11124);
#11124 = CARTESIAN_POINT('',(123.44,-107.,0.));
#11125 = CIRCLE('',#11126,0.5);
#11126 = AXIS2_PLACEMENT_3D('',#11127,#11128,#11129);
#11127 = CARTESIAN_POINT('',(123.44,-106.5,0.));
#11128 = DIRECTION('',(-0.,0.,-1.));
#11129 = DIRECTION('',(-0.,-1.,0.));
#11130 = FACE_BOUND('',#11131,.F.);
#11131 = EDGE_LOOP('',(#11132));
#11132 = ORIENTED_EDGE('',*,*,#11133,.T.);
#11133 = EDGE_CURVE('',#11134,#11134,#11136,.T.);
#11134 = VERTEX_POINT('',#11135);
#11135 = CARTESIAN_POINT('',(125.98,-107.,0.));
#11136 = CIRCLE('',#11137,0.5);
#11137 = AXIS2_PLACEMENT_3D('',#11138,#11139,#11140);
#11138 = CARTESIAN_POINT('',(125.98,-106.5,0.));
#11139 = DIRECTION('',(-0.,0.,-1.));
#11140 = DIRECTION('',(-0.,-1.,0.));
#11141 = FACE_BOUND('',#11142,.F.);
#11142 = EDGE_LOOP('',(#11143));
#11143 = ORIENTED_EDGE('',*,*,#11144,.T.);
#11144 = EDGE_CURVE('',#11145,#11145,#11147,.T.);
#11145 = VERTEX_POINT('',#11146);
#11146 = CARTESIAN_POINT('',(128.52,-107.,0.));
#11147 = CIRCLE('',#11148,0.5);
#11148 = AXIS2_PLACEMENT_3D('',#11149,#11150,#11151);
#11149 = CARTESIAN_POINT('',(128.52,-106.5,0.));
#11150 = DIRECTION('',(-0.,0.,-1.));
#11151 = DIRECTION('',(-0.,-1.,0.));
#11152 = FACE_BOUND('',#11153,.F.);
#11153 = EDGE_LOOP('',(#11154));
#11154 = ORIENTED_EDGE('',*,*,#11155,.T.);
#11155 = EDGE_CURVE('',#11156,#11156,#11158,.T.);
#11156 = VERTEX_POINT('',#11157);
#11157 = CARTESIAN_POINT('',(131.06,-107.,0.));
#11158 = CIRCLE('',#11159,0.5);
#11159 = AXIS2_PLACEMENT_3D('',#11160,#11161,#11162);
#11160 = CARTESIAN_POINT('',(131.06,-106.5,0.));
#11161 = DIRECTION('',(-0.,0.,-1.));
#11162 = DIRECTION('',(-0.,-1.,0.));
#11163 = FACE_BOUND('',#11164,.F.);
#11164 = EDGE_LOOP('',(#11165));
#11165 = ORIENTED_EDGE('',*,*,#11166,.T.);
#11166 = EDGE_CURVE('',#11167,#11167,#11169,.T.);
#11167 = VERTEX_POINT('',#11168);
#11168 = CARTESIAN_POINT('',(138.5,-101.74,0.));
#11169 = CIRCLE('',#11170,0.5);
#11170 = AXIS2_PLACEMENT_3D('',#11171,#11172,#11173);
#11171 = CARTESIAN_POINT('',(138.5,-101.24,0.));
#11172 = DIRECTION('',(-0.,0.,-1.));
#11173 = DIRECTION('',(-0.,-1.,0.));
#11174 = FACE_BOUND('',#11175,.F.);
#11175 = EDGE_LOOP('',(#11176));
#11176 = ORIENTED_EDGE('',*,*,#11177,.T.);
#11177 = EDGE_CURVE('',#11178,#11178,#11180,.T.);
#11178 = VERTEX_POINT('',#11179);
#11179 = CARTESIAN_POINT('',(101.5,-99.12,0.));
#11180 = CIRCLE('',#11181,0.5);
#11181 = AXIS2_PLACEMENT_3D('',#11182,#11183,#11184);
#11182 = CARTESIAN_POINT('',(101.5,-98.62,0.));
#11183 = DIRECTION('',(-0.,0.,-1.));
#11184 = DIRECTION('',(-0.,-1.,0.));
#11185 = FACE_BOUND('',#11186,.F.);
#11186 = EDGE_LOOP('',(#11187));
#11187 = ORIENTED_EDGE('',*,*,#11188,.T.);
#11188 = EDGE_CURVE('',#11189,#11189,#11191,.T.);
#11189 = VERTEX_POINT('',#11190);
#11190 = CARTESIAN_POINT('',(101.5,-96.58,0.));
#11191 = CIRCLE('',#11192,0.5);
#11192 = AXIS2_PLACEMENT_3D('',#11193,#11194,#11195);
#11193 = CARTESIAN_POINT('',(101.5,-96.08,0.));
#11194 = DIRECTION('',(-0.,0.,-1.));
#11195 = DIRECTION('',(-0.,-1.,0.));
#11196 = FACE_BOUND('',#11197,.F.);
#11197 = EDGE_LOOP('',(#11198));
#11198 = ORIENTED_EDGE('',*,*,#11199,.T.);
#11199 = EDGE_CURVE('',#11200,#11200,#11202,.T.);
#11200 = VERTEX_POINT('',#11201);
#11201 = CARTESIAN_POINT('',(97.58,-94.16,0.));
#11202 = CIRCLE('',#11203,0.5);
#11203 = AXIS2_PLACEMENT_3D('',#11204,#11205,#11206);
#11204 = CARTESIAN_POINT('',(97.58,-93.66,0.));
#11205 = DIRECTION('',(-0.,0.,-1.));
#11206 = DIRECTION('',(-0.,-1.,0.));
#11207 = FACE_BOUND('',#11208,.F.);
#11208 = EDGE_LOOP('',(#11209));
#11209 = ORIENTED_EDGE('',*,*,#11210,.T.);
#11210 = EDGE_CURVE('',#11211,#11211,#11213,.T.);
#11211 = VERTEX_POINT('',#11212);
#11212 = CARTESIAN_POINT('',(101.5,-94.04,0.));
#11213 = CIRCLE('',#11214,0.5);
#11214 = AXIS2_PLACEMENT_3D('',#11215,#11216,#11217);
#11215 = CARTESIAN_POINT('',(101.5,-93.54,0.));
#11216 = DIRECTION('',(-0.,0.,-1.));
#11217 = DIRECTION('',(-0.,-1.,0.));
#11218 = FACE_BOUND('',#11219,.F.);
#11219 = EDGE_LOOP('',(#11220));
#11220 = ORIENTED_EDGE('',*,*,#11221,.T.);
#11221 = EDGE_CURVE('',#11222,#11222,#11224,.T.);
#11222 = VERTEX_POINT('',#11223);
#11223 = CARTESIAN_POINT('',(97.58,-91.62,0.));
#11224 = CIRCLE('',#11225,0.5);
#11225 = AXIS2_PLACEMENT_3D('',#11226,#11227,#11228);
#11226 = CARTESIAN_POINT('',(97.58,-91.12,0.));
#11227 = DIRECTION('',(-0.,0.,-1.));
#11228 = DIRECTION('',(-0.,-1.,0.));
#11229 = FACE_BOUND('',#11230,.F.);
#11230 = EDGE_LOOP('',(#11231));
#11231 = ORIENTED_EDGE('',*,*,#11232,.T.);
#11232 = EDGE_CURVE('',#11233,#11233,#11235,.T.);
#11233 = VERTEX_POINT('',#11234);
#11234 = CARTESIAN_POINT('',(101.5,-91.5,0.));
#11235 = CIRCLE('',#11236,0.5);
#11236 = AXIS2_PLACEMENT_3D('',#11237,#11238,#11239);
#11237 = CARTESIAN_POINT('',(101.5,-91.,0.));
#11238 = DIRECTION('',(-0.,0.,-1.));
#11239 = DIRECTION('',(-0.,-1.,0.));
#11240 = FACE_BOUND('',#11241,.F.);
#11241 = EDGE_LOOP('',(#11242));
#11242 = ORIENTED_EDGE('',*,*,#11243,.T.);
#11243 = EDGE_CURVE('',#11244,#11244,#11246,.T.);
#11244 = VERTEX_POINT('',#11245);
#11245 = CARTESIAN_POINT('',(97.58,-89.08,0.));
#11246 = CIRCLE('',#11247,0.5);
#11247 = AXIS2_PLACEMENT_3D('',#11248,#11249,#11250);
#11248 = CARTESIAN_POINT('',(97.58,-88.58,0.));
#11249 = DIRECTION('',(-0.,0.,-1.));
#11250 = DIRECTION('',(-0.,-1.,0.));
#11251 = FACE_BOUND('',#11252,.F.);
#11252 = EDGE_LOOP('',(#11253));
#11253 = ORIENTED_EDGE('',*,*,#11254,.T.);
#11254 = EDGE_CURVE('',#11255,#11255,#11257,.T.);
#11255 = VERTEX_POINT('',#11256);
#11256 = CARTESIAN_POINT('',(101.5,-88.96,0.));
#11257 = CIRCLE('',#11258,0.5);
#11258 = AXIS2_PLACEMENT_3D('',#11259,#11260,#11261);
#11259 = CARTESIAN_POINT('',(101.5,-88.46,0.));
#11260 = DIRECTION('',(-0.,0.,-1.));
#11261 = DIRECTION('',(-0.,-1.,0.));
#11262 = FACE_BOUND('',#11263,.F.);
#11263 = EDGE_LOOP('',(#11264));
#11264 = ORIENTED_EDGE('',*,*,#11265,.T.);
#11265 = EDGE_CURVE('',#11266,#11266,#11268,.T.);
#11266 = VERTEX_POINT('',#11267);
#11267 = CARTESIAN_POINT('',(97.58,-86.54,0.));
#11268 = CIRCLE('',#11269,0.5);
#11269 = AXIS2_PLACEMENT_3D('',#11270,#11271,#11272);
#11270 = CARTESIAN_POINT('',(97.58,-86.04,0.));
#11271 = DIRECTION('',(-0.,0.,-1.));
#11272 = DIRECTION('',(-0.,-1.,0.));
#11273 = FACE_BOUND('',#11274,.F.);
#11274 = EDGE_LOOP('',(#11275));
#11275 = ORIENTED_EDGE('',*,*,#11276,.T.);
#11276 = EDGE_CURVE('',#11277,#11277,#11279,.T.);
#11277 = VERTEX_POINT('',#11278);
#11278 = CARTESIAN_POINT('',(101.5,-86.42,0.));
#11279 = CIRCLE('',#11280,0.5);
#11280 = AXIS2_PLACEMENT_3D('',#11281,#11282,#11283);
#11281 = CARTESIAN_POINT('',(101.5,-85.92,0.));
#11282 = DIRECTION('',(-0.,0.,-1.));
#11283 = DIRECTION('',(-0.,-1.,0.));
#11284 = FACE_BOUND('',#11285,.F.);
#11285 = EDGE_LOOP('',(#11286));
#11286 = ORIENTED_EDGE('',*,*,#11287,.T.);
#11287 = EDGE_CURVE('',#11288,#11288,#11290,.T.);
#11288 = VERTEX_POINT('',#11289);
#11289 = CARTESIAN_POINT('',(138.5,-99.2,0.));
#11290 = CIRCLE('',#11291,0.5);
#11291 = AXIS2_PLACEMENT_3D('',#11292,#11293,#11294);
#11292 = CARTESIAN_POINT('',(138.5,-98.7,0.));
#11293 = DIRECTION('',(-0.,0.,-1.));
#11294 = DIRECTION('',(-0.,-1.,0.));
#11295 = FACE_BOUND('',#11296,.F.);
#11296 = EDGE_LOOP('',(#11297));
#11297 = ORIENTED_EDGE('',*,*,#11298,.T.);
#11298 = EDGE_CURVE('',#11299,#11299,#11301,.T.);
#11299 = VERTEX_POINT('',#11300);
#11300 = CARTESIAN_POINT('',(138.5,-96.66,0.));
#11301 = CIRCLE('',#11302,0.5);
#11302 = AXIS2_PLACEMENT_3D('',#11303,#11304,#11305);
#11303 = CARTESIAN_POINT('',(138.5,-96.16,0.));
#11304 = DIRECTION('',(-0.,0.,-1.));
#11305 = DIRECTION('',(-0.,-1.,0.));
#11306 = FACE_BOUND('',#11307,.F.);
#11307 = EDGE_LOOP('',(#11308));
#11308 = ORIENTED_EDGE('',*,*,#11309,.T.);
#11309 = EDGE_CURVE('',#11310,#11310,#11312,.T.);
#11310 = VERTEX_POINT('',#11311);
#11311 = CARTESIAN_POINT('',(138.5,-94.12,0.));
#11312 = CIRCLE('',#11313,0.5);
#11313 = AXIS2_PLACEMENT_3D('',#11314,#11315,#11316);
#11314 = CARTESIAN_POINT('',(138.5,-93.62,0.));
#11315 = DIRECTION('',(-0.,0.,-1.));
#11316 = DIRECTION('',(-0.,-1.,0.));
#11317 = FACE_BOUND('',#11318,.F.);
#11318 = EDGE_LOOP('',(#11319));
#11319 = ORIENTED_EDGE('',*,*,#11320,.T.);
#11320 = EDGE_CURVE('',#11321,#11321,#11323,.T.);
#11321 = VERTEX_POINT('',#11322);
#11322 = CARTESIAN_POINT('',(138.5,-91.58,0.));
#11323 = CIRCLE('',#11324,0.5);
#11324 = AXIS2_PLACEMENT_3D('',#11325,#11326,#11327);
#11325 = CARTESIAN_POINT('',(138.5,-91.08,0.));
#11326 = DIRECTION('',(-0.,0.,-1.));
#11327 = DIRECTION('',(-0.,-1.,0.));
#11328 = FACE_BOUND('',#11329,.F.);
#11329 = EDGE_LOOP('',(#11330));
#11330 = ORIENTED_EDGE('',*,*,#11331,.T.);
#11331 = EDGE_CURVE('',#11332,#11332,#11334,.T.);
#11332 = VERTEX_POINT('',#11333);
#11333 = CARTESIAN_POINT('',(138.5,-89.04,0.));
#11334 = CIRCLE('',#11335,0.5);
#11335 = AXIS2_PLACEMENT_3D('',#11336,#11337,#11338);
#11336 = CARTESIAN_POINT('',(138.5,-88.54,0.));
#11337 = DIRECTION('',(-0.,0.,-1.));
#11338 = DIRECTION('',(-0.,-1.,0.));
#11339 = FACE_BOUND('',#11340,.F.);
#11340 = EDGE_LOOP('',(#11341));
#11341 = ORIENTED_EDGE('',*,*,#11342,.T.);
#11342 = EDGE_CURVE('',#11343,#11343,#11345,.T.);
#11343 = VERTEX_POINT('',#11344);
#11344 = CARTESIAN_POINT('',(138.5,-86.5,0.));
#11345 = CIRCLE('',#11346,0.5);
#11346 = AXIS2_PLACEMENT_3D('',#11347,#11348,#11349);
#11347 = CARTESIAN_POINT('',(138.5,-86.,0.));
#11348 = DIRECTION('',(-0.,0.,-1.));
#11349 = DIRECTION('',(-0.,-1.,0.));
#11350 = PLANE('',#11351);
#11351 = AXIS2_PLACEMENT_3D('',#11352,#11353,#11354);
#11352 = CARTESIAN_POINT('',(0.,0.,0.));
#11353 = DIRECTION('',(0.,0.,1.));
#11354 = DIRECTION('',(1.,0.,-0.));
#11355 = ADVANCED_FACE('',(#11356,#11423,#11434,#11445,#11456,#11467,
    #11478,#11489,#11500,#11511,#11522,#11533,#11544,#11555,#11566,
    #11577,#11588,#11599,#11610,#11621,#11632,#11643,#11654,#11665,
    #11676,#11687,#11698,#11709,#11720,#11731,#11742,#11753,#11764,
    #11775,#11786,#11797),#11808,.T.);
#11356 = FACE_BOUND('',#11357,.T.);
#11357 = EDGE_LOOP('',(#11358,#11359,#11360,#11368,#11376,#11384,#11392,
    #11400,#11408,#11416,#11422));
#11358 = ORIENTED_EDGE('',*,*,#10807,.F.);
#11359 = ORIENTED_EDGE('',*,*,#10849,.F.);
#11360 = ORIENTED_EDGE('',*,*,#11361,.F.);
#11361 = EDGE_CURVE('',#11362,#10842,#11364,.T.);
#11362 = VERTEX_POINT('',#11363);
#11363 = CARTESIAN_POINT('',(95.75,-84.25,1.51));
#11364 = LINE('',#11365,#11366);
#11365 = CARTESIAN_POINT('',(95.75,-84.25,1.51));
#11366 = VECTOR('',#11367,1.);
#11367 = DIRECTION('',(1.,0.,0.));
#11368 = ORIENTED_EDGE('',*,*,#11369,.F.);
#11369 = EDGE_CURVE('',#11370,#11362,#11372,.T.);
#11370 = VERTEX_POINT('',#11371);
#11371 = CARTESIAN_POINT('',(95.75,-86.25,1.51));
#11372 = LINE('',#11373,#11374);
#11373 = CARTESIAN_POINT('',(95.75,-86.25,1.51));
#11374 = VECTOR('',#11375,1.);
#11375 = DIRECTION('',(0.,1.,0.));
#11376 = ORIENTED_EDGE('',*,*,#11377,.F.);
#11377 = EDGE_CURVE('',#11378,#11370,#11380,.T.);
#11378 = VERTEX_POINT('',#11379);
#11379 = CARTESIAN_POINT('',(95.75,-116.,1.51));
#11380 = LINE('',#11381,#11382);
#11381 = CARTESIAN_POINT('',(95.75,-116.,1.51));
#11382 = VECTOR('',#11383,1.);
#11383 = DIRECTION('',(0.,1.,0.));
#11384 = ORIENTED_EDGE('',*,*,#11385,.F.);
#11385 = EDGE_CURVE('',#11386,#11378,#11388,.T.);
#11386 = VERTEX_POINT('',#11387);
#11387 = CARTESIAN_POINT('',(95.75,-116.5,1.51));
#11388 = LINE('',#11389,#11390);
#11389 = CARTESIAN_POINT('',(95.75,-116.5,1.51));
#11390 = VECTOR('',#11391,1.);
#11391 = DIRECTION('',(0.,1.,0.));
#11392 = ORIENTED_EDGE('',*,*,#11393,.F.);
#11393 = EDGE_CURVE('',#11394,#11386,#11396,.T.);
#11394 = VERTEX_POINT('',#11395);
#11395 = CARTESIAN_POINT('',(97.25,-118.,1.51));
#11396 = LINE('',#11397,#11398);
#11397 = CARTESIAN_POINT('',(97.25,-118.,1.51));
#11398 = VECTOR('',#11399,1.);
#11399 = DIRECTION('',(-0.707106781187,0.707106781187,0.));
#11400 = ORIENTED_EDGE('',*,*,#11401,.F.);
#11401 = EDGE_CURVE('',#11402,#11394,#11404,.T.);
#11402 = VERTEX_POINT('',#11403);
#11403 = CARTESIAN_POINT('',(97.75,-118.,1.51));
#11404 = LINE('',#11405,#11406);
#11405 = CARTESIAN_POINT('',(97.75,-118.,1.51));
#11406 = VECTOR('',#11407,1.);
#11407 = DIRECTION('',(-1.,0.,0.));
#11408 = ORIENTED_EDGE('',*,*,#11409,.F.);
#11409 = EDGE_CURVE('',#11410,#11402,#11412,.T.);
#11410 = VERTEX_POINT('',#11411);
#11411 = CARTESIAN_POINT('',(138.,-118.,1.51));
#11412 = LINE('',#11413,#11414);
#11413 = CARTESIAN_POINT('',(138.,-118.,1.51));
#11414 = VECTOR('',#11415,1.);
#11415 = DIRECTION('',(-1.,0.,0.));
#11416 = ORIENTED_EDGE('',*,*,#11417,.F.);
#11417 = EDGE_CURVE('',#10872,#11410,#11418,.T.);
#11418 = LINE('',#11419,#11420);
#11419 = CARTESIAN_POINT('',(140.,-116.5,1.51));
#11420 = VECTOR('',#11421,1.);
#11421 = DIRECTION('',(-0.8,-0.6,0.));
#11422 = ORIENTED_EDGE('',*,*,#10871,.F.);
#11423 = FACE_BOUND('',#11424,.T.);
#11424 = EDGE_LOOP('',(#11425));
#11425 = ORIENTED_EDGE('',*,*,#11426,.T.);
#11426 = EDGE_CURVE('',#11427,#11427,#11429,.T.);
#11427 = VERTEX_POINT('',#11428);
#11428 = CARTESIAN_POINT('',(104.5,-113.75,1.51));
#11429 = CIRCLE('',#11430,0.5);
#11430 = AXIS2_PLACEMENT_3D('',#11431,#11432,#11433);
#11431 = CARTESIAN_POINT('',(104.5,-113.25,1.51));
#11432 = DIRECTION('',(-0.,0.,-1.));
#11433 = DIRECTION('',(-0.,-1.,0.));
#11434 = FACE_BOUND('',#11435,.T.);
#11435 = EDGE_LOOP('',(#11436));
#11436 = ORIENTED_EDGE('',*,*,#11437,.T.);
#11437 = EDGE_CURVE('',#11438,#11438,#11440,.T.);
#11438 = VERTEX_POINT('',#11439);
#11439 = CARTESIAN_POINT('',(107.04,-113.75,1.51));
#11440 = CIRCLE('',#11441,0.5);
#11441 = AXIS2_PLACEMENT_3D('',#11442,#11443,#11444);
#11442 = CARTESIAN_POINT('',(107.04,-113.25,1.51));
#11443 = DIRECTION('',(-0.,0.,-1.));
#11444 = DIRECTION('',(-0.,-1.,0.));
#11445 = FACE_BOUND('',#11446,.T.);
#11446 = EDGE_LOOP('',(#11447));
#11447 = ORIENTED_EDGE('',*,*,#11448,.T.);
#11448 = EDGE_CURVE('',#11449,#11449,#11451,.T.);
#11449 = VERTEX_POINT('',#11450);
#11450 = CARTESIAN_POINT('',(113.25,-114.265,1.51));
#11451 = CIRCLE('',#11452,0.5);
#11452 = AXIS2_PLACEMENT_3D('',#11453,#11454,#11455);
#11453 = CARTESIAN_POINT('',(113.25,-113.765,1.51));
#11454 = DIRECTION('',(-0.,0.,-1.));
#11455 = DIRECTION('',(-0.,-1.,0.));
#11456 = FACE_BOUND('',#11457,.T.);
#11457 = EDGE_LOOP('',(#11458));
#11458 = ORIENTED_EDGE('',*,*,#11459,.T.);
#11459 = EDGE_CURVE('',#11460,#11460,#11462,.T.);
#11460 = VERTEX_POINT('',#11461);
#11461 = CARTESIAN_POINT('',(117.71,-113.95,1.51));
#11462 = CIRCLE('',#11463,0.45);
#11463 = AXIS2_PLACEMENT_3D('',#11464,#11465,#11466);
#11464 = CARTESIAN_POINT('',(117.71,-113.5,1.51));
#11465 = DIRECTION('',(-0.,0.,-1.));
#11466 = DIRECTION('',(-3.157967714489E-14,-1.,0.));
#11467 = FACE_BOUND('',#11468,.T.);
#11468 = EDGE_LOOP('',(#11469));
#11469 = ORIENTED_EDGE('',*,*,#11470,.T.);
#11470 = EDGE_CURVE('',#11471,#11471,#11473,.T.);
#11471 = VERTEX_POINT('',#11472);
#11472 = CARTESIAN_POINT('',(113.25,-111.725,1.51));
#11473 = CIRCLE('',#11474,0.5);
#11474 = AXIS2_PLACEMENT_3D('',#11475,#11476,#11477);
#11475 = CARTESIAN_POINT('',(113.25,-111.225,1.51));
#11476 = DIRECTION('',(-0.,0.,-1.));
#11477 = DIRECTION('',(-0.,-1.,0.));
#11478 = FACE_BOUND('',#11479,.T.);
#11479 = EDGE_LOOP('',(#11480));
#11480 = ORIENTED_EDGE('',*,*,#11481,.T.);
#11481 = EDGE_CURVE('',#11482,#11482,#11484,.T.);
#11482 = VERTEX_POINT('',#11483);
#11483 = CARTESIAN_POINT('',(101.5,-101.66,1.51));
#11484 = CIRCLE('',#11485,0.5);
#11485 = AXIS2_PLACEMENT_3D('',#11486,#11487,#11488);
#11486 = CARTESIAN_POINT('',(101.5,-101.16,1.51));
#11487 = DIRECTION('',(-0.,0.,-1.));
#11488 = DIRECTION('',(-0.,-1.,0.));
#11489 = FACE_BOUND('',#11490,.T.);
#11490 = EDGE_LOOP('',(#11491));
#11491 = ORIENTED_EDGE('',*,*,#11492,.T.);
#11492 = EDGE_CURVE('',#11493,#11493,#11495,.T.);
#11493 = VERTEX_POINT('',#11494);
#11494 = CARTESIAN_POINT('',(106.69,-101.25,1.51));
#11495 = CIRCLE('',#11496,0.5);
#11496 = AXIS2_PLACEMENT_3D('',#11497,#11498,#11499);
#11497 = CARTESIAN_POINT('',(106.69,-100.75,1.51));
#11498 = DIRECTION('',(-0.,0.,-1.));
#11499 = DIRECTION('',(-0.,-1.,0.));
#11500 = FACE_BOUND('',#11501,.T.);
#11501 = EDGE_LOOP('',(#11502));
#11502 = ORIENTED_EDGE('',*,*,#11503,.T.);
#11503 = EDGE_CURVE('',#11504,#11504,#11506,.T.);
#11504 = VERTEX_POINT('',#11505);
#11505 = CARTESIAN_POINT('',(109.23,-101.25,1.51));
#11506 = CIRCLE('',#11507,0.5);
#11507 = AXIS2_PLACEMENT_3D('',#11508,#11509,#11510);
#11508 = CARTESIAN_POINT('',(109.23,-100.75,1.51));
#11509 = DIRECTION('',(-0.,0.,-1.));
#11510 = DIRECTION('',(-0.,-1.,0.));
#11511 = FACE_BOUND('',#11512,.T.);
#11512 = EDGE_LOOP('',(#11513));
#11513 = ORIENTED_EDGE('',*,*,#11514,.T.);
#11514 = EDGE_CURVE('',#11515,#11515,#11517,.T.);
#11515 = VERTEX_POINT('',#11516);
#11516 = CARTESIAN_POINT('',(111.77,-101.25,1.51));
#11517 = CIRCLE('',#11518,0.5);
#11518 = AXIS2_PLACEMENT_3D('',#11519,#11520,#11521);
#11519 = CARTESIAN_POINT('',(111.77,-100.75,1.51));
#11520 = DIRECTION('',(-0.,0.,-1.));
#11521 = DIRECTION('',(-0.,-1.,0.));
#11522 = FACE_BOUND('',#11523,.T.);
#11523 = EDGE_LOOP('',(#11524));
#11524 = ORIENTED_EDGE('',*,*,#11525,.T.);
#11525 = EDGE_CURVE('',#11526,#11526,#11528,.T.);
#11526 = VERTEX_POINT('',#11527);
#11527 = CARTESIAN_POINT('',(114.31,-101.25,1.51));
#11528 = CIRCLE('',#11529,0.5);
#11529 = AXIS2_PLACEMENT_3D('',#11530,#11531,#11532);
#11530 = CARTESIAN_POINT('',(114.31,-100.75,1.51));
#11531 = DIRECTION('',(-0.,0.,-1.));
#11532 = DIRECTION('',(-0.,-1.,0.));
#11533 = FACE_BOUND('',#11534,.T.);
#11534 = EDGE_LOOP('',(#11535));
#11535 = ORIENTED_EDGE('',*,*,#11536,.T.);
#11536 = EDGE_CURVE('',#11537,#11537,#11539,.T.);
#11537 = VERTEX_POINT('',#11538);
#11538 = CARTESIAN_POINT('',(120.25,-113.95,1.51));
#11539 = CIRCLE('',#11540,0.45);
#11540 = AXIS2_PLACEMENT_3D('',#11541,#11542,#11543);
#11541 = CARTESIAN_POINT('',(120.25,-113.5,1.51));
#11542 = DIRECTION('',(-0.,0.,-1.));
#11543 = DIRECTION('',(-0.,-1.,0.));
#11544 = FACE_BOUND('',#11545,.T.);
#11545 = EDGE_LOOP('',(#11546));
#11546 = ORIENTED_EDGE('',*,*,#11547,.T.);
#11547 = EDGE_CURVE('',#11548,#11548,#11550,.T.);
#11548 = VERTEX_POINT('',#11549);
#11549 = CARTESIAN_POINT('',(126.,-112.44,1.51));
#11550 = CIRCLE('',#11551,0.4);
#11551 = AXIS2_PLACEMENT_3D('',#11552,#11553,#11554);
#11552 = CARTESIAN_POINT('',(126.,-112.04,1.51));
#11553 = DIRECTION('',(-0.,0.,-1.));
#11554 = DIRECTION('',(-0.,-1.,0.));
#11555 = FACE_BOUND('',#11556,.T.);
#11556 = EDGE_LOOP('',(#11557));
#11557 = ORIENTED_EDGE('',*,*,#11558,.T.);
#11558 = EDGE_CURVE('',#11559,#11559,#11561,.T.);
#11559 = VERTEX_POINT('',#11560);
#11560 = CARTESIAN_POINT('',(118.5,-108.75,1.51));
#11561 = CIRCLE('',#11562,0.5);
#11562 = AXIS2_PLACEMENT_3D('',#11563,#11564,#11565);
#11563 = CARTESIAN_POINT('',(118.5,-108.25,1.51));
#11564 = DIRECTION('',(-0.,0.,-1.));
#11565 = DIRECTION('',(-0.,-1.,0.));
#11566 = FACE_BOUND('',#11567,.T.);
#11567 = EDGE_LOOP('',(#11568));
#11568 = ORIENTED_EDGE('',*,*,#11569,.T.);
#11569 = EDGE_CURVE('',#11570,#11570,#11572,.T.);
#11570 = VERTEX_POINT('',#11571);
#11571 = CARTESIAN_POINT('',(126.,-109.9,1.51));
#11572 = CIRCLE('',#11573,0.4);
#11573 = AXIS2_PLACEMENT_3D('',#11574,#11575,#11576);
#11574 = CARTESIAN_POINT('',(126.,-109.5,1.51));
#11575 = DIRECTION('',(-0.,0.,-1.));
#11576 = DIRECTION('',(-0.,-1.,0.));
#11577 = FACE_BOUND('',#11578,.T.);
#11578 = EDGE_LOOP('',(#11579));
#11579 = ORIENTED_EDGE('',*,*,#11580,.T.);
#11580 = EDGE_CURVE('',#11581,#11581,#11583,.T.);
#11581 = VERTEX_POINT('',#11582);
#11582 = CARTESIAN_POINT('',(123.44,-107.,1.51));
#11583 = CIRCLE('',#11584,0.5);
#11584 = AXIS2_PLACEMENT_3D('',#11585,#11586,#11587);
#11585 = CARTESIAN_POINT('',(123.44,-106.5,1.51));
#11586 = DIRECTION('',(-0.,0.,-1.));
#11587 = DIRECTION('',(-0.,-1.,0.));
#11588 = FACE_BOUND('',#11589,.T.);
#11589 = EDGE_LOOP('',(#11590));
#11590 = ORIENTED_EDGE('',*,*,#11591,.T.);
#11591 = EDGE_CURVE('',#11592,#11592,#11594,.T.);
#11592 = VERTEX_POINT('',#11593);
#11593 = CARTESIAN_POINT('',(125.98,-107.,1.51));
#11594 = CIRCLE('',#11595,0.5);
#11595 = AXIS2_PLACEMENT_3D('',#11596,#11597,#11598);
#11596 = CARTESIAN_POINT('',(125.98,-106.5,1.51));
#11597 = DIRECTION('',(-0.,0.,-1.));
#11598 = DIRECTION('',(-0.,-1.,0.));
#11599 = FACE_BOUND('',#11600,.T.);
#11600 = EDGE_LOOP('',(#11601));
#11601 = ORIENTED_EDGE('',*,*,#11602,.T.);
#11602 = EDGE_CURVE('',#11603,#11603,#11605,.T.);
#11603 = VERTEX_POINT('',#11604);
#11604 = CARTESIAN_POINT('',(128.52,-107.,1.51));
#11605 = CIRCLE('',#11606,0.5);
#11606 = AXIS2_PLACEMENT_3D('',#11607,#11608,#11609);
#11607 = CARTESIAN_POINT('',(128.52,-106.5,1.51));
#11608 = DIRECTION('',(-0.,0.,-1.));
#11609 = DIRECTION('',(-0.,-1.,0.));
#11610 = FACE_BOUND('',#11611,.T.);
#11611 = EDGE_LOOP('',(#11612));
#11612 = ORIENTED_EDGE('',*,*,#11613,.T.);
#11613 = EDGE_CURVE('',#11614,#11614,#11616,.T.);
#11614 = VERTEX_POINT('',#11615);
#11615 = CARTESIAN_POINT('',(131.06,-107.,1.51));
#11616 = CIRCLE('',#11617,0.5);
#11617 = AXIS2_PLACEMENT_3D('',#11618,#11619,#11620);
#11618 = CARTESIAN_POINT('',(131.06,-106.5,1.51));
#11619 = DIRECTION('',(-0.,0.,-1.));
#11620 = DIRECTION('',(-0.,-1.,0.));
#11621 = FACE_BOUND('',#11622,.T.);
#11622 = EDGE_LOOP('',(#11623));
#11623 = ORIENTED_EDGE('',*,*,#11624,.T.);
#11624 = EDGE_CURVE('',#11625,#11625,#11627,.T.);
#11625 = VERTEX_POINT('',#11626);
#11626 = CARTESIAN_POINT('',(138.5,-101.74,1.51));
#11627 = CIRCLE('',#11628,0.5);
#11628 = AXIS2_PLACEMENT_3D('',#11629,#11630,#11631);
#11629 = CARTESIAN_POINT('',(138.5,-101.24,1.51));
#11630 = DIRECTION('',(-0.,0.,-1.));
#11631 = DIRECTION('',(-0.,-1.,0.));
#11632 = FACE_BOUND('',#11633,.T.);
#11633 = EDGE_LOOP('',(#11634));
#11634 = ORIENTED_EDGE('',*,*,#11635,.T.);
#11635 = EDGE_CURVE('',#11636,#11636,#11638,.T.);
#11636 = VERTEX_POINT('',#11637);
#11637 = CARTESIAN_POINT('',(101.5,-99.12,1.51));
#11638 = CIRCLE('',#11639,0.5);
#11639 = AXIS2_PLACEMENT_3D('',#11640,#11641,#11642);
#11640 = CARTESIAN_POINT('',(101.5,-98.62,1.51));
#11641 = DIRECTION('',(-0.,0.,-1.));
#11642 = DIRECTION('',(-0.,-1.,0.));
#11643 = FACE_BOUND('',#11644,.T.);
#11644 = EDGE_LOOP('',(#11645));
#11645 = ORIENTED_EDGE('',*,*,#11646,.T.);
#11646 = EDGE_CURVE('',#11647,#11647,#11649,.T.);
#11647 = VERTEX_POINT('',#11648);
#11648 = CARTESIAN_POINT('',(101.5,-96.58,1.51));
#11649 = CIRCLE('',#11650,0.5);
#11650 = AXIS2_PLACEMENT_3D('',#11651,#11652,#11653);
#11651 = CARTESIAN_POINT('',(101.5,-96.08,1.51));
#11652 = DIRECTION('',(-0.,0.,-1.));
#11653 = DIRECTION('',(-0.,-1.,0.));
#11654 = FACE_BOUND('',#11655,.T.);
#11655 = EDGE_LOOP('',(#11656));
#11656 = ORIENTED_EDGE('',*,*,#11657,.T.);
#11657 = EDGE_CURVE('',#11658,#11658,#11660,.T.);
#11658 = VERTEX_POINT('',#11659);
#11659 = CARTESIAN_POINT('',(97.58,-94.16,1.51));
#11660 = CIRCLE('',#11661,0.5);
#11661 = AXIS2_PLACEMENT_3D('',#11662,#11663,#11664);
#11662 = CARTESIAN_POINT('',(97.58,-93.66,1.51));
#11663 = DIRECTION('',(-0.,0.,-1.));
#11664 = DIRECTION('',(-0.,-1.,0.));
#11665 = FACE_BOUND('',#11666,.T.);
#11666 = EDGE_LOOP('',(#11667));
#11667 = ORIENTED_EDGE('',*,*,#11668,.T.);
#11668 = EDGE_CURVE('',#11669,#11669,#11671,.T.);
#11669 = VERTEX_POINT('',#11670);
#11670 = CARTESIAN_POINT('',(101.5,-94.04,1.51));
#11671 = CIRCLE('',#11672,0.5);
#11672 = AXIS2_PLACEMENT_3D('',#11673,#11674,#11675);
#11673 = CARTESIAN_POINT('',(101.5,-93.54,1.51));
#11674 = DIRECTION('',(-0.,0.,-1.));
#11675 = DIRECTION('',(-0.,-1.,0.));
#11676 = FACE_BOUND('',#11677,.T.);
#11677 = EDGE_LOOP('',(#11678));
#11678 = ORIENTED_EDGE('',*,*,#11679,.T.);
#11679 = EDGE_CURVE('',#11680,#11680,#11682,.T.);
#11680 = VERTEX_POINT('',#11681);
#11681 = CARTESIAN_POINT('',(97.58,-91.62,1.51));
#11682 = CIRCLE('',#11683,0.5);
#11683 = AXIS2_PLACEMENT_3D('',#11684,#11685,#11686);
#11684 = CARTESIAN_POINT('',(97.58,-91.12,1.51));
#11685 = DIRECTION('',(-0.,0.,-1.));
#11686 = DIRECTION('',(-0.,-1.,0.));
#11687 = FACE_BOUND('',#11688,.T.);
#11688 = EDGE_LOOP('',(#11689));
#11689 = ORIENTED_EDGE('',*,*,#11690,.T.);
#11690 = EDGE_CURVE('',#11691,#11691,#11693,.T.);
#11691 = VERTEX_POINT('',#11692);
#11692 = CARTESIAN_POINT('',(101.5,-91.5,1.51));
#11693 = CIRCLE('',#11694,0.5);
#11694 = AXIS2_PLACEMENT_3D('',#11695,#11696,#11697);
#11695 = CARTESIAN_POINT('',(101.5,-91.,1.51));
#11696 = DIRECTION('',(-0.,0.,-1.));
#11697 = DIRECTION('',(-0.,-1.,0.));
#11698 = FACE_BOUND('',#11699,.T.);
#11699 = EDGE_LOOP('',(#11700));
#11700 = ORIENTED_EDGE('',*,*,#11701,.T.);
#11701 = EDGE_CURVE('',#11702,#11702,#11704,.T.);
#11702 = VERTEX_POINT('',#11703);
#11703 = CARTESIAN_POINT('',(97.58,-89.08,1.51));
#11704 = CIRCLE('',#11705,0.5);
#11705 = AXIS2_PLACEMENT_3D('',#11706,#11707,#11708);
#11706 = CARTESIAN_POINT('',(97.58,-88.58,1.51));
#11707 = DIRECTION('',(-0.,0.,-1.));
#11708 = DIRECTION('',(-0.,-1.,0.));
#11709 = FACE_BOUND('',#11710,.T.);
#11710 = EDGE_LOOP('',(#11711));
#11711 = ORIENTED_EDGE('',*,*,#11712,.T.);
#11712 = EDGE_CURVE('',#11713,#11713,#11715,.T.);
#11713 = VERTEX_POINT('',#11714);
#11714 = CARTESIAN_POINT('',(101.5,-88.96,1.51));
#11715 = CIRCLE('',#11716,0.5);
#11716 = AXIS2_PLACEMENT_3D('',#11717,#11718,#11719);
#11717 = CARTESIAN_POINT('',(101.5,-88.46,1.51));
#11718 = DIRECTION('',(-0.,0.,-1.));
#11719 = DIRECTION('',(-0.,-1.,0.));
#11720 = FACE_BOUND('',#11721,.T.);
#11721 = EDGE_LOOP('',(#11722));
#11722 = ORIENTED_EDGE('',*,*,#11723,.T.);
#11723 = EDGE_CURVE('',#11724,#11724,#11726,.T.);
#11724 = VERTEX_POINT('',#11725);
#11725 = CARTESIAN_POINT('',(97.58,-86.54,1.51));
#11726 = CIRCLE('',#11727,0.5);
#11727 = AXIS2_PLACEMENT_3D('',#11728,#11729,#11730);
#11728 = CARTESIAN_POINT('',(97.58,-86.04,1.51));
#11729 = DIRECTION('',(-0.,0.,-1.));
#11730 = DIRECTION('',(-0.,-1.,0.));
#11731 = FACE_BOUND('',#11732,.T.);
#11732 = EDGE_LOOP('',(#11733));
#11733 = ORIENTED_EDGE('',*,*,#11734,.T.);
#11734 = EDGE_CURVE('',#11735,#11735,#11737,.T.);
#11735 = VERTEX_POINT('',#11736);
#11736 = CARTESIAN_POINT('',(101.5,-86.42,1.51));
#11737 = CIRCLE('',#11738,0.5);
#11738 = AXIS2_PLACEMENT_3D('',#11739,#11740,#11741);
#11739 = CARTESIAN_POINT('',(101.5,-85.92,1.51));
#11740 = DIRECTION('',(-0.,0.,-1.));
#11741 = DIRECTION('',(-0.,-1.,0.));
#11742 = FACE_BOUND('',#11743,.T.);
#11743 = EDGE_LOOP('',(#11744));
#11744 = ORIENTED_EDGE('',*,*,#11745,.T.);
#11745 = EDGE_CURVE('',#11746,#11746,#11748,.T.);
#11746 = VERTEX_POINT('',#11747);
#11747 = CARTESIAN_POINT('',(138.5,-99.2,1.51));
#11748 = CIRCLE('',#11749,0.5);
#11749 = AXIS2_PLACEMENT_3D('',#11750,#11751,#11752);
#11750 = CARTESIAN_POINT('',(138.5,-98.7,1.51));
#11751 = DIRECTION('',(-0.,0.,-1.));
#11752 = DIRECTION('',(-0.,-1.,0.));
#11753 = FACE_BOUND('',#11754,.T.);
#11754 = EDGE_LOOP('',(#11755));
#11755 = ORIENTED_EDGE('',*,*,#11756,.T.);
#11756 = EDGE_CURVE('',#11757,#11757,#11759,.T.);
#11757 = VERTEX_POINT('',#11758);
#11758 = CARTESIAN_POINT('',(138.5,-96.66,1.51));
#11759 = CIRCLE('',#11760,0.5);
#11760 = AXIS2_PLACEMENT_3D('',#11761,#11762,#11763);
#11761 = CARTESIAN_POINT('',(138.5,-96.16,1.51));
#11762 = DIRECTION('',(-0.,0.,-1.));
#11763 = DIRECTION('',(-0.,-1.,0.));
#11764 = FACE_BOUND('',#11765,.T.);
#11765 = EDGE_LOOP('',(#11766));
#11766 = ORIENTED_EDGE('',*,*,#11767,.T.);
#11767 = EDGE_CURVE('',#11768,#11768,#11770,.T.);
#11768 = VERTEX_POINT('',#11769);
#11769 = CARTESIAN_POINT('',(138.5,-94.12,1.51));
#11770 = CIRCLE('',#11771,0.5);
#11771 = AXIS2_PLACEMENT_3D('',#11772,#11773,#11774);
#11772 = CARTESIAN_POINT('',(138.5,-93.62,1.51));
#11773 = DIRECTION('',(-0.,0.,-1.));
#11774 = DIRECTION('',(-0.,-1.,0.));
#11775 = FACE_BOUND('',#11776,.T.);
#11776 = EDGE_LOOP('',(#11777));
#11777 = ORIENTED_EDGE('',*,*,#11778,.T.);
#11778 = EDGE_CURVE('',#11779,#11779,#11781,.T.);
#11779 = VERTEX_POINT('',#11780);
#11780 = CARTESIAN_POINT('',(138.5,-91.58,1.51));
#11781 = CIRCLE('',#11782,0.5);
#11782 = AXIS2_PLACEMENT_3D('',#11783,#11784,#11785);
#11783 = CARTESIAN_POINT('',(138.5,-91.08,1.51));
#11784 = DIRECTION('',(-0.,0.,-1.));
#11785 = DIRECTION('',(-0.,-1.,0.));
#11786 = FACE_BOUND('',#11787,.T.);
#11787 = EDGE_LOOP('',(#11788));
#11788 = ORIENTED_EDGE('',*,*,#11789,.T.);
#11789 = EDGE_CURVE('',#11790,#11790,#11792,.T.);
#11790 = VERTEX_POINT('',#11791);
#11791 = CARTESIAN_POINT('',(138.5,-89.04,1.51));
#11792 = CIRCLE('',#11793,0.5);
#11793 = AXIS2_PLACEMENT_3D('',#11794,#11795,#11796);
#11794 = CARTESIAN_POINT('',(138.5,-88.54,1.51));
#11795 = DIRECTION('',(-0.,0.,-1.));
#11796 = DIRECTION('',(-0.,-1.,0.));
#11797 = FACE_BOUND('',#11798,.T.);
#11798 = EDGE_LOOP('',(#11799));
#11799 = ORIENTED_EDGE('',*,*,#11800,.T.);
#11800 = EDGE_CURVE('',#11801,#11801,#11803,.T.);
#11801 = VERTEX_POINT('',#11802);
#11802 = CARTESIAN_POINT('',(138.5,-86.5,1.51));
#11803 = CIRCLE('',#11804,0.5);
#11804 = AXIS2_PLACEMENT_3D('',#11805,#11806,#11807);
#11805 = CARTESIAN_POINT('',(138.5,-86.,1.51));
#11806 = DIRECTION('',(-0.,0.,-1.));
#11807 = DIRECTION('',(-0.,-1.,0.));
#11808 = PLANE('',#11809);
#11809 = AXIS2_PLACEMENT_3D('',#11810,#11811,#11812);
#11810 = CARTESIAN_POINT('',(0.,0.,1.51));
#11811 = DIRECTION('',(0.,0.,1.));
#11812 = DIRECTION('',(1.,0.,-0.));
#11813 = ADVANCED_FACE('',(#11814),#11825,.T.);
#11814 = FACE_BOUND('',#11815,.T.);
#11815 = EDGE_LOOP('',(#11816,#11822,#11823,#11824));
#11816 = ORIENTED_EDGE('',*,*,#11817,.T.);
#11817 = EDGE_CURVE('',#10904,#11362,#11818,.T.);
#11818 = LINE('',#11819,#11820);
#11819 = CARTESIAN_POINT('',(95.75,-84.25,0.));
#11820 = VECTOR('',#11821,1.);
#11821 = DIRECTION('',(0.,0.,1.));
#11822 = ORIENTED_EDGE('',*,*,#11361,.T.);
#11823 = ORIENTED_EDGE('',*,*,#10839,.F.);
#11824 = ORIENTED_EDGE('',*,*,#10903,.F.);
#11825 = PLANE('',#11826);
#11826 = AXIS2_PLACEMENT_3D('',#11827,#11828,#11829);
#11827 = CARTESIAN_POINT('',(95.75,-84.25,0.));
#11828 = DIRECTION('',(0.,1.,0.));
#11829 = DIRECTION('',(1.,0.,0.));
#11830 = ADVANCED_FACE('',(#11831),#11842,.T.);
#11831 = FACE_BOUND('',#11832,.T.);
#11832 = EDGE_LOOP('',(#11833,#11834,#11835,#11841));
#11833 = ORIENTED_EDGE('',*,*,#10879,.T.);
#11834 = ORIENTED_EDGE('',*,*,#11417,.T.);
#11835 = ORIENTED_EDGE('',*,*,#11836,.F.);
#11836 = EDGE_CURVE('',#10952,#11410,#11837,.T.);
#11837 = LINE('',#11838,#11839);
#11838 = CARTESIAN_POINT('',(138.,-118.,0.));
#11839 = VECTOR('',#11840,1.);
#11840 = DIRECTION('',(0.,0.,1.));
#11841 = ORIENTED_EDGE('',*,*,#10959,.F.);
#11842 = PLANE('',#11843);
#11843 = AXIS2_PLACEMENT_3D('',#11844,#11845,#11846);
#11844 = CARTESIAN_POINT('',(140.,-116.5,0.));
#11845 = DIRECTION('',(0.6,-0.8,0.));
#11846 = DIRECTION('',(-0.8,-0.6,0.));
#11847 = ADVANCED_FACE('',(#11848),#11859,.T.);
#11848 = FACE_BOUND('',#11849,.T.);
#11849 = EDGE_LOOP('',(#11850,#11856,#11857,#11858));
#11850 = ORIENTED_EDGE('',*,*,#11851,.T.);
#11851 = EDGE_CURVE('',#10912,#11370,#11852,.T.);
#11852 = LINE('',#11853,#11854);
#11853 = CARTESIAN_POINT('',(95.75,-86.25,0.));
#11854 = VECTOR('',#11855,1.);
#11855 = DIRECTION('',(0.,0.,1.));
#11856 = ORIENTED_EDGE('',*,*,#11369,.T.);
#11857 = ORIENTED_EDGE('',*,*,#11817,.F.);
#11858 = ORIENTED_EDGE('',*,*,#10911,.F.);
#11859 = PLANE('',#11860);
#11860 = AXIS2_PLACEMENT_3D('',#11861,#11862,#11863);
#11861 = CARTESIAN_POINT('',(95.75,-86.25,0.));
#11862 = DIRECTION('',(-1.,0.,0.));
#11863 = DIRECTION('',(0.,1.,0.));
#11864 = ADVANCED_FACE('',(#11865),#11876,.T.);
#11865 = FACE_BOUND('',#11866,.T.);
#11866 = EDGE_LOOP('',(#11867,#11868,#11869,#11875));
#11867 = ORIENTED_EDGE('',*,*,#11836,.T.);
#11868 = ORIENTED_EDGE('',*,*,#11409,.T.);
#11869 = ORIENTED_EDGE('',*,*,#11870,.F.);
#11870 = EDGE_CURVE('',#10944,#11402,#11871,.T.);
#11871 = LINE('',#11872,#11873);
#11872 = CARTESIAN_POINT('',(97.75,-118.,0.));
#11873 = VECTOR('',#11874,1.);
#11874 = DIRECTION('',(0.,0.,1.));
#11875 = ORIENTED_EDGE('',*,*,#10951,.F.);
#11876 = PLANE('',#11877);
#11877 = AXIS2_PLACEMENT_3D('',#11878,#11879,#11880);
#11878 = CARTESIAN_POINT('',(138.,-118.,0.));
#11879 = DIRECTION('',(0.,-1.,0.));
#11880 = DIRECTION('',(-1.,0.,0.));
#11881 = ADVANCED_FACE('',(#11882),#11893,.T.);
#11882 = FACE_BOUND('',#11883,.T.);
#11883 = EDGE_LOOP('',(#11884,#11890,#11891,#11892));
#11884 = ORIENTED_EDGE('',*,*,#11885,.T.);
#11885 = EDGE_CURVE('',#10920,#11378,#11886,.T.);
#11886 = LINE('',#11887,#11888);
#11887 = CARTESIAN_POINT('',(95.75,-116.,0.));
#11888 = VECTOR('',#11889,1.);
#11889 = DIRECTION('',(0.,0.,1.));
#11890 = ORIENTED_EDGE('',*,*,#11377,.T.);
#11891 = ORIENTED_EDGE('',*,*,#11851,.F.);
#11892 = ORIENTED_EDGE('',*,*,#10919,.F.);
#11893 = PLANE('',#11894);
#11894 = AXIS2_PLACEMENT_3D('',#11895,#11896,#11897);
#11895 = CARTESIAN_POINT('',(95.75,-116.,0.));
#11896 = DIRECTION('',(-1.,0.,0.));
#11897 = DIRECTION('',(0.,1.,0.));
#11898 = ADVANCED_FACE('',(#11899),#11910,.T.);
#11899 = FACE_BOUND('',#11900,.T.);
#11900 = EDGE_LOOP('',(#11901,#11902,#11903,#11909));
#11901 = ORIENTED_EDGE('',*,*,#11870,.T.);
#11902 = ORIENTED_EDGE('',*,*,#11401,.T.);
#11903 = ORIENTED_EDGE('',*,*,#11904,.F.);
#11904 = EDGE_CURVE('',#10936,#11394,#11905,.T.);
#11905 = LINE('',#11906,#11907);
#11906 = CARTESIAN_POINT('',(97.25,-118.,0.));
#11907 = VECTOR('',#11908,1.);
#11908 = DIRECTION('',(0.,0.,1.));
#11909 = ORIENTED_EDGE('',*,*,#10943,.F.);
#11910 = PLANE('',#11911);
#11911 = AXIS2_PLACEMENT_3D('',#11912,#11913,#11914);
#11912 = CARTESIAN_POINT('',(97.75,-118.,0.));
#11913 = DIRECTION('',(0.,-1.,0.));
#11914 = DIRECTION('',(-1.,0.,0.));
#11915 = ADVANCED_FACE('',(#11916),#11927,.T.);
#11916 = FACE_BOUND('',#11917,.T.);
#11917 = EDGE_LOOP('',(#11918,#11924,#11925,#11926));
#11918 = ORIENTED_EDGE('',*,*,#11919,.T.);
#11919 = EDGE_CURVE('',#10928,#11386,#11920,.T.);
#11920 = LINE('',#11921,#11922);
#11921 = CARTESIAN_POINT('',(95.75,-116.5,0.));
#11922 = VECTOR('',#11923,1.);
#11923 = DIRECTION('',(0.,0.,1.));
#11924 = ORIENTED_EDGE('',*,*,#11385,.T.);
#11925 = ORIENTED_EDGE('',*,*,#11885,.F.);
#11926 = ORIENTED_EDGE('',*,*,#10927,.F.);
#11927 = PLANE('',#11928);
#11928 = AXIS2_PLACEMENT_3D('',#11929,#11930,#11931);
#11929 = CARTESIAN_POINT('',(95.75,-116.5,0.));
#11930 = DIRECTION('',(-1.,0.,0.));
#11931 = DIRECTION('',(0.,1.,0.));
#11932 = ADVANCED_FACE('',(#11933),#11939,.T.);
#11933 = FACE_BOUND('',#11934,.T.);
#11934 = EDGE_LOOP('',(#11935,#11936,#11937,#11938));
#11935 = ORIENTED_EDGE('',*,*,#11904,.T.);
#11936 = ORIENTED_EDGE('',*,*,#11393,.T.);
#11937 = ORIENTED_EDGE('',*,*,#11919,.F.);
#11938 = ORIENTED_EDGE('',*,*,#10935,.F.);
#11939 = PLANE('',#11940);
#11940 = AXIS2_PLACEMENT_3D('',#11941,#11942,#11943);
#11941 = CARTESIAN_POINT('',(97.25,-118.,0.));
#11942 = DIRECTION('',(-0.707106781187,-0.707106781187,0.));
#11943 = DIRECTION('',(-0.707106781187,0.707106781187,0.));
#11944 = ADVANCED_FACE('',(#11945),#11956,.F.);
#11945 = FACE_BOUND('',#11946,.T.);
#11946 = EDGE_LOOP('',(#11947,#11948,#11954,#11955));
#11947 = ORIENTED_EDGE('',*,*,#10968,.T.);
#11948 = ORIENTED_EDGE('',*,*,#11949,.T.);
#11949 = EDGE_CURVE('',#10969,#11427,#11950,.T.);
#11950 = LINE('',#11951,#11952);
#11951 = CARTESIAN_POINT('',(104.5,-113.75,-4.6E-02));
#11952 = VECTOR('',#11953,1.);
#11953 = DIRECTION('',(0.,0.,1.));
#11954 = ORIENTED_EDGE('',*,*,#11426,.F.);
#11955 = ORIENTED_EDGE('',*,*,#11949,.F.);
#11956 = CYLINDRICAL_SURFACE('',#11957,0.5);
#11957 = AXIS2_PLACEMENT_3D('',#11958,#11959,#11960);
#11958 = CARTESIAN_POINT('',(104.5,-113.25,-4.6E-02));
#11959 = DIRECTION('',(-0.,-0.,-1.));
#11960 = DIRECTION('',(-0.,-1.,0.));
#11961 = ADVANCED_FACE('',(#11962),#11973,.F.);
#11962 = FACE_BOUND('',#11963,.T.);
#11963 = EDGE_LOOP('',(#11964,#11965,#11971,#11972));
#11964 = ORIENTED_EDGE('',*,*,#10979,.T.);
#11965 = ORIENTED_EDGE('',*,*,#11966,.T.);
#11966 = EDGE_CURVE('',#10980,#11438,#11967,.T.);
#11967 = LINE('',#11968,#11969);
#11968 = CARTESIAN_POINT('',(107.04,-113.75,-4.6E-02));
#11969 = VECTOR('',#11970,1.);
#11970 = DIRECTION('',(0.,0.,1.));
#11971 = ORIENTED_EDGE('',*,*,#11437,.F.);
#11972 = ORIENTED_EDGE('',*,*,#11966,.F.);
#11973 = CYLINDRICAL_SURFACE('',#11974,0.5);
#11974 = AXIS2_PLACEMENT_3D('',#11975,#11976,#11977);
#11975 = CARTESIAN_POINT('',(107.04,-113.25,-4.6E-02));
#11976 = DIRECTION('',(-0.,-0.,-1.));
#11977 = DIRECTION('',(-0.,-1.,0.));
#11978 = ADVANCED_FACE('',(#11979),#11990,.F.);
#11979 = FACE_BOUND('',#11980,.T.);
#11980 = EDGE_LOOP('',(#11981,#11982,#11988,#11989));
#11981 = ORIENTED_EDGE('',*,*,#10990,.T.);
#11982 = ORIENTED_EDGE('',*,*,#11983,.T.);
#11983 = EDGE_CURVE('',#10991,#11449,#11984,.T.);
#11984 = LINE('',#11985,#11986);
#11985 = CARTESIAN_POINT('',(113.25,-114.265,-4.6E-02));
#11986 = VECTOR('',#11987,1.);
#11987 = DIRECTION('',(0.,0.,1.));
#11988 = ORIENTED_EDGE('',*,*,#11448,.F.);
#11989 = ORIENTED_EDGE('',*,*,#11983,.F.);
#11990 = CYLINDRICAL_SURFACE('',#11991,0.5);
#11991 = AXIS2_PLACEMENT_3D('',#11992,#11993,#11994);
#11992 = CARTESIAN_POINT('',(113.25,-113.765,-4.6E-02));
#11993 = DIRECTION('',(-0.,-0.,-1.));
#11994 = DIRECTION('',(-0.,-1.,0.));
#11995 = ADVANCED_FACE('',(#11996),#12007,.F.);
#11996 = FACE_BOUND('',#11997,.T.);
#11997 = EDGE_LOOP('',(#11998,#11999,#12005,#12006));
#11998 = ORIENTED_EDGE('',*,*,#11001,.T.);
#11999 = ORIENTED_EDGE('',*,*,#12000,.T.);
#12000 = EDGE_CURVE('',#11002,#11460,#12001,.T.);
#12001 = LINE('',#12002,#12003);
#12002 = CARTESIAN_POINT('',(117.71,-113.95,-4.6E-02));
#12003 = VECTOR('',#12004,1.);
#12004 = DIRECTION('',(0.,0.,1.));
#12005 = ORIENTED_EDGE('',*,*,#11459,.F.);
#12006 = ORIENTED_EDGE('',*,*,#12000,.F.);
#12007 = CYLINDRICAL_SURFACE('',#12008,0.45);
#12008 = AXIS2_PLACEMENT_3D('',#12009,#12010,#12011);
#12009 = CARTESIAN_POINT('',(117.71,-113.5,-4.6E-02));
#12010 = DIRECTION('',(-0.,-0.,-1.));
#12011 = DIRECTION('',(-3.157967714489E-14,-1.,0.));
#12012 = ADVANCED_FACE('',(#12013),#12024,.F.);
#12013 = FACE_BOUND('',#12014,.T.);
#12014 = EDGE_LOOP('',(#12015,#12016,#12022,#12023));
#12015 = ORIENTED_EDGE('',*,*,#11012,.T.);
#12016 = ORIENTED_EDGE('',*,*,#12017,.T.);
#12017 = EDGE_CURVE('',#11013,#11471,#12018,.T.);
#12018 = LINE('',#12019,#12020);
#12019 = CARTESIAN_POINT('',(113.25,-111.725,-4.6E-02));
#12020 = VECTOR('',#12021,1.);
#12021 = DIRECTION('',(0.,0.,1.));
#12022 = ORIENTED_EDGE('',*,*,#11470,.F.);
#12023 = ORIENTED_EDGE('',*,*,#12017,.F.);
#12024 = CYLINDRICAL_SURFACE('',#12025,0.5);
#12025 = AXIS2_PLACEMENT_3D('',#12026,#12027,#12028);
#12026 = CARTESIAN_POINT('',(113.25,-111.225,-4.6E-02));
#12027 = DIRECTION('',(-0.,-0.,-1.));
#12028 = DIRECTION('',(-0.,-1.,0.));
#12029 = ADVANCED_FACE('',(#12030),#12041,.F.);
#12030 = FACE_BOUND('',#12031,.T.);
#12031 = EDGE_LOOP('',(#12032,#12033,#12039,#12040));
#12032 = ORIENTED_EDGE('',*,*,#11023,.T.);
#12033 = ORIENTED_EDGE('',*,*,#12034,.T.);
#12034 = EDGE_CURVE('',#11024,#11482,#12035,.T.);
#12035 = LINE('',#12036,#12037);
#12036 = CARTESIAN_POINT('',(101.5,-101.66,-4.6E-02));
#12037 = VECTOR('',#12038,1.);
#12038 = DIRECTION('',(0.,0.,1.));
#12039 = ORIENTED_EDGE('',*,*,#11481,.F.);
#12040 = ORIENTED_EDGE('',*,*,#12034,.F.);
#12041 = CYLINDRICAL_SURFACE('',#12042,0.5);
#12042 = AXIS2_PLACEMENT_3D('',#12043,#12044,#12045);
#12043 = CARTESIAN_POINT('',(101.5,-101.16,-4.6E-02));
#12044 = DIRECTION('',(-0.,-0.,-1.));
#12045 = DIRECTION('',(-0.,-1.,0.));
#12046 = ADVANCED_FACE('',(#12047),#12058,.F.);
#12047 = FACE_BOUND('',#12048,.T.);
#12048 = EDGE_LOOP('',(#12049,#12050,#12056,#12057));
#12049 = ORIENTED_EDGE('',*,*,#11034,.T.);
#12050 = ORIENTED_EDGE('',*,*,#12051,.T.);
#12051 = EDGE_CURVE('',#11035,#11493,#12052,.T.);
#12052 = LINE('',#12053,#12054);
#12053 = CARTESIAN_POINT('',(106.69,-101.25,-4.6E-02));
#12054 = VECTOR('',#12055,1.);
#12055 = DIRECTION('',(0.,0.,1.));
#12056 = ORIENTED_EDGE('',*,*,#11492,.F.);
#12057 = ORIENTED_EDGE('',*,*,#12051,.F.);
#12058 = CYLINDRICAL_SURFACE('',#12059,0.5);
#12059 = AXIS2_PLACEMENT_3D('',#12060,#12061,#12062);
#12060 = CARTESIAN_POINT('',(106.69,-100.75,-4.6E-02));
#12061 = DIRECTION('',(-0.,-0.,-1.));
#12062 = DIRECTION('',(-0.,-1.,0.));
#12063 = ADVANCED_FACE('',(#12064),#12075,.F.);
#12064 = FACE_BOUND('',#12065,.T.);
#12065 = EDGE_LOOP('',(#12066,#12067,#12073,#12074));
#12066 = ORIENTED_EDGE('',*,*,#11045,.T.);
#12067 = ORIENTED_EDGE('',*,*,#12068,.T.);
#12068 = EDGE_CURVE('',#11046,#11504,#12069,.T.);
#12069 = LINE('',#12070,#12071);
#12070 = CARTESIAN_POINT('',(109.23,-101.25,-4.6E-02));
#12071 = VECTOR('',#12072,1.);
#12072 = DIRECTION('',(0.,0.,1.));
#12073 = ORIENTED_EDGE('',*,*,#11503,.F.);
#12074 = ORIENTED_EDGE('',*,*,#12068,.F.);
#12075 = CYLINDRICAL_SURFACE('',#12076,0.5);
#12076 = AXIS2_PLACEMENT_3D('',#12077,#12078,#12079);
#12077 = CARTESIAN_POINT('',(109.23,-100.75,-4.6E-02));
#12078 = DIRECTION('',(-0.,-0.,-1.));
#12079 = DIRECTION('',(-0.,-1.,0.));
#12080 = ADVANCED_FACE('',(#12081),#12092,.F.);
#12081 = FACE_BOUND('',#12082,.T.);
#12082 = EDGE_LOOP('',(#12083,#12084,#12090,#12091));
#12083 = ORIENTED_EDGE('',*,*,#11056,.T.);
#12084 = ORIENTED_EDGE('',*,*,#12085,.T.);
#12085 = EDGE_CURVE('',#11057,#11515,#12086,.T.);
#12086 = LINE('',#12087,#12088);
#12087 = CARTESIAN_POINT('',(111.77,-101.25,-4.6E-02));
#12088 = VECTOR('',#12089,1.);
#12089 = DIRECTION('',(0.,0.,1.));
#12090 = ORIENTED_EDGE('',*,*,#11514,.F.);
#12091 = ORIENTED_EDGE('',*,*,#12085,.F.);
#12092 = CYLINDRICAL_SURFACE('',#12093,0.5);
#12093 = AXIS2_PLACEMENT_3D('',#12094,#12095,#12096);
#12094 = CARTESIAN_POINT('',(111.77,-100.75,-4.6E-02));
#12095 = DIRECTION('',(-0.,-0.,-1.));
#12096 = DIRECTION('',(-0.,-1.,0.));
#12097 = ADVANCED_FACE('',(#12098),#12109,.F.);
#12098 = FACE_BOUND('',#12099,.T.);
#12099 = EDGE_LOOP('',(#12100,#12101,#12107,#12108));
#12100 = ORIENTED_EDGE('',*,*,#11067,.T.);
#12101 = ORIENTED_EDGE('',*,*,#12102,.T.);
#12102 = EDGE_CURVE('',#11068,#11526,#12103,.T.);
#12103 = LINE('',#12104,#12105);
#12104 = CARTESIAN_POINT('',(114.31,-101.25,-4.6E-02));
#12105 = VECTOR('',#12106,1.);
#12106 = DIRECTION('',(0.,0.,1.));
#12107 = ORIENTED_EDGE('',*,*,#11525,.F.);
#12108 = ORIENTED_EDGE('',*,*,#12102,.F.);
#12109 = CYLINDRICAL_SURFACE('',#12110,0.5);
#12110 = AXIS2_PLACEMENT_3D('',#12111,#12112,#12113);
#12111 = CARTESIAN_POINT('',(114.31,-100.75,-4.6E-02));
#12112 = DIRECTION('',(-0.,-0.,-1.));
#12113 = DIRECTION('',(-0.,-1.,0.));
#12114 = ADVANCED_FACE('',(#12115),#12126,.F.);
#12115 = FACE_BOUND('',#12116,.T.);
#12116 = EDGE_LOOP('',(#12117,#12118,#12124,#12125));
#12117 = ORIENTED_EDGE('',*,*,#11078,.T.);
#12118 = ORIENTED_EDGE('',*,*,#12119,.T.);
#12119 = EDGE_CURVE('',#11079,#11537,#12120,.T.);
#12120 = LINE('',#12121,#12122);
#12121 = CARTESIAN_POINT('',(120.25,-113.95,-4.6E-02));
#12122 = VECTOR('',#12123,1.);
#12123 = DIRECTION('',(0.,0.,1.));
#12124 = ORIENTED_EDGE('',*,*,#11536,.F.);
#12125 = ORIENTED_EDGE('',*,*,#12119,.F.);
#12126 = CYLINDRICAL_SURFACE('',#12127,0.45);
#12127 = AXIS2_PLACEMENT_3D('',#12128,#12129,#12130);
#12128 = CARTESIAN_POINT('',(120.25,-113.5,-4.6E-02));
#12129 = DIRECTION('',(-0.,-0.,-1.));
#12130 = DIRECTION('',(-0.,-1.,0.));
#12131 = ADVANCED_FACE('',(#12132),#12143,.F.);
#12132 = FACE_BOUND('',#12133,.T.);
#12133 = EDGE_LOOP('',(#12134,#12135,#12141,#12142));
#12134 = ORIENTED_EDGE('',*,*,#11089,.T.);
#12135 = ORIENTED_EDGE('',*,*,#12136,.T.);
#12136 = EDGE_CURVE('',#11090,#11548,#12137,.T.);
#12137 = LINE('',#12138,#12139);
#12138 = CARTESIAN_POINT('',(126.,-112.44,-4.6E-02));
#12139 = VECTOR('',#12140,1.);
#12140 = DIRECTION('',(0.,0.,1.));
#12141 = ORIENTED_EDGE('',*,*,#11547,.F.);
#12142 = ORIENTED_EDGE('',*,*,#12136,.F.);
#12143 = CYLINDRICAL_SURFACE('',#12144,0.4);
#12144 = AXIS2_PLACEMENT_3D('',#12145,#12146,#12147);
#12145 = CARTESIAN_POINT('',(126.,-112.04,-4.6E-02));
#12146 = DIRECTION('',(-0.,-0.,-1.));
#12147 = DIRECTION('',(-0.,-1.,0.));
#12148 = ADVANCED_FACE('',(#12149),#12160,.F.);
#12149 = FACE_BOUND('',#12150,.T.);
#12150 = EDGE_LOOP('',(#12151,#12152,#12158,#12159));
#12151 = ORIENTED_EDGE('',*,*,#11100,.T.);
#12152 = ORIENTED_EDGE('',*,*,#12153,.T.);
#12153 = EDGE_CURVE('',#11101,#11559,#12154,.T.);
#12154 = LINE('',#12155,#12156);
#12155 = CARTESIAN_POINT('',(118.5,-108.75,-4.6E-02));
#12156 = VECTOR('',#12157,1.);
#12157 = DIRECTION('',(0.,0.,1.));
#12158 = ORIENTED_EDGE('',*,*,#11558,.F.);
#12159 = ORIENTED_EDGE('',*,*,#12153,.F.);
#12160 = CYLINDRICAL_SURFACE('',#12161,0.5);
#12161 = AXIS2_PLACEMENT_3D('',#12162,#12163,#12164);
#12162 = CARTESIAN_POINT('',(118.5,-108.25,-4.6E-02));
#12163 = DIRECTION('',(-0.,-0.,-1.));
#12164 = DIRECTION('',(-0.,-1.,0.));
#12165 = ADVANCED_FACE('',(#12166),#12177,.F.);
#12166 = FACE_BOUND('',#12167,.T.);
#12167 = EDGE_LOOP('',(#12168,#12169,#12175,#12176));
#12168 = ORIENTED_EDGE('',*,*,#11111,.T.);
#12169 = ORIENTED_EDGE('',*,*,#12170,.T.);
#12170 = EDGE_CURVE('',#11112,#11570,#12171,.T.);
#12171 = LINE('',#12172,#12173);
#12172 = CARTESIAN_POINT('',(126.,-109.9,-4.6E-02));
#12173 = VECTOR('',#12174,1.);
#12174 = DIRECTION('',(0.,0.,1.));
#12175 = ORIENTED_EDGE('',*,*,#11569,.F.);
#12176 = ORIENTED_EDGE('',*,*,#12170,.F.);
#12177 = CYLINDRICAL_SURFACE('',#12178,0.4);
#12178 = AXIS2_PLACEMENT_3D('',#12179,#12180,#12181);
#12179 = CARTESIAN_POINT('',(126.,-109.5,-4.6E-02));
#12180 = DIRECTION('',(-0.,-0.,-1.));
#12181 = DIRECTION('',(-0.,-1.,0.));
#12182 = ADVANCED_FACE('',(#12183),#12194,.F.);
#12183 = FACE_BOUND('',#12184,.T.);
#12184 = EDGE_LOOP('',(#12185,#12186,#12192,#12193));
#12185 = ORIENTED_EDGE('',*,*,#11122,.T.);
#12186 = ORIENTED_EDGE('',*,*,#12187,.T.);
#12187 = EDGE_CURVE('',#11123,#11581,#12188,.T.);
#12188 = LINE('',#12189,#12190);
#12189 = CARTESIAN_POINT('',(123.44,-107.,-4.6E-02));
#12190 = VECTOR('',#12191,1.);
#12191 = DIRECTION('',(0.,0.,1.));
#12192 = ORIENTED_EDGE('',*,*,#11580,.F.);
#12193 = ORIENTED_EDGE('',*,*,#12187,.F.);
#12194 = CYLINDRICAL_SURFACE('',#12195,0.5);
#12195 = AXIS2_PLACEMENT_3D('',#12196,#12197,#12198);
#12196 = CARTESIAN_POINT('',(123.44,-106.5,-4.6E-02));
#12197 = DIRECTION('',(-0.,-0.,-1.));
#12198 = DIRECTION('',(-0.,-1.,0.));
#12199 = ADVANCED_FACE('',(#12200),#12211,.F.);
#12200 = FACE_BOUND('',#12201,.T.);
#12201 = EDGE_LOOP('',(#12202,#12203,#12209,#12210));
#12202 = ORIENTED_EDGE('',*,*,#11133,.T.);
#12203 = ORIENTED_EDGE('',*,*,#12204,.T.);
#12204 = EDGE_CURVE('',#11134,#11592,#12205,.T.);
#12205 = LINE('',#12206,#12207);
#12206 = CARTESIAN_POINT('',(125.98,-107.,-4.6E-02));
#12207 = VECTOR('',#12208,1.);
#12208 = DIRECTION('',(0.,0.,1.));
#12209 = ORIENTED_EDGE('',*,*,#11591,.F.);
#12210 = ORIENTED_EDGE('',*,*,#12204,.F.);
#12211 = CYLINDRICAL_SURFACE('',#12212,0.5);
#12212 = AXIS2_PLACEMENT_3D('',#12213,#12214,#12215);
#12213 = CARTESIAN_POINT('',(125.98,-106.5,-4.6E-02));
#12214 = DIRECTION('',(-0.,-0.,-1.));
#12215 = DIRECTION('',(-0.,-1.,0.));
#12216 = ADVANCED_FACE('',(#12217),#12228,.F.);
#12217 = FACE_BOUND('',#12218,.T.);
#12218 = EDGE_LOOP('',(#12219,#12220,#12226,#12227));
#12219 = ORIENTED_EDGE('',*,*,#11144,.T.);
#12220 = ORIENTED_EDGE('',*,*,#12221,.T.);
#12221 = EDGE_CURVE('',#11145,#11603,#12222,.T.);
#12222 = LINE('',#12223,#12224);
#12223 = CARTESIAN_POINT('',(128.52,-107.,-4.6E-02));
#12224 = VECTOR('',#12225,1.);
#12225 = DIRECTION('',(0.,0.,1.));
#12226 = ORIENTED_EDGE('',*,*,#11602,.F.);
#12227 = ORIENTED_EDGE('',*,*,#12221,.F.);
#12228 = CYLINDRICAL_SURFACE('',#12229,0.5);
#12229 = AXIS2_PLACEMENT_3D('',#12230,#12231,#12232);
#12230 = CARTESIAN_POINT('',(128.52,-106.5,-4.6E-02));
#12231 = DIRECTION('',(-0.,-0.,-1.));
#12232 = DIRECTION('',(-0.,-1.,0.));
#12233 = ADVANCED_FACE('',(#12234),#12245,.F.);
#12234 = FACE_BOUND('',#12235,.T.);
#12235 = EDGE_LOOP('',(#12236,#12237,#12243,#12244));
#12236 = ORIENTED_EDGE('',*,*,#11155,.T.);
#12237 = ORIENTED_EDGE('',*,*,#12238,.T.);
#12238 = EDGE_CURVE('',#11156,#11614,#12239,.T.);
#12239 = LINE('',#12240,#12241);
#12240 = CARTESIAN_POINT('',(131.06,-107.,-4.6E-02));
#12241 = VECTOR('',#12242,1.);
#12242 = DIRECTION('',(0.,0.,1.));
#12243 = ORIENTED_EDGE('',*,*,#11613,.F.);
#12244 = ORIENTED_EDGE('',*,*,#12238,.F.);
#12245 = CYLINDRICAL_SURFACE('',#12246,0.5);
#12246 = AXIS2_PLACEMENT_3D('',#12247,#12248,#12249);
#12247 = CARTESIAN_POINT('',(131.06,-106.5,-4.6E-02));
#12248 = DIRECTION('',(-0.,-0.,-1.));
#12249 = DIRECTION('',(-0.,-1.,0.));
#12250 = ADVANCED_FACE('',(#12251),#12262,.F.);
#12251 = FACE_BOUND('',#12252,.T.);
#12252 = EDGE_LOOP('',(#12253,#12254,#12260,#12261));
#12253 = ORIENTED_EDGE('',*,*,#11166,.T.);
#12254 = ORIENTED_EDGE('',*,*,#12255,.T.);
#12255 = EDGE_CURVE('',#11167,#11625,#12256,.T.);
#12256 = LINE('',#12257,#12258);
#12257 = CARTESIAN_POINT('',(138.5,-101.74,-4.6E-02));
#12258 = VECTOR('',#12259,1.);
#12259 = DIRECTION('',(0.,0.,1.));
#12260 = ORIENTED_EDGE('',*,*,#11624,.F.);
#12261 = ORIENTED_EDGE('',*,*,#12255,.F.);
#12262 = CYLINDRICAL_SURFACE('',#12263,0.5);
#12263 = AXIS2_PLACEMENT_3D('',#12264,#12265,#12266);
#12264 = CARTESIAN_POINT('',(138.5,-101.24,-4.6E-02));
#12265 = DIRECTION('',(-0.,-0.,-1.));
#12266 = DIRECTION('',(-0.,-1.,0.));
#12267 = ADVANCED_FACE('',(#12268),#12279,.F.);
#12268 = FACE_BOUND('',#12269,.T.);
#12269 = EDGE_LOOP('',(#12270,#12271,#12277,#12278));
#12270 = ORIENTED_EDGE('',*,*,#11177,.T.);
#12271 = ORIENTED_EDGE('',*,*,#12272,.T.);
#12272 = EDGE_CURVE('',#11178,#11636,#12273,.T.);
#12273 = LINE('',#12274,#12275);
#12274 = CARTESIAN_POINT('',(101.5,-99.12,-4.6E-02));
#12275 = VECTOR('',#12276,1.);
#12276 = DIRECTION('',(0.,0.,1.));
#12277 = ORIENTED_EDGE('',*,*,#11635,.F.);
#12278 = ORIENTED_EDGE('',*,*,#12272,.F.);
#12279 = CYLINDRICAL_SURFACE('',#12280,0.5);
#12280 = AXIS2_PLACEMENT_3D('',#12281,#12282,#12283);
#12281 = CARTESIAN_POINT('',(101.5,-98.62,-4.6E-02));
#12282 = DIRECTION('',(-0.,-0.,-1.));
#12283 = DIRECTION('',(-0.,-1.,0.));
#12284 = ADVANCED_FACE('',(#12285),#12296,.F.);
#12285 = FACE_BOUND('',#12286,.T.);
#12286 = EDGE_LOOP('',(#12287,#12288,#12294,#12295));
#12287 = ORIENTED_EDGE('',*,*,#11188,.T.);
#12288 = ORIENTED_EDGE('',*,*,#12289,.T.);
#12289 = EDGE_CURVE('',#11189,#11647,#12290,.T.);
#12290 = LINE('',#12291,#12292);
#12291 = CARTESIAN_POINT('',(101.5,-96.58,-4.6E-02));
#12292 = VECTOR('',#12293,1.);
#12293 = DIRECTION('',(0.,0.,1.));
#12294 = ORIENTED_EDGE('',*,*,#11646,.F.);
#12295 = ORIENTED_EDGE('',*,*,#12289,.F.);
#12296 = CYLINDRICAL_SURFACE('',#12297,0.5);
#12297 = AXIS2_PLACEMENT_3D('',#12298,#12299,#12300);
#12298 = CARTESIAN_POINT('',(101.5,-96.08,-4.6E-02));
#12299 = DIRECTION('',(-0.,-0.,-1.));
#12300 = DIRECTION('',(-0.,-1.,0.));
#12301 = ADVANCED_FACE('',(#12302),#12313,.F.);
#12302 = FACE_BOUND('',#12303,.T.);
#12303 = EDGE_LOOP('',(#12304,#12305,#12311,#12312));
#12304 = ORIENTED_EDGE('',*,*,#11199,.T.);
#12305 = ORIENTED_EDGE('',*,*,#12306,.T.);
#12306 = EDGE_CURVE('',#11200,#11658,#12307,.T.);
#12307 = LINE('',#12308,#12309);
#12308 = CARTESIAN_POINT('',(97.58,-94.16,-4.6E-02));
#12309 = VECTOR('',#12310,1.);
#12310 = DIRECTION('',(0.,0.,1.));
#12311 = ORIENTED_EDGE('',*,*,#11657,.F.);
#12312 = ORIENTED_EDGE('',*,*,#12306,.F.);
#12313 = CYLINDRICAL_SURFACE('',#12314,0.5);
#12314 = AXIS2_PLACEMENT_3D('',#12315,#12316,#12317);
#12315 = CARTESIAN_POINT('',(97.58,-93.66,-4.6E-02));
#12316 = DIRECTION('',(-0.,-0.,-1.));
#12317 = DIRECTION('',(-0.,-1.,0.));
#12318 = ADVANCED_FACE('',(#12319),#12330,.F.);
#12319 = FACE_BOUND('',#12320,.T.);
#12320 = EDGE_LOOP('',(#12321,#12322,#12328,#12329));
#12321 = ORIENTED_EDGE('',*,*,#11210,.T.);
#12322 = ORIENTED_EDGE('',*,*,#12323,.T.);
#12323 = EDGE_CURVE('',#11211,#11669,#12324,.T.);
#12324 = LINE('',#12325,#12326);
#12325 = CARTESIAN_POINT('',(101.5,-94.04,-4.6E-02));
#12326 = VECTOR('',#12327,1.);
#12327 = DIRECTION('',(0.,0.,1.));
#12328 = ORIENTED_EDGE('',*,*,#11668,.F.);
#12329 = ORIENTED_EDGE('',*,*,#12323,.F.);
#12330 = CYLINDRICAL_SURFACE('',#12331,0.5);
#12331 = AXIS2_PLACEMENT_3D('',#12332,#12333,#12334);
#12332 = CARTESIAN_POINT('',(101.5,-93.54,-4.6E-02));
#12333 = DIRECTION('',(-0.,-0.,-1.));
#12334 = DIRECTION('',(-0.,-1.,0.));
#12335 = ADVANCED_FACE('',(#12336),#12347,.F.);
#12336 = FACE_BOUND('',#12337,.T.);
#12337 = EDGE_LOOP('',(#12338,#12339,#12345,#12346));
#12338 = ORIENTED_EDGE('',*,*,#11221,.T.);
#12339 = ORIENTED_EDGE('',*,*,#12340,.T.);
#12340 = EDGE_CURVE('',#11222,#11680,#12341,.T.);
#12341 = LINE('',#12342,#12343);
#12342 = CARTESIAN_POINT('',(97.58,-91.62,-4.6E-02));
#12343 = VECTOR('',#12344,1.);
#12344 = DIRECTION('',(0.,0.,1.));
#12345 = ORIENTED_EDGE('',*,*,#11679,.F.);
#12346 = ORIENTED_EDGE('',*,*,#12340,.F.);
#12347 = CYLINDRICAL_SURFACE('',#12348,0.5);
#12348 = AXIS2_PLACEMENT_3D('',#12349,#12350,#12351);
#12349 = CARTESIAN_POINT('',(97.58,-91.12,-4.6E-02));
#12350 = DIRECTION('',(-0.,-0.,-1.));
#12351 = DIRECTION('',(-0.,-1.,0.));
#12352 = ADVANCED_FACE('',(#12353),#12364,.F.);
#12353 = FACE_BOUND('',#12354,.T.);
#12354 = EDGE_LOOP('',(#12355,#12356,#12362,#12363));
#12355 = ORIENTED_EDGE('',*,*,#11232,.T.);
#12356 = ORIENTED_EDGE('',*,*,#12357,.T.);
#12357 = EDGE_CURVE('',#11233,#11691,#12358,.T.);
#12358 = LINE('',#12359,#12360);
#12359 = CARTESIAN_POINT('',(101.5,-91.5,-4.6E-02));
#12360 = VECTOR('',#12361,1.);
#12361 = DIRECTION('',(0.,0.,1.));
#12362 = ORIENTED_EDGE('',*,*,#11690,.F.);
#12363 = ORIENTED_EDGE('',*,*,#12357,.F.);
#12364 = CYLINDRICAL_SURFACE('',#12365,0.5);
#12365 = AXIS2_PLACEMENT_3D('',#12366,#12367,#12368);
#12366 = CARTESIAN_POINT('',(101.5,-91.,-4.6E-02));
#12367 = DIRECTION('',(-0.,-0.,-1.));
#12368 = DIRECTION('',(-0.,-1.,0.));
#12369 = ADVANCED_FACE('',(#12370),#12381,.F.);
#12370 = FACE_BOUND('',#12371,.T.);
#12371 = EDGE_LOOP('',(#12372,#12373,#12379,#12380));
#12372 = ORIENTED_EDGE('',*,*,#11243,.T.);
#12373 = ORIENTED_EDGE('',*,*,#12374,.T.);
#12374 = EDGE_CURVE('',#11244,#11702,#12375,.T.);
#12375 = LINE('',#12376,#12377);
#12376 = CARTESIAN_POINT('',(97.58,-89.08,-4.6E-02));
#12377 = VECTOR('',#12378,1.);
#12378 = DIRECTION('',(0.,0.,1.));
#12379 = ORIENTED_EDGE('',*,*,#11701,.F.);
#12380 = ORIENTED_EDGE('',*,*,#12374,.F.);
#12381 = CYLINDRICAL_SURFACE('',#12382,0.5);
#12382 = AXIS2_PLACEMENT_3D('',#12383,#12384,#12385);
#12383 = CARTESIAN_POINT('',(97.58,-88.58,-4.6E-02));
#12384 = DIRECTION('',(-0.,-0.,-1.));
#12385 = DIRECTION('',(-0.,-1.,0.));
#12386 = ADVANCED_FACE('',(#12387),#12398,.F.);
#12387 = FACE_BOUND('',#12388,.T.);
#12388 = EDGE_LOOP('',(#12389,#12390,#12396,#12397));
#12389 = ORIENTED_EDGE('',*,*,#11254,.T.);
#12390 = ORIENTED_EDGE('',*,*,#12391,.T.);
#12391 = EDGE_CURVE('',#11255,#11713,#12392,.T.);
#12392 = LINE('',#12393,#12394);
#12393 = CARTESIAN_POINT('',(101.5,-88.96,-4.6E-02));
#12394 = VECTOR('',#12395,1.);
#12395 = DIRECTION('',(0.,0.,1.));
#12396 = ORIENTED_EDGE('',*,*,#11712,.F.);
#12397 = ORIENTED_EDGE('',*,*,#12391,.F.);
#12398 = CYLINDRICAL_SURFACE('',#12399,0.5);
#12399 = AXIS2_PLACEMENT_3D('',#12400,#12401,#12402);
#12400 = CARTESIAN_POINT('',(101.5,-88.46,-4.6E-02));
#12401 = DIRECTION('',(-0.,-0.,-1.));
#12402 = DIRECTION('',(-0.,-1.,0.));
#12403 = ADVANCED_FACE('',(#12404),#12415,.F.);
#12404 = FACE_BOUND('',#12405,.T.);
#12405 = EDGE_LOOP('',(#12406,#12407,#12413,#12414));
#12406 = ORIENTED_EDGE('',*,*,#11265,.T.);
#12407 = ORIENTED_EDGE('',*,*,#12408,.T.);
#12408 = EDGE_CURVE('',#11266,#11724,#12409,.T.);
#12409 = LINE('',#12410,#12411);
#12410 = CARTESIAN_POINT('',(97.58,-86.54,-4.6E-02));
#12411 = VECTOR('',#12412,1.);
#12412 = DIRECTION('',(0.,0.,1.));
#12413 = ORIENTED_EDGE('',*,*,#11723,.F.);
#12414 = ORIENTED_EDGE('',*,*,#12408,.F.);
#12415 = CYLINDRICAL_SURFACE('',#12416,0.5);
#12416 = AXIS2_PLACEMENT_3D('',#12417,#12418,#12419);
#12417 = CARTESIAN_POINT('',(97.58,-86.04,-4.6E-02));
#12418 = DIRECTION('',(-0.,-0.,-1.));
#12419 = DIRECTION('',(-0.,-1.,0.));
#12420 = ADVANCED_FACE('',(#12421),#12432,.F.);
#12421 = FACE_BOUND('',#12422,.T.);
#12422 = EDGE_LOOP('',(#12423,#12424,#12430,#12431));
#12423 = ORIENTED_EDGE('',*,*,#11276,.T.);
#12424 = ORIENTED_EDGE('',*,*,#12425,.T.);
#12425 = EDGE_CURVE('',#11277,#11735,#12426,.T.);
#12426 = LINE('',#12427,#12428);
#12427 = CARTESIAN_POINT('',(101.5,-86.42,-4.6E-02));
#12428 = VECTOR('',#12429,1.);
#12429 = DIRECTION('',(0.,0.,1.));
#12430 = ORIENTED_EDGE('',*,*,#11734,.F.);
#12431 = ORIENTED_EDGE('',*,*,#12425,.F.);
#12432 = CYLINDRICAL_SURFACE('',#12433,0.5);
#12433 = AXIS2_PLACEMENT_3D('',#12434,#12435,#12436);
#12434 = CARTESIAN_POINT('',(101.5,-85.92,-4.6E-02));
#12435 = DIRECTION('',(-0.,-0.,-1.));
#12436 = DIRECTION('',(-0.,-1.,0.));
#12437 = ADVANCED_FACE('',(#12438),#12449,.F.);
#12438 = FACE_BOUND('',#12439,.T.);
#12439 = EDGE_LOOP('',(#12440,#12441,#12447,#12448));
#12440 = ORIENTED_EDGE('',*,*,#11287,.T.);
#12441 = ORIENTED_EDGE('',*,*,#12442,.T.);
#12442 = EDGE_CURVE('',#11288,#11746,#12443,.T.);
#12443 = LINE('',#12444,#12445);
#12444 = CARTESIAN_POINT('',(138.5,-99.2,-4.6E-02));
#12445 = VECTOR('',#12446,1.);
#12446 = DIRECTION('',(0.,0.,1.));
#12447 = ORIENTED_EDGE('',*,*,#11745,.F.);
#12448 = ORIENTED_EDGE('',*,*,#12442,.F.);
#12449 = CYLINDRICAL_SURFACE('',#12450,0.5);
#12450 = AXIS2_PLACEMENT_3D('',#12451,#12452,#12453);
#12451 = CARTESIAN_POINT('',(138.5,-98.7,-4.6E-02));
#12452 = DIRECTION('',(-0.,-0.,-1.));
#12453 = DIRECTION('',(-0.,-1.,0.));
#12454 = ADVANCED_FACE('',(#12455),#12466,.F.);
#12455 = FACE_BOUND('',#12456,.T.);
#12456 = EDGE_LOOP('',(#12457,#12458,#12464,#12465));
#12457 = ORIENTED_EDGE('',*,*,#11298,.T.);
#12458 = ORIENTED_EDGE('',*,*,#12459,.T.);
#12459 = EDGE_CURVE('',#11299,#11757,#12460,.T.);
#12460 = LINE('',#12461,#12462);
#12461 = CARTESIAN_POINT('',(138.5,-96.66,-4.6E-02));
#12462 = VECTOR('',#12463,1.);
#12463 = DIRECTION('',(0.,0.,1.));
#12464 = ORIENTED_EDGE('',*,*,#11756,.F.);
#12465 = ORIENTED_EDGE('',*,*,#12459,.F.);
#12466 = CYLINDRICAL_SURFACE('',#12467,0.5);
#12467 = AXIS2_PLACEMENT_3D('',#12468,#12469,#12470);
#12468 = CARTESIAN_POINT('',(138.5,-96.16,-4.6E-02));
#12469 = DIRECTION('',(-0.,-0.,-1.));
#12470 = DIRECTION('',(-0.,-1.,0.));
#12471 = ADVANCED_FACE('',(#12472),#12483,.F.);
#12472 = FACE_BOUND('',#12473,.T.);
#12473 = EDGE_LOOP('',(#12474,#12475,#12481,#12482));
#12474 = ORIENTED_EDGE('',*,*,#11309,.T.);
#12475 = ORIENTED_EDGE('',*,*,#12476,.T.);
#12476 = EDGE_CURVE('',#11310,#11768,#12477,.T.);
#12477 = LINE('',#12478,#12479);
#12478 = CARTESIAN_POINT('',(138.5,-94.12,-4.6E-02));
#12479 = VECTOR('',#12480,1.);
#12480 = DIRECTION('',(0.,0.,1.));
#12481 = ORIENTED_EDGE('',*,*,#11767,.F.);
#12482 = ORIENTED_EDGE('',*,*,#12476,.F.);
#12483 = CYLINDRICAL_SURFACE('',#12484,0.5);
#12484 = AXIS2_PLACEMENT_3D('',#12485,#12486,#12487);
#12485 = CARTESIAN_POINT('',(138.5,-93.62,-4.6E-02));
#12486 = DIRECTION('',(-0.,-0.,-1.));
#12487 = DIRECTION('',(-0.,-1.,0.));
#12488 = ADVANCED_FACE('',(#12489),#12500,.F.);
#12489 = FACE_BOUND('',#12490,.T.);
#12490 = EDGE_LOOP('',(#12491,#12492,#12498,#12499));
#12491 = ORIENTED_EDGE('',*,*,#11320,.T.);
#12492 = ORIENTED_EDGE('',*,*,#12493,.T.);
#12493 = EDGE_CURVE('',#11321,#11779,#12494,.T.);
#12494 = LINE('',#12495,#12496);
#12495 = CARTESIAN_POINT('',(138.5,-91.58,-4.6E-02));
#12496 = VECTOR('',#12497,1.);
#12497 = DIRECTION('',(0.,0.,1.));
#12498 = ORIENTED_EDGE('',*,*,#11778,.F.);
#12499 = ORIENTED_EDGE('',*,*,#12493,.F.);
#12500 = CYLINDRICAL_SURFACE('',#12501,0.5);
#12501 = AXIS2_PLACEMENT_3D('',#12502,#12503,#12504);
#12502 = CARTESIAN_POINT('',(138.5,-91.08,-4.6E-02));
#12503 = DIRECTION('',(-0.,-0.,-1.));
#12504 = DIRECTION('',(-0.,-1.,0.));
#12505 = ADVANCED_FACE('',(#12506),#12517,.F.);
#12506 = FACE_BOUND('',#12507,.T.);
#12507 = EDGE_LOOP('',(#12508,#12509,#12515,#12516));
#12508 = ORIENTED_EDGE('',*,*,#11331,.T.);
#12509 = ORIENTED_EDGE('',*,*,#12510,.T.);
#12510 = EDGE_CURVE('',#11332,#11790,#12511,.T.);
#12511 = LINE('',#12512,#12513);
#12512 = CARTESIAN_POINT('',(138.5,-89.04,-4.6E-02));
#12513 = VECTOR('',#12514,1.);
#12514 = DIRECTION('',(0.,0.,1.));
#12515 = ORIENTED_EDGE('',*,*,#11789,.F.);
#12516 = ORIENTED_EDGE('',*,*,#12510,.F.);
#12517 = CYLINDRICAL_SURFACE('',#12518,0.5);
#12518 = AXIS2_PLACEMENT_3D('',#12519,#12520,#12521);
#12519 = CARTESIAN_POINT('',(138.5,-88.54,-4.6E-02));
#12520 = DIRECTION('',(-0.,-0.,-1.));
#12521 = DIRECTION('',(-0.,-1.,0.));
#12522 = ADVANCED_FACE('',(#12523),#12534,.F.);
#12523 = FACE_BOUND('',#12524,.T.);
#12524 = EDGE_LOOP('',(#12525,#12526,#12532,#12533));
#12525 = ORIENTED_EDGE('',*,*,#11342,.T.);
#12526 = ORIENTED_EDGE('',*,*,#12527,.T.);
#12527 = EDGE_CURVE('',#11343,#11801,#12528,.T.);
#12528 = LINE('',#12529,#12530);
#12529 = CARTESIAN_POINT('',(138.5,-86.5,-4.6E-02));
#12530 = VECTOR('',#12531,1.);
#12531 = DIRECTION('',(0.,0.,1.));
#12532 = ORIENTED_EDGE('',*,*,#11800,.F.);
#12533 = ORIENTED_EDGE('',*,*,#12527,.F.);
#12534 = CYLINDRICAL_SURFACE('',#12535,0.5);
#12535 = AXIS2_PLACEMENT_3D('',#12536,#12537,#12538);
#12536 = CARTESIAN_POINT('',(138.5,-86.,-4.6E-02));
#12537 = DIRECTION('',(-0.,-0.,-1.));
#12538 = DIRECTION('',(-0.,-1.,0.));
#12539 = ( GEOMETRIC_REPRESENTATION_CONTEXT(3) 
GLOBAL_UNCERTAINTY_ASSIGNED_CONTEXT((#12543)) 
GLOBAL_UNIT_ASSIGNED_CONTEXT((#12540,#12541,#12542)) 
REPRESENTATION_CONTEXT('Context #1',
  '3D Context with UNIT and UNCERTAINTY') );
#12540 = ( LENGTH_UNIT() NAMED_UNIT(*) SI_UNIT(.MILLI.,.METRE.) );
#12541 = ( NAMED_UNIT(*) PLANE_ANGLE_UNIT() SI_UNIT($,.RADIAN.) );
#12542 = ( NAMED_UNIT(*) SI_UNIT($,.STERADIAN.) SOLID_ANGLE_UNIT() );
#12543 = UNCERTAINTY_MEASURE_WITH_UNIT(LENGTH_MEASURE(1.E-07),#12540,
  'distance_accuracy_value','confusion accuracy');
#12544 = CONTEXT_DEPENDENT_SHAPE_REPRESENTATION(#12545,#12547);
#12545 = ( REPRESENTATION_RELATIONSHIP('','',#10790,#10) 
REPRESENTATION_RELATIONSHIP_WITH_TRANSFORMATION(#12546) 
SHAPE_REPRESENTATION_RELATIONSHIP() );
#12546 = ITEM_DEFINED_TRANSFORMATION('','',#11,#55);
#12547 = PRODUCT_DEFINITION_SHAPE('Placement','Placement of an item',
  #12548);
#12548 = NEXT_ASSEMBLY_USAGE_OCCURRENCE('11','=>[0:1:1:8]','',#5,#10785,
  $);
#12549 = PRODUCT_RELATED_PRODUCT_CATEGORY('part',$,(#10787));
#12550 = MECHANICAL_DESIGN_GEOMETRIC_PRESENTATION_REPRESENTATION('',(
    #12551,#12559,#12566,#12573,#12580,#12587,#12594,#12601,#12608,
    #12615,#12622,#12629,#12636,#12643,#12650,#12657,#12664,#12672,
    #12679,#12686,#12693,#12700,#12707,#12714,#12721,#12728,#12735,
    #12742,#12749,#12756,#12763,#12770,#12777,#12784,#12791,#12798,
    #12805,#12812,#12819,#12826,#12833,#12840,#12847,#12854,#12861,
    #12868,#12875,#12882,#12889,#12896,#12903,#12910),#4304);
#12551 = STYLED_ITEM('color',(#12552),#2874);
#12552 = PRESENTATION_STYLE_ASSIGNMENT((#12553));
#12553 = SURFACE_STYLE_USAGE(.BOTH.,#12554);
#12554 = SURFACE_SIDE_STYLE('',(#12555));
#12555 = SURFACE_STYLE_FILL_AREA(#12556);
#12556 = FILL_AREA_STYLE('',(#12557));
#12557 = FILL_AREA_STYLE_COLOUR('',#12558);
#12558 = COLOUR_RGB('',0.147999998088,0.144999993226,0.144999993226);
#12559 = STYLED_ITEM('color',(#12560),#2914);
#12560 = PRESENTATION_STYLE_ASSIGNMENT((#12561));
#12561 = SURFACE_STYLE_USAGE(.BOTH.,#12562);
#12562 = SURFACE_SIDE_STYLE('',(#12563));
#12563 = SURFACE_STYLE_FILL_AREA(#12564);
#12564 = FILL_AREA_STYLE('',(#12565));
#12565 = FILL_AREA_STYLE_COLOUR('',#12558);
#12566 = STYLED_ITEM('color',(#12567),#2945);
#12567 = PRESENTATION_STYLE_ASSIGNMENT((#12568));
#12568 = SURFACE_STYLE_USAGE(.BOTH.,#12569);
#12569 = SURFACE_SIDE_STYLE('',(#12570));
#12570 = SURFACE_STYLE_FILL_AREA(#12571);
#12571 = FILL_AREA_STYLE('',(#12572));
#12572 = FILL_AREA_STYLE_COLOUR('',#12558);
#12573 = STYLED_ITEM('color',(#12574),#2976);
#12574 = PRESENTATION_STYLE_ASSIGNMENT((#12575));
#12575 = SURFACE_STYLE_USAGE(.BOTH.,#12576);
#12576 = SURFACE_SIDE_STYLE('',(#12577));
#12577 = SURFACE_STYLE_FILL_AREA(#12578);
#12578 = FILL_AREA_STYLE('',(#12579));
#12579 = FILL_AREA_STYLE_COLOUR('',#12558);
#12580 = STYLED_ITEM('color',(#12581),#3141);
#12581 = PRESENTATION_STYLE_ASSIGNMENT((#12582));
#12582 = SURFACE_STYLE_USAGE(.BOTH.,#12583);
#12583 = SURFACE_SIDE_STYLE('',(#12584));
#12584 = SURFACE_STYLE_FILL_AREA(#12585);
#12585 = FILL_AREA_STYLE('',(#12586));
#12586 = FILL_AREA_STYLE_COLOUR('',#12558);
#12587 = STYLED_ITEM('color',(#12588),#3306);
#12588 = PRESENTATION_STYLE_ASSIGNMENT((#12589));
#12589 = SURFACE_STYLE_USAGE(.BOTH.,#12590);
#12590 = SURFACE_SIDE_STYLE('',(#12591));
#12591 = SURFACE_STYLE_FILL_AREA(#12592);
#12592 = FILL_AREA_STYLE('',(#12593));
#12593 = FILL_AREA_STYLE_COLOUR('',#12558);
#12594 = STYLED_ITEM('color',(#12595),#3323);
#12595 = PRESENTATION_STYLE_ASSIGNMENT((#12596));
#12596 = SURFACE_STYLE_USAGE(.BOTH.,#12597);
#12597 = SURFACE_SIDE_STYLE('',(#12598));
#12598 = SURFACE_STYLE_FILL_AREA(#12599);
#12599 = FILL_AREA_STYLE('',(#12600));
#12600 = FILL_AREA_STYLE_COLOUR('',#12558);
#12601 = STYLED_ITEM('color',(#12602),#3340);
#12602 = PRESENTATION_STYLE_ASSIGNMENT((#12603));
#12603 = SURFACE_STYLE_USAGE(.BOTH.,#12604);
#12604 = SURFACE_SIDE_STYLE('',(#12605));
#12605 = SURFACE_STYLE_FILL_AREA(#12606);
#12606 = FILL_AREA_STYLE('',(#12607));
#12607 = FILL_AREA_STYLE_COLOUR('',#12558);
#12608 = STYLED_ITEM('color',(#12609),#3357);
#12609 = PRESENTATION_STYLE_ASSIGNMENT((#12610));
#12610 = SURFACE_STYLE_USAGE(.BOTH.,#12611);
#12611 = SURFACE_SIDE_STYLE('',(#12612));
#12612 = SURFACE_STYLE_FILL_AREA(#12613);
#12613 = FILL_AREA_STYLE('',(#12614));
#12614 = FILL_AREA_STYLE_COLOUR('',#12558);
#12615 = STYLED_ITEM('color',(#12616),#3374);
#12616 = PRESENTATION_STYLE_ASSIGNMENT((#12617));
#12617 = SURFACE_STYLE_USAGE(.BOTH.,#12618);
#12618 = SURFACE_SIDE_STYLE('',(#12619));
#12619 = SURFACE_STYLE_FILL_AREA(#12620);
#12620 = FILL_AREA_STYLE('',(#12621));
#12621 = FILL_AREA_STYLE_COLOUR('',#12558);
#12622 = STYLED_ITEM('color',(#12623),#3391);
#12623 = PRESENTATION_STYLE_ASSIGNMENT((#12624));
#12624 = SURFACE_STYLE_USAGE(.BOTH.,#12625);
#12625 = SURFACE_SIDE_STYLE('',(#12626));
#12626 = SURFACE_STYLE_FILL_AREA(#12627);
#12627 = FILL_AREA_STYLE('',(#12628));
#12628 = FILL_AREA_STYLE_COLOUR('',#12558);
#12629 = STYLED_ITEM('color',(#12630),#3408);
#12630 = PRESENTATION_STYLE_ASSIGNMENT((#12631));
#12631 = SURFACE_STYLE_USAGE(.BOTH.,#12632);
#12632 = SURFACE_SIDE_STYLE('',(#12633));
#12633 = SURFACE_STYLE_FILL_AREA(#12634);
#12634 = FILL_AREA_STYLE('',(#12635));
#12635 = FILL_AREA_STYLE_COLOUR('',#12558);
#12636 = STYLED_ITEM('color',(#12637),#3425);
#12637 = PRESENTATION_STYLE_ASSIGNMENT((#12638));
#12638 = SURFACE_STYLE_USAGE(.BOTH.,#12639);
#12639 = SURFACE_SIDE_STYLE('',(#12640));
#12640 = SURFACE_STYLE_FILL_AREA(#12641);
#12641 = FILL_AREA_STYLE('',(#12642));
#12642 = FILL_AREA_STYLE_COLOUR('',#12558);
#12643 = STYLED_ITEM('color',(#12644),#3442);
#12644 = PRESENTATION_STYLE_ASSIGNMENT((#12645));
#12645 = SURFACE_STYLE_USAGE(.BOTH.,#12646);
#12646 = SURFACE_SIDE_STYLE('',(#12647));
#12647 = SURFACE_STYLE_FILL_AREA(#12648);
#12648 = FILL_AREA_STYLE('',(#12649));
#12649 = FILL_AREA_STYLE_COLOUR('',#12558);
#12650 = STYLED_ITEM('color',(#12651),#3459);
#12651 = PRESENTATION_STYLE_ASSIGNMENT((#12652));
#12652 = SURFACE_STYLE_USAGE(.BOTH.,#12653);
#12653 = SURFACE_SIDE_STYLE('',(#12654));
#12654 = SURFACE_STYLE_FILL_AREA(#12655);
#12655 = FILL_AREA_STYLE('',(#12656));
#12656 = FILL_AREA_STYLE_COLOUR('',#12558);
#12657 = STYLED_ITEM('color',(#12658),#3476);
#12658 = PRESENTATION_STYLE_ASSIGNMENT((#12659));
#12659 = SURFACE_STYLE_USAGE(.BOTH.,#12660);
#12660 = SURFACE_SIDE_STYLE('',(#12661));
#12661 = SURFACE_STYLE_FILL_AREA(#12662);
#12662 = FILL_AREA_STYLE('',(#12663));
#12663 = FILL_AREA_STYLE_COLOUR('',#12558);
#12664 = STYLED_ITEM('color',(#12665),#3488);
#12665 = PRESENTATION_STYLE_ASSIGNMENT((#12666));
#12666 = SURFACE_STYLE_USAGE(.BOTH.,#12667);
#12667 = SURFACE_SIDE_STYLE('',(#12668));
#12668 = SURFACE_STYLE_FILL_AREA(#12669);
#12669 = FILL_AREA_STYLE('',(#12670));
#12670 = FILL_AREA_STYLE_COLOUR('',#12671);
#12671 = COLOUR_RGB('',0.859000020776,0.737999965183,0.495999988746);
#12672 = STYLED_ITEM('color',(#12673),#3519);
#12673 = PRESENTATION_STYLE_ASSIGNMENT((#12674));
#12674 = SURFACE_STYLE_USAGE(.BOTH.,#12675);
#12675 = SURFACE_SIDE_STYLE('',(#12676));
#12676 = SURFACE_STYLE_FILL_AREA(#12677);
#12677 = FILL_AREA_STYLE('',(#12678));
#12678 = FILL_AREA_STYLE_COLOUR('',#12671);
#12679 = STYLED_ITEM('color',(#12680),#3543);
#12680 = PRESENTATION_STYLE_ASSIGNMENT((#12681));
#12681 = SURFACE_STYLE_USAGE(.BOTH.,#12682);
#12682 = SURFACE_SIDE_STYLE('',(#12683));
#12683 = SURFACE_STYLE_FILL_AREA(#12684);
#12684 = FILL_AREA_STYLE('',(#12685));
#12685 = FILL_AREA_STYLE_COLOUR('',#12671);
#12686 = STYLED_ITEM('color',(#12687),#3567);
#12687 = PRESENTATION_STYLE_ASSIGNMENT((#12688));
#12688 = SURFACE_STYLE_USAGE(.BOTH.,#12689);
#12689 = SURFACE_SIDE_STYLE('',(#12690));
#12690 = SURFACE_STYLE_FILL_AREA(#12691);
#12691 = FILL_AREA_STYLE('',(#12692));
#12692 = FILL_AREA_STYLE_COLOUR('',#12671);
#12693 = STYLED_ITEM('color',(#12694),#3584);
#12694 = PRESENTATION_STYLE_ASSIGNMENT((#12695));
#12695 = SURFACE_STYLE_USAGE(.BOTH.,#12696);
#12696 = SURFACE_SIDE_STYLE('',(#12697));
#12697 = SURFACE_STYLE_FILL_AREA(#12698);
#12698 = FILL_AREA_STYLE('',(#12699));
#12699 = FILL_AREA_STYLE_COLOUR('',#12671);
#12700 = STYLED_ITEM('color',(#12701),#3615);
#12701 = PRESENTATION_STYLE_ASSIGNMENT((#12702));
#12702 = SURFACE_STYLE_USAGE(.BOTH.,#12703);
#12703 = SURFACE_SIDE_STYLE('',(#12704));
#12704 = SURFACE_STYLE_FILL_AREA(#12705);
#12705 = FILL_AREA_STYLE('',(#12706));
#12706 = FILL_AREA_STYLE_COLOUR('',#12671);
#12707 = STYLED_ITEM('color',(#12708),#3639);
#12708 = PRESENTATION_STYLE_ASSIGNMENT((#12709));
#12709 = SURFACE_STYLE_USAGE(.BOTH.,#12710);
#12710 = SURFACE_SIDE_STYLE('',(#12711));
#12711 = SURFACE_STYLE_FILL_AREA(#12712);
#12712 = FILL_AREA_STYLE('',(#12713));
#12713 = FILL_AREA_STYLE_COLOUR('',#12671);
#12714 = STYLED_ITEM('color',(#12715),#3663);
#12715 = PRESENTATION_STYLE_ASSIGNMENT((#12716));
#12716 = SURFACE_STYLE_USAGE(.BOTH.,#12717);
#12717 = SURFACE_SIDE_STYLE('',(#12718));
#12718 = SURFACE_STYLE_FILL_AREA(#12719);
#12719 = FILL_AREA_STYLE('',(#12720));
#12720 = FILL_AREA_STYLE_COLOUR('',#12671);
#12721 = STYLED_ITEM('color',(#12722),#3680);
#12722 = PRESENTATION_STYLE_ASSIGNMENT((#12723));
#12723 = SURFACE_STYLE_USAGE(.BOTH.,#12724);
#12724 = SURFACE_SIDE_STYLE('',(#12725));
#12725 = SURFACE_STYLE_FILL_AREA(#12726);
#12726 = FILL_AREA_STYLE('',(#12727));
#12727 = FILL_AREA_STYLE_COLOUR('',#12671);
#12728 = STYLED_ITEM('color',(#12729),#3711);
#12729 = PRESENTATION_STYLE_ASSIGNMENT((#12730));
#12730 = SURFACE_STYLE_USAGE(.BOTH.,#12731);
#12731 = SURFACE_SIDE_STYLE('',(#12732));
#12732 = SURFACE_STYLE_FILL_AREA(#12733);
#12733 = FILL_AREA_STYLE('',(#12734));
#12734 = FILL_AREA_STYLE_COLOUR('',#12671);
#12735 = STYLED_ITEM('color',(#12736),#3735);
#12736 = PRESENTATION_STYLE_ASSIGNMENT((#12737));
#12737 = SURFACE_STYLE_USAGE(.BOTH.,#12738);
#12738 = SURFACE_SIDE_STYLE('',(#12739));
#12739 = SURFACE_STYLE_FILL_AREA(#12740);
#12740 = FILL_AREA_STYLE('',(#12741));
#12741 = FILL_AREA_STYLE_COLOUR('',#12671);
#12742 = STYLED_ITEM('color',(#12743),#3759);
#12743 = PRESENTATION_STYLE_ASSIGNMENT((#12744));
#12744 = SURFACE_STYLE_USAGE(.BOTH.,#12745);
#12745 = SURFACE_SIDE_STYLE('',(#12746));
#12746 = SURFACE_STYLE_FILL_AREA(#12747);
#12747 = FILL_AREA_STYLE('',(#12748));
#12748 = FILL_AREA_STYLE_COLOUR('',#12671);
#12749 = STYLED_ITEM('color',(#12750),#3776);
#12750 = PRESENTATION_STYLE_ASSIGNMENT((#12751));
#12751 = SURFACE_STYLE_USAGE(.BOTH.,#12752);
#12752 = SURFACE_SIDE_STYLE('',(#12753));
#12753 = SURFACE_STYLE_FILL_AREA(#12754);
#12754 = FILL_AREA_STYLE('',(#12755));
#12755 = FILL_AREA_STYLE_COLOUR('',#12671);
#12756 = STYLED_ITEM('color',(#12757),#3807);
#12757 = PRESENTATION_STYLE_ASSIGNMENT((#12758));
#12758 = SURFACE_STYLE_USAGE(.BOTH.,#12759);
#12759 = SURFACE_SIDE_STYLE('',(#12760));
#12760 = SURFACE_STYLE_FILL_AREA(#12761);
#12761 = FILL_AREA_STYLE('',(#12762));
#12762 = FILL_AREA_STYLE_COLOUR('',#12671);
#12763 = STYLED_ITEM('color',(#12764),#3831);
#12764 = PRESENTATION_STYLE_ASSIGNMENT((#12765));
#12765 = SURFACE_STYLE_USAGE(.BOTH.,#12766);
#12766 = SURFACE_SIDE_STYLE('',(#12767));
#12767 = SURFACE_STYLE_FILL_AREA(#12768);
#12768 = FILL_AREA_STYLE('',(#12769));
#12769 = FILL_AREA_STYLE_COLOUR('',#12671);
#12770 = STYLED_ITEM('color',(#12771),#3855);
#12771 = PRESENTATION_STYLE_ASSIGNMENT((#12772));
#12772 = SURFACE_STYLE_USAGE(.BOTH.,#12773);
#12773 = SURFACE_SIDE_STYLE('',(#12774));
#12774 = SURFACE_STYLE_FILL_AREA(#12775);
#12775 = FILL_AREA_STYLE('',(#12776));
#12776 = FILL_AREA_STYLE_COLOUR('',#12671);
#12777 = STYLED_ITEM('color',(#12778),#3872);
#12778 = PRESENTATION_STYLE_ASSIGNMENT((#12779));
#12779 = SURFACE_STYLE_USAGE(.BOTH.,#12780);
#12780 = SURFACE_SIDE_STYLE('',(#12781));
#12781 = SURFACE_STYLE_FILL_AREA(#12782);
#12782 = FILL_AREA_STYLE('',(#12783));
#12783 = FILL_AREA_STYLE_COLOUR('',#12671);
#12784 = STYLED_ITEM('color',(#12785),#3903);
#12785 = PRESENTATION_STYLE_ASSIGNMENT((#12786));
#12786 = SURFACE_STYLE_USAGE(.BOTH.,#12787);
#12787 = SURFACE_SIDE_STYLE('',(#12788));
#12788 = SURFACE_STYLE_FILL_AREA(#12789);
#12789 = FILL_AREA_STYLE('',(#12790));
#12790 = FILL_AREA_STYLE_COLOUR('',#12671);
#12791 = STYLED_ITEM('color',(#12792),#3927);
#12792 = PRESENTATION_STYLE_ASSIGNMENT((#12793));
#12793 = SURFACE_STYLE_USAGE(.BOTH.,#12794);
#12794 = SURFACE_SIDE_STYLE('',(#12795));
#12795 = SURFACE_STYLE_FILL_AREA(#12796);
#12796 = FILL_AREA_STYLE('',(#12797));
#12797 = FILL_AREA_STYLE_COLOUR('',#12671);
#12798 = STYLED_ITEM('color',(#12799),#3951);
#12799 = PRESENTATION_STYLE_ASSIGNMENT((#12800));
#12800 = SURFACE_STYLE_USAGE(.BOTH.,#12801);
#12801 = SURFACE_SIDE_STYLE('',(#12802));
#12802 = SURFACE_STYLE_FILL_AREA(#12803);
#12803 = FILL_AREA_STYLE('',(#12804));
#12804 = FILL_AREA_STYLE_COLOUR('',#12671);
#12805 = STYLED_ITEM('color',(#12806),#3968);
#12806 = PRESENTATION_STYLE_ASSIGNMENT((#12807));
#12807 = SURFACE_STYLE_USAGE(.BOTH.,#12808);
#12808 = SURFACE_SIDE_STYLE('',(#12809));
#12809 = SURFACE_STYLE_FILL_AREA(#12810);
#12810 = FILL_AREA_STYLE('',(#12811));
#12811 = FILL_AREA_STYLE_COLOUR('',#12671);
#12812 = STYLED_ITEM('color',(#12813),#3999);
#12813 = PRESENTATION_STYLE_ASSIGNMENT((#12814));
#12814 = SURFACE_STYLE_USAGE(.BOTH.,#12815);
#12815 = SURFACE_SIDE_STYLE('',(#12816));
#12816 = SURFACE_STYLE_FILL_AREA(#12817);
#12817 = FILL_AREA_STYLE('',(#12818));
#12818 = FILL_AREA_STYLE_COLOUR('',#12671);
#12819 = STYLED_ITEM('color',(#12820),#4023);
#12820 = PRESENTATION_STYLE_ASSIGNMENT((#12821));
#12821 = SURFACE_STYLE_USAGE(.BOTH.,#12822);
#12822 = SURFACE_SIDE_STYLE('',(#12823));
#12823 = SURFACE_STYLE_FILL_AREA(#12824);
#12824 = FILL_AREA_STYLE('',(#12825));
#12825 = FILL_AREA_STYLE_COLOUR('',#12671);
#12826 = STYLED_ITEM('color',(#12827),#4047);
#12827 = PRESENTATION_STYLE_ASSIGNMENT((#12828));
#12828 = SURFACE_STYLE_USAGE(.BOTH.,#12829);
#12829 = SURFACE_SIDE_STYLE('',(#12830));
#12830 = SURFACE_STYLE_FILL_AREA(#12831);
#12831 = FILL_AREA_STYLE('',(#12832));
#12832 = FILL_AREA_STYLE_COLOUR('',#12671);
#12833 = STYLED_ITEM('color',(#12834),#4064);
#12834 = PRESENTATION_STYLE_ASSIGNMENT((#12835));
#12835 = SURFACE_STYLE_USAGE(.BOTH.,#12836);
#12836 = SURFACE_SIDE_STYLE('',(#12837));
#12837 = SURFACE_STYLE_FILL_AREA(#12838);
#12838 = FILL_AREA_STYLE('',(#12839));
#12839 = FILL_AREA_STYLE_COLOUR('',#12671);
#12840 = STYLED_ITEM('color',(#12841),#4095);
#12841 = PRESENTATION_STYLE_ASSIGNMENT((#12842));
#12842 = SURFACE_STYLE_USAGE(.BOTH.,#12843);
#12843 = SURFACE_SIDE_STYLE('',(#12844));
#12844 = SURFACE_STYLE_FILL_AREA(#12845);
#12845 = FILL_AREA_STYLE('',(#12846));
#12846 = FILL_AREA_STYLE_COLOUR('',#12671);
#12847 = STYLED_ITEM('color',(#12848),#4119);
#12848 = PRESENTATION_STYLE_ASSIGNMENT((#12849));
#12849 = SURFACE_STYLE_USAGE(.BOTH.,#12850);
#12850 = SURFACE_SIDE_STYLE('',(#12851));
#12851 = SURFACE_STYLE_FILL_AREA(#12852);
#12852 = FILL_AREA_STYLE('',(#12853));
#12853 = FILL_AREA_STYLE_COLOUR('',#12671);
#12854 = STYLED_ITEM('color',(#12855),#4143);
#12855 = PRESENTATION_STYLE_ASSIGNMENT((#12856));
#12856 = SURFACE_STYLE_USAGE(.BOTH.,#12857);
#12857 = SURFACE_SIDE_STYLE('',(#12858));
#12858 = SURFACE_STYLE_FILL_AREA(#12859);
#12859 = FILL_AREA_STYLE('',(#12860));
#12860 = FILL_AREA_STYLE_COLOUR('',#12671);
#12861 = STYLED_ITEM('color',(#12862),#4160);
#12862 = PRESENTATION_STYLE_ASSIGNMENT((#12863));
#12863 = SURFACE_STYLE_USAGE(.BOTH.,#12864);
#12864 = SURFACE_SIDE_STYLE('',(#12865));
#12865 = SURFACE_STYLE_FILL_AREA(#12866);
#12866 = FILL_AREA_STYLE('',(#12867));
#12867 = FILL_AREA_STYLE_COLOUR('',#12671);
#12868 = STYLED_ITEM('color',(#12869),#4191);
#12869 = PRESENTATION_STYLE_ASSIGNMENT((#12870));
#12870 = SURFACE_STYLE_USAGE(.BOTH.,#12871);
#12871 = SURFACE_SIDE_STYLE('',(#12872));
#12872 = SURFACE_STYLE_FILL_AREA(#12873);
#12873 = FILL_AREA_STYLE('',(#12874));
#12874 = FILL_AREA_STYLE_COLOUR('',#12671);
#12875 = STYLED_ITEM('color',(#12876),#4215);
#12876 = PRESENTATION_STYLE_ASSIGNMENT((#12877));
#12877 = SURFACE_STYLE_USAGE(.BOTH.,#12878);
#12878 = SURFACE_SIDE_STYLE('',(#12879));
#12879 = SURFACE_STYLE_FILL_AREA(#12880);
#12880 = FILL_AREA_STYLE('',(#12881));
#12881 = FILL_AREA_STYLE_COLOUR('',#12671);
#12882 = STYLED_ITEM('color',(#12883),#4239);
#12883 = PRESENTATION_STYLE_ASSIGNMENT((#12884));
#12884 = SURFACE_STYLE_USAGE(.BOTH.,#12885);
#12885 = SURFACE_SIDE_STYLE('',(#12886));
#12886 = SURFACE_STYLE_FILL_AREA(#12887);
#12887 = FILL_AREA_STYLE('',(#12888));
#12888 = FILL_AREA_STYLE_COLOUR('',#12671);
#12889 = STYLED_ITEM('color',(#12890),#4256);
#12890 = PRESENTATION_STYLE_ASSIGNMENT((#12891));
#12891 = SURFACE_STYLE_USAGE(.BOTH.,#12892);
#12892 = SURFACE_SIDE_STYLE('',(#12893));
#12893 = SURFACE_STYLE_FILL_AREA(#12894);
#12894 = FILL_AREA_STYLE('',(#12895));
#12895 = FILL_AREA_STYLE_COLOUR('',#12671);
#12896 = STYLED_ITEM('color',(#12897),#4268);
#12897 = PRESENTATION_STYLE_ASSIGNMENT((#12898));
#12898 = SURFACE_STYLE_USAGE(.BOTH.,#12899);
#12899 = SURFACE_SIDE_STYLE('',(#12900));
#12900 = SURFACE_STYLE_FILL_AREA(#12901);
#12901 = FILL_AREA_STYLE('',(#12902));
#12902 = FILL_AREA_STYLE_COLOUR('',#12671);
#12903 = STYLED_ITEM('color',(#12904),#4280);
#12904 = PRESENTATION_STYLE_ASSIGNMENT((#12905));
#12905 = SURFACE_STYLE_USAGE(.BOTH.,#12906);
#12906 = SURFACE_SIDE_STYLE('',(#12907));
#12907 = SURFACE_STYLE_FILL_AREA(#12908);
#12908 = FILL_AREA_STYLE('',(#12909));
#12909 = FILL_AREA_STYLE_COLOUR('',#12671);
#12910 = STYLED_ITEM('color',(#12911),#4292);
#12911 = PRESENTATION_STYLE_ASSIGNMENT((#12912));
#12912 = SURFACE_STYLE_USAGE(.BOTH.,#12913);
#12913 = SURFACE_SIDE_STYLE('',(#12914));
#12914 = SURFACE_STYLE_FILL_AREA(#12915);
#12915 = FILL_AREA_STYLE('',(#12916));
#12916 = FILL_AREA_STYLE_COLOUR('',#12671);
#12917 = MECHANICAL_DESIGN_GEOMETRIC_PRESENTATION_REPRESENTATION('',(
    #12918,#12925,#12932,#12939,#12946,#12953,#12960,#12967,#12974,
    #12981,#12988,#12995,#13002,#13009,#13016,#13023,#13030,#13037,
    #13044,#13051,#13058,#13065,#13072,#13079,#13086,#13093,#13100,
    #13107),#10772);
#12918 = STYLED_ITEM('color',(#12919),#10016);
#12919 = PRESENTATION_STYLE_ASSIGNMENT((#12920));
#12920 = SURFACE_STYLE_USAGE(.BOTH.,#12921);
#12921 = SURFACE_SIDE_STYLE('',(#12922));
#12922 = SURFACE_STYLE_FILL_AREA(#12923);
#12923 = FILL_AREA_STYLE('',(#12924));
#12924 = FILL_AREA_STYLE_COLOUR('',#12558);
#12925 = STYLED_ITEM('color',(#12926),#10056);
#12926 = PRESENTATION_STYLE_ASSIGNMENT((#12927));
#12927 = SURFACE_STYLE_USAGE(.BOTH.,#12928);
#12928 = SURFACE_SIDE_STYLE('',(#12929));
#12929 = SURFACE_STYLE_FILL_AREA(#12930);
#12930 = FILL_AREA_STYLE('',(#12931));
#12931 = FILL_AREA_STYLE_COLOUR('',#12558);
#12932 = STYLED_ITEM('color',(#12933),#10087);
#12933 = PRESENTATION_STYLE_ASSIGNMENT((#12934));
#12934 = SURFACE_STYLE_USAGE(.BOTH.,#12935);
#12935 = SURFACE_SIDE_STYLE('',(#12936));
#12936 = SURFACE_STYLE_FILL_AREA(#12937);
#12937 = FILL_AREA_STYLE('',(#12938));
#12938 = FILL_AREA_STYLE_COLOUR('',#12558);
#12939 = STYLED_ITEM('color',(#12940),#10118);
#12940 = PRESENTATION_STYLE_ASSIGNMENT((#12941));
#12941 = SURFACE_STYLE_USAGE(.BOTH.,#12942);
#12942 = SURFACE_SIDE_STYLE('',(#12943));
#12943 = SURFACE_STYLE_FILL_AREA(#12944);
#12944 = FILL_AREA_STYLE('',(#12945));
#12945 = FILL_AREA_STYLE_COLOUR('',#12558);
#12946 = STYLED_ITEM('color',(#12947),#10201);
#12947 = PRESENTATION_STYLE_ASSIGNMENT((#12948));
#12948 = SURFACE_STYLE_USAGE(.BOTH.,#12949);
#12949 = SURFACE_SIDE_STYLE('',(#12950));
#12950 = SURFACE_STYLE_FILL_AREA(#12951);
#12951 = FILL_AREA_STYLE('',(#12952));
#12952 = FILL_AREA_STYLE_COLOUR('',#12558);
#12953 = STYLED_ITEM('color',(#12954),#10284);
#12954 = PRESENTATION_STYLE_ASSIGNMENT((#12955));
#12955 = SURFACE_STYLE_USAGE(.BOTH.,#12956);
#12956 = SURFACE_SIDE_STYLE('',(#12957));
#12957 = SURFACE_STYLE_FILL_AREA(#12958);
#12958 = FILL_AREA_STYLE('',(#12959));
#12959 = FILL_AREA_STYLE_COLOUR('',#12558);
#12960 = STYLED_ITEM('color',(#12961),#10301);
#12961 = PRESENTATION_STYLE_ASSIGNMENT((#12962));
#12962 = SURFACE_STYLE_USAGE(.BOTH.,#12963);
#12963 = SURFACE_SIDE_STYLE('',(#12964));
#12964 = SURFACE_STYLE_FILL_AREA(#12965);
#12965 = FILL_AREA_STYLE('',(#12966));
#12966 = FILL_AREA_STYLE_COLOUR('',#12558);
#12967 = STYLED_ITEM('color',(#12968),#10318);
#12968 = PRESENTATION_STYLE_ASSIGNMENT((#12969));
#12969 = SURFACE_STYLE_USAGE(.BOTH.,#12970);
#12970 = SURFACE_SIDE_STYLE('',(#12971));
#12971 = SURFACE_STYLE_FILL_AREA(#12972);
#12972 = FILL_AREA_STYLE('',(#12973));
#12973 = FILL_AREA_STYLE_COLOUR('',#12558);
#12974 = STYLED_ITEM('color',(#12975),#10335);
#12975 = PRESENTATION_STYLE_ASSIGNMENT((#12976));
#12976 = SURFACE_STYLE_USAGE(.BOTH.,#12977);
#12977 = SURFACE_SIDE_STYLE('',(#12978));
#12978 = SURFACE_STYLE_FILL_AREA(#12979);
#12979 = FILL_AREA_STYLE('',(#12980));
#12980 = FILL_AREA_STYLE_COLOUR('',#12558);
#12981 = STYLED_ITEM('color',(#12982),#10352);
#12982 = PRESENTATION_STYLE_ASSIGNMENT((#12983));
#12983 = SURFACE_STYLE_USAGE(.BOTH.,#12984);
#12984 = SURFACE_SIDE_STYLE('',(#12985));
#12985 = SURFACE_STYLE_FILL_AREA(#12986);
#12986 = FILL_AREA_STYLE('',(#12987));
#12987 = FILL_AREA_STYLE_COLOUR('',#12558);
#12988 = STYLED_ITEM('color',(#12989),#10364);
#12989 = PRESENTATION_STYLE_ASSIGNMENT((#12990));
#12990 = SURFACE_STYLE_USAGE(.BOTH.,#12991);
#12991 = SURFACE_SIDE_STYLE('',(#12992));
#12992 = SURFACE_STYLE_FILL_AREA(#12993);
#12993 = FILL_AREA_STYLE('',(#12994));
#12994 = FILL_AREA_STYLE_COLOUR('',#12671);
#12995 = STYLED_ITEM('color',(#12996),#10395);
#12996 = PRESENTATION_STYLE_ASSIGNMENT((#12997));
#12997 = SURFACE_STYLE_USAGE(.BOTH.,#12998);
#12998 = SURFACE_SIDE_STYLE('',(#12999));
#12999 = SURFACE_STYLE_FILL_AREA(#13000);
#13000 = FILL_AREA_STYLE('',(#13001));
#13001 = FILL_AREA_STYLE_COLOUR('',#12671);
#13002 = STYLED_ITEM('color',(#13003),#10419);
#13003 = PRESENTATION_STYLE_ASSIGNMENT((#13004));
#13004 = SURFACE_STYLE_USAGE(.BOTH.,#13005);
#13005 = SURFACE_SIDE_STYLE('',(#13006));
#13006 = SURFACE_STYLE_FILL_AREA(#13007);
#13007 = FILL_AREA_STYLE('',(#13008));
#13008 = FILL_AREA_STYLE_COLOUR('',#12671);
#13009 = STYLED_ITEM('color',(#13010),#10443);
#13010 = PRESENTATION_STYLE_ASSIGNMENT((#13011));
#13011 = SURFACE_STYLE_USAGE(.BOTH.,#13012);
#13012 = SURFACE_SIDE_STYLE('',(#13013));
#13013 = SURFACE_STYLE_FILL_AREA(#13014);
#13014 = FILL_AREA_STYLE('',(#13015));
#13015 = FILL_AREA_STYLE_COLOUR('',#12671);
#13016 = STYLED_ITEM('color',(#13017),#10460);
#13017 = PRESENTATION_STYLE_ASSIGNMENT((#13018));
#13018 = SURFACE_STYLE_USAGE(.BOTH.,#13019);
#13019 = SURFACE_SIDE_STYLE('',(#13020));
#13020 = SURFACE_STYLE_FILL_AREA(#13021);
#13021 = FILL_AREA_STYLE('',(#13022));
#13022 = FILL_AREA_STYLE_COLOUR('',#12671);
#13023 = STYLED_ITEM('color',(#13024),#10491);
#13024 = PRESENTATION_STYLE_ASSIGNMENT((#13025));
#13025 = SURFACE_STYLE_USAGE(.BOTH.,#13026);
#13026 = SURFACE_SIDE_STYLE('',(#13027));
#13027 = SURFACE_STYLE_FILL_AREA(#13028);
#13028 = FILL_AREA_STYLE('',(#13029));
#13029 = FILL_AREA_STYLE_COLOUR('',#12671);
#13030 = STYLED_ITEM('color',(#13031),#10515);
#13031 = PRESENTATION_STYLE_ASSIGNMENT((#13032));
#13032 = SURFACE_STYLE_USAGE(.BOTH.,#13033);
#13033 = SURFACE_SIDE_STYLE('',(#13034));
#13034 = SURFACE_STYLE_FILL_AREA(#13035);
#13035 = FILL_AREA_STYLE('',(#13036));
#13036 = FILL_AREA_STYLE_COLOUR('',#12671);
#13037 = STYLED_ITEM('color',(#13038),#10539);
#13038 = PRESENTATION_STYLE_ASSIGNMENT((#13039));
#13039 = SURFACE_STYLE_USAGE(.BOTH.,#13040);
#13040 = SURFACE_SIDE_STYLE('',(#13041));
#13041 = SURFACE_STYLE_FILL_AREA(#13042);
#13042 = FILL_AREA_STYLE('',(#13043));
#13043 = FILL_AREA_STYLE_COLOUR('',#12671);
#13044 = STYLED_ITEM('color',(#13045),#10556);
#13045 = PRESENTATION_STYLE_ASSIGNMENT((#13046));
#13046 = SURFACE_STYLE_USAGE(.BOTH.,#13047);
#13047 = SURFACE_SIDE_STYLE('',(#13048));
#13048 = SURFACE_STYLE_FILL_AREA(#13049);
#13049 = FILL_AREA_STYLE('',(#13050));
#13050 = FILL_AREA_STYLE_COLOUR('',#12671);
#13051 = STYLED_ITEM('color',(#13052),#10587);
#13052 = PRESENTATION_STYLE_ASSIGNMENT((#13053));
#13053 = SURFACE_STYLE_USAGE(.BOTH.,#13054);
#13054 = SURFACE_SIDE_STYLE('',(#13055));
#13055 = SURFACE_STYLE_FILL_AREA(#13056);
#13056 = FILL_AREA_STYLE('',(#13057));
#13057 = FILL_AREA_STYLE_COLOUR('',#12671);
#13058 = STYLED_ITEM('color',(#13059),#10611);
#13059 = PRESENTATION_STYLE_ASSIGNMENT((#13060));
#13060 = SURFACE_STYLE_USAGE(.BOTH.,#13061);
#13061 = SURFACE_SIDE_STYLE('',(#13062));
#13062 = SURFACE_STYLE_FILL_AREA(#13063);
#13063 = FILL_AREA_STYLE('',(#13064));
#13064 = FILL_AREA_STYLE_COLOUR('',#12671);
#13065 = STYLED_ITEM('color',(#13066),#10635);
#13066 = PRESENTATION_STYLE_ASSIGNMENT((#13067));
#13067 = SURFACE_STYLE_USAGE(.BOTH.,#13068);
#13068 = SURFACE_SIDE_STYLE('',(#13069));
#13069 = SURFACE_STYLE_FILL_AREA(#13070);
#13070 = FILL_AREA_STYLE('',(#13071));
#13071 = FILL_AREA_STYLE_COLOUR('',#12671);
#13072 = STYLED_ITEM('color',(#13073),#10652);
#13073 = PRESENTATION_STYLE_ASSIGNMENT((#13074));
#13074 = SURFACE_STYLE_USAGE(.BOTH.,#13075);
#13075 = SURFACE_SIDE_STYLE('',(#13076));
#13076 = SURFACE_STYLE_FILL_AREA(#13077);
#13077 = FILL_AREA_STYLE('',(#13078));
#13078 = FILL_AREA_STYLE_COLOUR('',#12671);
#13079 = STYLED_ITEM('color',(#13080),#10683);
#13080 = PRESENTATION_STYLE_ASSIGNMENT((#13081));
#13081 = SURFACE_STYLE_USAGE(.BOTH.,#13082);
#13082 = SURFACE_SIDE_STYLE('',(#13083));
#13083 = SURFACE_STYLE_FILL_AREA(#13084);
#13084 = FILL_AREA_STYLE('',(#13085));
#13085 = FILL_AREA_STYLE_COLOUR('',#12671);
#13086 = STYLED_ITEM('color',(#13087),#10707);
#13087 = PRESENTATION_STYLE_ASSIGNMENT((#13088));
#13088 = SURFACE_STYLE_USAGE(.BOTH.,#13089);
#13089 = SURFACE_SIDE_STYLE('',(#13090));
#13090 = SURFACE_STYLE_FILL_AREA(#13091);
#13091 = FILL_AREA_STYLE('',(#13092));
#13092 = FILL_AREA_STYLE_COLOUR('',#12671);
#13093 = STYLED_ITEM('color',(#13094),#10731);
#13094 = PRESENTATION_STYLE_ASSIGNMENT((#13095));
#13095 = SURFACE_STYLE_USAGE(.BOTH.,#13096);
#13096 = SURFACE_SIDE_STYLE('',(#13097));
#13097 = SURFACE_STYLE_FILL_AREA(#13098);
#13098 = FILL_AREA_STYLE('',(#13099));
#13099 = FILL_AREA_STYLE_COLOUR('',#12671);
#13100 = STYLED_ITEM('color',(#13101),#10748);
#13101 = PRESENTATION_STYLE_ASSIGNMENT((#13102));
#13102 = SURFACE_STYLE_USAGE(.BOTH.,#13103);
#13103 = SURFACE_SIDE_STYLE('',(#13104));
#13104 = SURFACE_STYLE_FILL_AREA(#13105);
#13105 = FILL_AREA_STYLE('',(#13106));
#13106 = FILL_AREA_STYLE_COLOUR('',#12671);
#13107 = STYLED_ITEM('color',(#13108),#10760);
#13108 = PRESENTATION_STYLE_ASSIGNMENT((#13109));
#13109 = SURFACE_STYLE_USAGE(.BOTH.,#13110);
#13110 = SURFACE_SIDE_STYLE('',(#13111));
#13111 = SURFACE_STYLE_FILL_AREA(#13112);
#13112 = FILL_AREA_STYLE('',(#13113));
#13113 = FILL_AREA_STYLE_COLOUR('',#12671);
#13114 = MECHANICAL_DESIGN_GEOMETRIC_PRESENTATION_REPRESENTATION('',(
    #13115,#13123,#13130,#13137,#13144,#13151,#13159,#13166,#13173,
    #13180,#13187,#13194,#13201,#13208,#13215,#13222,#13229),#4715);
#13115 = STYLED_ITEM('color',(#13116),#4330);
#13116 = PRESENTATION_STYLE_ASSIGNMENT((#13117));
#13117 = SURFACE_STYLE_USAGE(.BOTH.,#13118);
#13118 = SURFACE_SIDE_STYLE('',(#13119));
#13119 = SURFACE_STYLE_FILL_AREA(#13120);
#13120 = FILL_AREA_STYLE('',(#13121));
#13121 = FILL_AREA_STYLE_COLOUR('',#13122);
#13122 = COLOUR_RGB('',0.883000012551,0.711000022565,0.492000011028);
#13123 = STYLED_ITEM('color',(#13124),#4363);
#13124 = PRESENTATION_STYLE_ASSIGNMENT((#13125));
#13125 = SURFACE_STYLE_USAGE(.BOTH.,#13126);
#13126 = SURFACE_SIDE_STYLE('',(#13127));
#13127 = SURFACE_STYLE_FILL_AREA(#13128);
#13128 = FILL_AREA_STYLE('',(#13129));
#13129 = FILL_AREA_STYLE_COLOUR('',#13122);
#13130 = STYLED_ITEM('color',(#13131),#4389);
#13131 = PRESENTATION_STYLE_ASSIGNMENT((#13132));
#13132 = SURFACE_STYLE_USAGE(.BOTH.,#13133);
#13133 = SURFACE_SIDE_STYLE('',(#13134));
#13134 = SURFACE_STYLE_FILL_AREA(#13135);
#13135 = FILL_AREA_STYLE('',(#13136));
#13136 = FILL_AREA_STYLE_COLOUR('',#13122);
#13137 = STYLED_ITEM('color',(#13138),#4409);
#13138 = PRESENTATION_STYLE_ASSIGNMENT((#13139));
#13139 = SURFACE_STYLE_USAGE(.BOTH.,#13140);
#13140 = SURFACE_SIDE_STYLE('',(#13141));
#13141 = SURFACE_STYLE_FILL_AREA(#13142);
#13142 = FILL_AREA_STYLE('',(#13143));
#13143 = FILL_AREA_STYLE_COLOUR('',#13122);
#13144 = STYLED_ITEM('color',(#13145),#4429);
#13145 = PRESENTATION_STYLE_ASSIGNMENT((#13146));
#13146 = SURFACE_STYLE_USAGE(.BOTH.,#13147);
#13147 = SURFACE_SIDE_STYLE('',(#13148));
#13148 = SURFACE_STYLE_FILL_AREA(#13149);
#13149 = FILL_AREA_STYLE('',(#13150));
#13150 = FILL_AREA_STYLE_COLOUR('',#13122);
#13151 = STYLED_ITEM('color',(#13152),#4454);
#13152 = PRESENTATION_STYLE_ASSIGNMENT((#13153));
#13153 = SURFACE_STYLE_USAGE(.BOTH.,#13154);
#13154 = SURFACE_SIDE_STYLE('',(#13155));
#13155 = SURFACE_STYLE_FILL_AREA(#13156);
#13156 = FILL_AREA_STYLE('',(#13157));
#13157 = FILL_AREA_STYLE_COLOUR('',#13158);
#13158 = COLOUR_RGB('',0.823999987314,0.819999987296,0.781000009244);
#13159 = STYLED_ITEM('color',(#13160),#4479);
#13160 = PRESENTATION_STYLE_ASSIGNMENT((#13161));
#13161 = SURFACE_STYLE_USAGE(.BOTH.,#13162);
#13162 = SURFACE_SIDE_STYLE('',(#13163));
#13163 = SURFACE_STYLE_FILL_AREA(#13164);
#13164 = FILL_AREA_STYLE('',(#13165));
#13165 = FILL_AREA_STYLE_COLOUR('',#13122);
#13166 = STYLED_ITEM('color',(#13167),#4499);
#13167 = PRESENTATION_STYLE_ASSIGNMENT((#13168));
#13168 = SURFACE_STYLE_USAGE(.BOTH.,#13169);
#13169 = SURFACE_SIDE_STYLE('',(#13170));
#13170 = SURFACE_STYLE_FILL_AREA(#13171);
#13171 = FILL_AREA_STYLE('',(#13172));
#13172 = FILL_AREA_STYLE_COLOUR('',#13158);
#13173 = STYLED_ITEM('color',(#13174),#4508);
#13174 = PRESENTATION_STYLE_ASSIGNMENT((#13175));
#13175 = SURFACE_STYLE_USAGE(.BOTH.,#13176);
#13176 = SURFACE_SIDE_STYLE('',(#13177));
#13177 = SURFACE_STYLE_FILL_AREA(#13178);
#13178 = FILL_AREA_STYLE('',(#13179));
#13179 = FILL_AREA_STYLE_COLOUR('',#13122);
#13180 = STYLED_ITEM('color',(#13181),#4533);
#13181 = PRESENTATION_STYLE_ASSIGNMENT((#13182));
#13182 = SURFACE_STYLE_USAGE(.BOTH.,#13183);
#13183 = SURFACE_SIDE_STYLE('',(#13184));
#13184 = SURFACE_STYLE_FILL_AREA(#13185);
#13185 = FILL_AREA_STYLE('',(#13186));
#13186 = FILL_AREA_STYLE_COLOUR('',#13122);
#13187 = STYLED_ITEM('color',(#13188),#4559);
#13188 = PRESENTATION_STYLE_ASSIGNMENT((#13189));
#13189 = SURFACE_STYLE_USAGE(.BOTH.,#13190);
#13190 = SURFACE_SIDE_STYLE('',(#13191));
#13191 = SURFACE_STYLE_FILL_AREA(#13192);
#13192 = FILL_AREA_STYLE('',(#13193));
#13193 = FILL_AREA_STYLE_COLOUR('',#13122);
#13194 = STYLED_ITEM('color',(#13195),#4579);
#13195 = PRESENTATION_STYLE_ASSIGNMENT((#13196));
#13196 = SURFACE_STYLE_USAGE(.BOTH.,#13197);
#13197 = SURFACE_SIDE_STYLE('',(#13198));
#13198 = SURFACE_STYLE_FILL_AREA(#13199);
#13199 = FILL_AREA_STYLE('',(#13200));
#13200 = FILL_AREA_STYLE_COLOUR('',#13158);
#13201 = STYLED_ITEM('color',(#13202),#4604);
#13202 = PRESENTATION_STYLE_ASSIGNMENT((#13203));
#13203 = SURFACE_STYLE_USAGE(.BOTH.,#13204);
#13204 = SURFACE_SIDE_STYLE('',(#13205));
#13205 = SURFACE_STYLE_FILL_AREA(#13206);
#13206 = FILL_AREA_STYLE('',(#13207));
#13207 = FILL_AREA_STYLE_COLOUR('',#13158);
#13208 = STYLED_ITEM('color',(#13209),#4630);
#13209 = PRESENTATION_STYLE_ASSIGNMENT((#13210));
#13210 = SURFACE_STYLE_USAGE(.BOTH.,#13211);
#13211 = SURFACE_SIDE_STYLE('',(#13212));
#13212 = SURFACE_STYLE_FILL_AREA(#13213);
#13213 = FILL_AREA_STYLE('',(#13214));
#13214 = FILL_AREA_STYLE_COLOUR('',#13158);
#13215 = STYLED_ITEM('color',(#13216),#4655);
#13216 = PRESENTATION_STYLE_ASSIGNMENT((#13217));
#13217 = SURFACE_STYLE_USAGE(.BOTH.,#13218);
#13218 = SURFACE_SIDE_STYLE('',(#13219));
#13219 = SURFACE_STYLE_FILL_AREA(#13220);
#13220 = FILL_AREA_STYLE('',(#13221));
#13221 = FILL_AREA_STYLE_COLOUR('',#13158);
#13222 = STYLED_ITEM('color',(#13223),#4681);
#13223 = PRESENTATION_STYLE_ASSIGNMENT((#13224));
#13224 = SURFACE_STYLE_USAGE(.BOTH.,#13225);
#13225 = SURFACE_SIDE_STYLE('',(#13226));
#13226 = SURFACE_STYLE_FILL_AREA(#13227);
#13227 = FILL_AREA_STYLE('',(#13228));
#13228 = FILL_AREA_STYLE_COLOUR('',#13158);
#13229 = STYLED_ITEM('color',(#13230),#4706);
#13230 = PRESENTATION_STYLE_ASSIGNMENT((#13231));
#13231 = SURFACE_STYLE_USAGE(.BOTH.,#13232);
#13232 = SURFACE_SIDE_STYLE('',(#13233));
#13233 = SURFACE_STYLE_FILL_AREA(#13234);
#13234 = FILL_AREA_STYLE('',(#13235));
#13235 = FILL_AREA_STYLE_COLOUR('',#13158);
#13236 = MECHANICAL_DESIGN_GEOMETRIC_PRESENTATION_REPRESENTATION('',(
    #13237,#13244,#13251,#13258,#13265,#13272,#13279,#13286,#13293,
    #13300,#13307,#13314,#13321,#13328,#13335,#13342,#13349,#13356,
    #13363,#13370,#13377,#13384,#13391,#13398,#13405,#13412,#13419,
    #13426,#13433,#13440,#13447,#13454,#13461,#13468,#13475,#13482,
    #13489,#13496,#13503,#13510,#13517,#13524,#13531,#13538,#13545,
    #13552,#13559,#13566,#13573,#13580,#13587,#13594,#13601,#13608,
    #13615,#13622,#13629,#13636,#13643,#13650,#13657,#13664,#13671,
    #13678,#13685,#13692,#13699,#13706,#13713,#13720,#13727,#13734,
    #13741,#13748,#13755,#13762,#13769,#13776,#13783,#13790,#13797,
    #13804,#13811,#13818,#13825,#13832,#13839,#13846,#13853,#13860,
    #13867,#13874,#13881,#13888,#13895,#13902,#13909,#13916,#13923,
    #13930,#13937,#13944,#13951,#13958,#13965,#13972,#13979,#13986,
    #13993,#14000,#14007,#14014,#14021,#14028,#14035,#14042,#14049,
    #14056,#14063,#14070,#14077,#14084,#14091,#14098,#14105,#14112,
    #14119,#14126,#14133,#14140,#14147,#14154,#14161,#14168,#14175,
    #14182,#14189,#14196,#14203,#14210,#14217,#14224,#14231,#14238,
    #14245,#14252,#14259,#14266,#14273,#14280,#14287,#14294,#14301,
    #14308,#14315,#14322,#14329,#14336,#14343,#14350,#14357,#14364,
    #14371,#14378,#14385,#14392,#14399,#14406,#14413,#14420,#14427,
    #14434),#9985);
#13237 = STYLED_ITEM('color',(#13238),#5185);
#13238 = PRESENTATION_STYLE_ASSIGNMENT((#13239));
#13239 = SURFACE_STYLE_USAGE(.BOTH.,#13240);
#13240 = SURFACE_SIDE_STYLE('',(#13241));
#13241 = SURFACE_STYLE_FILL_AREA(#13242);
#13242 = FILL_AREA_STYLE('',(#13243));
#13243 = FILL_AREA_STYLE_COLOUR('',#12558);
#13244 = STYLED_ITEM('color',(#13245),#5225);
#13245 = PRESENTATION_STYLE_ASSIGNMENT((#13246));
#13246 = SURFACE_STYLE_USAGE(.BOTH.,#13247);
#13247 = SURFACE_SIDE_STYLE('',(#13248));
#13248 = SURFACE_STYLE_FILL_AREA(#13249);
#13249 = FILL_AREA_STYLE('',(#13250));
#13250 = FILL_AREA_STYLE_COLOUR('',#12558);
#13251 = STYLED_ITEM('color',(#13252),#5256);
#13252 = PRESENTATION_STYLE_ASSIGNMENT((#13253));
#13253 = SURFACE_STYLE_USAGE(.BOTH.,#13254);
#13254 = SURFACE_SIDE_STYLE('',(#13255));
#13255 = SURFACE_STYLE_FILL_AREA(#13256);
#13256 = FILL_AREA_STYLE('',(#13257));
#13257 = FILL_AREA_STYLE_COLOUR('',#12558);
#13258 = STYLED_ITEM('color',(#13259),#5287);
#13259 = PRESENTATION_STYLE_ASSIGNMENT((#13260));
#13260 = SURFACE_STYLE_USAGE(.BOTH.,#13261);
#13261 = SURFACE_SIDE_STYLE('',(#13262));
#13262 = SURFACE_STYLE_FILL_AREA(#13263);
#13263 = FILL_AREA_STYLE('',(#13264));
#13264 = FILL_AREA_STYLE_COLOUR('',#12558);
#13265 = STYLED_ITEM('color',(#13266),#5862);
#13266 = PRESENTATION_STYLE_ASSIGNMENT((#13267));
#13267 = SURFACE_STYLE_USAGE(.BOTH.,#13268);
#13268 = SURFACE_SIDE_STYLE('',(#13269));
#13269 = SURFACE_STYLE_FILL_AREA(#13270);
#13270 = FILL_AREA_STYLE('',(#13271));
#13271 = FILL_AREA_STYLE_COLOUR('',#12558);
#13272 = STYLED_ITEM('color',(#13273),#6437);
#13273 = PRESENTATION_STYLE_ASSIGNMENT((#13274));
#13274 = SURFACE_STYLE_USAGE(.BOTH.,#13275);
#13275 = SURFACE_SIDE_STYLE('',(#13276));
#13276 = SURFACE_STYLE_FILL_AREA(#13277);
#13277 = FILL_AREA_STYLE('',(#13278));
#13278 = FILL_AREA_STYLE_COLOUR('',#12558);
#13279 = STYLED_ITEM('color',(#13280),#6454);
#13280 = PRESENTATION_STYLE_ASSIGNMENT((#13281));
#13281 = SURFACE_STYLE_USAGE(.BOTH.,#13282);
#13282 = SURFACE_SIDE_STYLE('',(#13283));
#13283 = SURFACE_STYLE_FILL_AREA(#13284);
#13284 = FILL_AREA_STYLE('',(#13285));
#13285 = FILL_AREA_STYLE_COLOUR('',#12558);
#13286 = STYLED_ITEM('color',(#13287),#6471);
#13287 = PRESENTATION_STYLE_ASSIGNMENT((#13288));
#13288 = SURFACE_STYLE_USAGE(.BOTH.,#13289);
#13289 = SURFACE_SIDE_STYLE('',(#13290));
#13290 = SURFACE_STYLE_FILL_AREA(#13291);
#13291 = FILL_AREA_STYLE('',(#13292));
#13292 = FILL_AREA_STYLE_COLOUR('',#12558);
#13293 = STYLED_ITEM('color',(#13294),#6488);
#13294 = PRESENTATION_STYLE_ASSIGNMENT((#13295));
#13295 = SURFACE_STYLE_USAGE(.BOTH.,#13296);
#13296 = SURFACE_SIDE_STYLE('',(#13297));
#13297 = SURFACE_STYLE_FILL_AREA(#13298);
#13298 = FILL_AREA_STYLE('',(#13299));
#13299 = FILL_AREA_STYLE_COLOUR('',#12558);
#13300 = STYLED_ITEM('color',(#13301),#6505);
#13301 = PRESENTATION_STYLE_ASSIGNMENT((#13302));
#13302 = SURFACE_STYLE_USAGE(.BOTH.,#13303);
#13303 = SURFACE_SIDE_STYLE('',(#13304));
#13304 = SURFACE_STYLE_FILL_AREA(#13305);
#13305 = FILL_AREA_STYLE('',(#13306));
#13306 = FILL_AREA_STYLE_COLOUR('',#12558);
#13307 = STYLED_ITEM('color',(#13308),#6522);
#13308 = PRESENTATION_STYLE_ASSIGNMENT((#13309));
#13309 = SURFACE_STYLE_USAGE(.BOTH.,#13310);
#13310 = SURFACE_SIDE_STYLE('',(#13311));
#13311 = SURFACE_STYLE_FILL_AREA(#13312);
#13312 = FILL_AREA_STYLE('',(#13313));
#13313 = FILL_AREA_STYLE_COLOUR('',#12558);
#13314 = STYLED_ITEM('color',(#13315),#6539);
#13315 = PRESENTATION_STYLE_ASSIGNMENT((#13316));
#13316 = SURFACE_STYLE_USAGE(.BOTH.,#13317);
#13317 = SURFACE_SIDE_STYLE('',(#13318));
#13318 = SURFACE_STYLE_FILL_AREA(#13319);
#13319 = FILL_AREA_STYLE('',(#13320));
#13320 = FILL_AREA_STYLE_COLOUR('',#12558);
#13321 = STYLED_ITEM('color',(#13322),#6556);
#13322 = PRESENTATION_STYLE_ASSIGNMENT((#13323));
#13323 = SURFACE_STYLE_USAGE(.BOTH.,#13324);
#13324 = SURFACE_SIDE_STYLE('',(#13325));
#13325 = SURFACE_STYLE_FILL_AREA(#13326);
#13326 = FILL_AREA_STYLE('',(#13327));
#13327 = FILL_AREA_STYLE_COLOUR('',#12558);
#13328 = STYLED_ITEM('color',(#13329),#6573);
#13329 = PRESENTATION_STYLE_ASSIGNMENT((#13330));
#13330 = SURFACE_STYLE_USAGE(.BOTH.,#13331);
#13331 = SURFACE_SIDE_STYLE('',(#13332));
#13332 = SURFACE_STYLE_FILL_AREA(#13333);
#13333 = FILL_AREA_STYLE('',(#13334));
#13334 = FILL_AREA_STYLE_COLOUR('',#12558);
#13335 = STYLED_ITEM('color',(#13336),#6590);
#13336 = PRESENTATION_STYLE_ASSIGNMENT((#13337));
#13337 = SURFACE_STYLE_USAGE(.BOTH.,#13338);
#13338 = SURFACE_SIDE_STYLE('',(#13339));
#13339 = SURFACE_STYLE_FILL_AREA(#13340);
#13340 = FILL_AREA_STYLE('',(#13341));
#13341 = FILL_AREA_STYLE_COLOUR('',#12558);
#13342 = STYLED_ITEM('color',(#13343),#6607);
#13343 = PRESENTATION_STYLE_ASSIGNMENT((#13344));
#13344 = SURFACE_STYLE_USAGE(.BOTH.,#13345);
#13345 = SURFACE_SIDE_STYLE('',(#13346));
#13346 = SURFACE_STYLE_FILL_AREA(#13347);
#13347 = FILL_AREA_STYLE('',(#13348));
#13348 = FILL_AREA_STYLE_COLOUR('',#12558);
#13349 = STYLED_ITEM('color',(#13350),#6624);
#13350 = PRESENTATION_STYLE_ASSIGNMENT((#13351));
#13351 = SURFACE_STYLE_USAGE(.BOTH.,#13352);
#13352 = SURFACE_SIDE_STYLE('',(#13353));
#13353 = SURFACE_STYLE_FILL_AREA(#13354);
#13354 = FILL_AREA_STYLE('',(#13355));
#13355 = FILL_AREA_STYLE_COLOUR('',#12558);
#13356 = STYLED_ITEM('color',(#13357),#6641);
#13357 = PRESENTATION_STYLE_ASSIGNMENT((#13358));
#13358 = SURFACE_STYLE_USAGE(.BOTH.,#13359);
#13359 = SURFACE_SIDE_STYLE('',(#13360));
#13360 = SURFACE_STYLE_FILL_AREA(#13361);
#13361 = FILL_AREA_STYLE('',(#13362));
#13362 = FILL_AREA_STYLE_COLOUR('',#12558);
#13363 = STYLED_ITEM('color',(#13364),#6658);
#13364 = PRESENTATION_STYLE_ASSIGNMENT((#13365));
#13365 = SURFACE_STYLE_USAGE(.BOTH.,#13366);
#13366 = SURFACE_SIDE_STYLE('',(#13367));
#13367 = SURFACE_STYLE_FILL_AREA(#13368);
#13368 = FILL_AREA_STYLE('',(#13369));
#13369 = FILL_AREA_STYLE_COLOUR('',#12558);
#13370 = STYLED_ITEM('color',(#13371),#6675);
#13371 = PRESENTATION_STYLE_ASSIGNMENT((#13372));
#13372 = SURFACE_STYLE_USAGE(.BOTH.,#13373);
#13373 = SURFACE_SIDE_STYLE('',(#13374));
#13374 = SURFACE_STYLE_FILL_AREA(#13375);
#13375 = FILL_AREA_STYLE('',(#13376));
#13376 = FILL_AREA_STYLE_COLOUR('',#12558);
#13377 = STYLED_ITEM('color',(#13378),#6692);
#13378 = PRESENTATION_STYLE_ASSIGNMENT((#13379));
#13379 = SURFACE_STYLE_USAGE(.BOTH.,#13380);
#13380 = SURFACE_SIDE_STYLE('',(#13381));
#13381 = SURFACE_STYLE_FILL_AREA(#13382);
#13382 = FILL_AREA_STYLE('',(#13383));
#13383 = FILL_AREA_STYLE_COLOUR('',#12558);
#13384 = STYLED_ITEM('color',(#13385),#6709);
#13385 = PRESENTATION_STYLE_ASSIGNMENT((#13386));
#13386 = SURFACE_STYLE_USAGE(.BOTH.,#13387);
#13387 = SURFACE_SIDE_STYLE('',(#13388));
#13388 = SURFACE_STYLE_FILL_AREA(#13389);
#13389 = FILL_AREA_STYLE('',(#13390));
#13390 = FILL_AREA_STYLE_COLOUR('',#12558);
#13391 = STYLED_ITEM('color',(#13392),#6726);
#13392 = PRESENTATION_STYLE_ASSIGNMENT((#13393));
#13393 = SURFACE_STYLE_USAGE(.BOTH.,#13394);
#13394 = SURFACE_SIDE_STYLE('',(#13395));
#13395 = SURFACE_STYLE_FILL_AREA(#13396);
#13396 = FILL_AREA_STYLE('',(#13397));
#13397 = FILL_AREA_STYLE_COLOUR('',#12558);
#13398 = STYLED_ITEM('color',(#13399),#6743);
#13399 = PRESENTATION_STYLE_ASSIGNMENT((#13400));
#13400 = SURFACE_STYLE_USAGE(.BOTH.,#13401);
#13401 = SURFACE_SIDE_STYLE('',(#13402));
#13402 = SURFACE_STYLE_FILL_AREA(#13403);
#13403 = FILL_AREA_STYLE('',(#13404));
#13404 = FILL_AREA_STYLE_COLOUR('',#12558);
#13405 = STYLED_ITEM('color',(#13406),#6760);
#13406 = PRESENTATION_STYLE_ASSIGNMENT((#13407));
#13407 = SURFACE_STYLE_USAGE(.BOTH.,#13408);
#13408 = SURFACE_SIDE_STYLE('',(#13409));
#13409 = SURFACE_STYLE_FILL_AREA(#13410);
#13410 = FILL_AREA_STYLE('',(#13411));
#13411 = FILL_AREA_STYLE_COLOUR('',#12558);
#13412 = STYLED_ITEM('color',(#13413),#6777);
#13413 = PRESENTATION_STYLE_ASSIGNMENT((#13414));
#13414 = SURFACE_STYLE_USAGE(.BOTH.,#13415);
#13415 = SURFACE_SIDE_STYLE('',(#13416));
#13416 = SURFACE_STYLE_FILL_AREA(#13417);
#13417 = FILL_AREA_STYLE('',(#13418));
#13418 = FILL_AREA_STYLE_COLOUR('',#12558);
#13419 = STYLED_ITEM('color',(#13420),#6794);
#13420 = PRESENTATION_STYLE_ASSIGNMENT((#13421));
#13421 = SURFACE_STYLE_USAGE(.BOTH.,#13422);
#13422 = SURFACE_SIDE_STYLE('',(#13423));
#13423 = SURFACE_STYLE_FILL_AREA(#13424);
#13424 = FILL_AREA_STYLE('',(#13425));
#13425 = FILL_AREA_STYLE_COLOUR('',#12558);
#13426 = STYLED_ITEM('color',(#13427),#6811);
#13427 = PRESENTATION_STYLE_ASSIGNMENT((#13428));
#13428 = SURFACE_STYLE_USAGE(.BOTH.,#13429);
#13429 = SURFACE_SIDE_STYLE('',(#13430));
#13430 = SURFACE_STYLE_FILL_AREA(#13431);
#13431 = FILL_AREA_STYLE('',(#13432));
#13432 = FILL_AREA_STYLE_COLOUR('',#12558);
#13433 = STYLED_ITEM('color',(#13434),#6828);
#13434 = PRESENTATION_STYLE_ASSIGNMENT((#13435));
#13435 = SURFACE_STYLE_USAGE(.BOTH.,#13436);
#13436 = SURFACE_SIDE_STYLE('',(#13437));
#13437 = SURFACE_STYLE_FILL_AREA(#13438);
#13438 = FILL_AREA_STYLE('',(#13439));
#13439 = FILL_AREA_STYLE_COLOUR('',#12558);
#13440 = STYLED_ITEM('color',(#13441),#6845);
#13441 = PRESENTATION_STYLE_ASSIGNMENT((#13442));
#13442 = SURFACE_STYLE_USAGE(.BOTH.,#13443);
#13443 = SURFACE_SIDE_STYLE('',(#13444));
#13444 = SURFACE_STYLE_FILL_AREA(#13445);
#13445 = FILL_AREA_STYLE('',(#13446));
#13446 = FILL_AREA_STYLE_COLOUR('',#12558);
#13447 = STYLED_ITEM('color',(#13448),#6862);
#13448 = PRESENTATION_STYLE_ASSIGNMENT((#13449));
#13449 = SURFACE_STYLE_USAGE(.BOTH.,#13450);
#13450 = SURFACE_SIDE_STYLE('',(#13451));
#13451 = SURFACE_STYLE_FILL_AREA(#13452);
#13452 = FILL_AREA_STYLE('',(#13453));
#13453 = FILL_AREA_STYLE_COLOUR('',#12558);
#13454 = STYLED_ITEM('color',(#13455),#6879);
#13455 = PRESENTATION_STYLE_ASSIGNMENT((#13456));
#13456 = SURFACE_STYLE_USAGE(.BOTH.,#13457);
#13457 = SURFACE_SIDE_STYLE('',(#13458));
#13458 = SURFACE_STYLE_FILL_AREA(#13459);
#13459 = FILL_AREA_STYLE('',(#13460));
#13460 = FILL_AREA_STYLE_COLOUR('',#12558);
#13461 = STYLED_ITEM('color',(#13462),#6896);
#13462 = PRESENTATION_STYLE_ASSIGNMENT((#13463));
#13463 = SURFACE_STYLE_USAGE(.BOTH.,#13464);
#13464 = SURFACE_SIDE_STYLE('',(#13465));
#13465 = SURFACE_STYLE_FILL_AREA(#13466);
#13466 = FILL_AREA_STYLE('',(#13467));
#13467 = FILL_AREA_STYLE_COLOUR('',#12558);
#13468 = STYLED_ITEM('color',(#13469),#6913);
#13469 = PRESENTATION_STYLE_ASSIGNMENT((#13470));
#13470 = SURFACE_STYLE_USAGE(.BOTH.,#13471);
#13471 = SURFACE_SIDE_STYLE('',(#13472));
#13472 = SURFACE_STYLE_FILL_AREA(#13473);
#13473 = FILL_AREA_STYLE('',(#13474));
#13474 = FILL_AREA_STYLE_COLOUR('',#12558);
#13475 = STYLED_ITEM('color',(#13476),#6930);
#13476 = PRESENTATION_STYLE_ASSIGNMENT((#13477));
#13477 = SURFACE_STYLE_USAGE(.BOTH.,#13478);
#13478 = SURFACE_SIDE_STYLE('',(#13479));
#13479 = SURFACE_STYLE_FILL_AREA(#13480);
#13480 = FILL_AREA_STYLE('',(#13481));
#13481 = FILL_AREA_STYLE_COLOUR('',#12558);
#13482 = STYLED_ITEM('color',(#13483),#6947);
#13483 = PRESENTATION_STYLE_ASSIGNMENT((#13484));
#13484 = SURFACE_STYLE_USAGE(.BOTH.,#13485);
#13485 = SURFACE_SIDE_STYLE('',(#13486));
#13486 = SURFACE_STYLE_FILL_AREA(#13487);
#13487 = FILL_AREA_STYLE('',(#13488));
#13488 = FILL_AREA_STYLE_COLOUR('',#12558);
#13489 = STYLED_ITEM('color',(#13490),#6964);
#13490 = PRESENTATION_STYLE_ASSIGNMENT((#13491));
#13491 = SURFACE_STYLE_USAGE(.BOTH.,#13492);
#13492 = SURFACE_SIDE_STYLE('',(#13493));
#13493 = SURFACE_STYLE_FILL_AREA(#13494);
#13494 = FILL_AREA_STYLE('',(#13495));
#13495 = FILL_AREA_STYLE_COLOUR('',#12558);
#13496 = STYLED_ITEM('color',(#13497),#6981);
#13497 = PRESENTATION_STYLE_ASSIGNMENT((#13498));
#13498 = SURFACE_STYLE_USAGE(.BOTH.,#13499);
#13499 = SURFACE_SIDE_STYLE('',(#13500));
#13500 = SURFACE_STYLE_FILL_AREA(#13501);
#13501 = FILL_AREA_STYLE('',(#13502));
#13502 = FILL_AREA_STYLE_COLOUR('',#12558);
#13503 = STYLED_ITEM('color',(#13504),#6998);
#13504 = PRESENTATION_STYLE_ASSIGNMENT((#13505));
#13505 = SURFACE_STYLE_USAGE(.BOTH.,#13506);
#13506 = SURFACE_SIDE_STYLE('',(#13507));
#13507 = SURFACE_STYLE_FILL_AREA(#13508);
#13508 = FILL_AREA_STYLE('',(#13509));
#13509 = FILL_AREA_STYLE_COLOUR('',#12558);
#13510 = STYLED_ITEM('color',(#13511),#7015);
#13511 = PRESENTATION_STYLE_ASSIGNMENT((#13512));
#13512 = SURFACE_STYLE_USAGE(.BOTH.,#13513);
#13513 = SURFACE_SIDE_STYLE('',(#13514));
#13514 = SURFACE_STYLE_FILL_AREA(#13515);
#13515 = FILL_AREA_STYLE('',(#13516));
#13516 = FILL_AREA_STYLE_COLOUR('',#12558);
#13517 = STYLED_ITEM('color',(#13518),#7032);
#13518 = PRESENTATION_STYLE_ASSIGNMENT((#13519));
#13519 = SURFACE_STYLE_USAGE(.BOTH.,#13520);
#13520 = SURFACE_SIDE_STYLE('',(#13521));
#13521 = SURFACE_STYLE_FILL_AREA(#13522);
#13522 = FILL_AREA_STYLE('',(#13523));
#13523 = FILL_AREA_STYLE_COLOUR('',#12558);
#13524 = STYLED_ITEM('color',(#13525),#7049);
#13525 = PRESENTATION_STYLE_ASSIGNMENT((#13526));
#13526 = SURFACE_STYLE_USAGE(.BOTH.,#13527);
#13527 = SURFACE_SIDE_STYLE('',(#13528));
#13528 = SURFACE_STYLE_FILL_AREA(#13529);
#13529 = FILL_AREA_STYLE('',(#13530));
#13530 = FILL_AREA_STYLE_COLOUR('',#12558);
#13531 = STYLED_ITEM('color',(#13532),#7066);
#13532 = PRESENTATION_STYLE_ASSIGNMENT((#13533));
#13533 = SURFACE_STYLE_USAGE(.BOTH.,#13534);
#13534 = SURFACE_SIDE_STYLE('',(#13535));
#13535 = SURFACE_STYLE_FILL_AREA(#13536);
#13536 = FILL_AREA_STYLE('',(#13537));
#13537 = FILL_AREA_STYLE_COLOUR('',#12558);
#13538 = STYLED_ITEM('color',(#13539),#7083);
#13539 = PRESENTATION_STYLE_ASSIGNMENT((#13540));
#13540 = SURFACE_STYLE_USAGE(.BOTH.,#13541);
#13541 = SURFACE_SIDE_STYLE('',(#13542));
#13542 = SURFACE_STYLE_FILL_AREA(#13543);
#13543 = FILL_AREA_STYLE('',(#13544));
#13544 = FILL_AREA_STYLE_COLOUR('',#12558);
#13545 = STYLED_ITEM('color',(#13546),#7100);
#13546 = PRESENTATION_STYLE_ASSIGNMENT((#13547));
#13547 = SURFACE_STYLE_USAGE(.BOTH.,#13548);
#13548 = SURFACE_SIDE_STYLE('',(#13549));
#13549 = SURFACE_STYLE_FILL_AREA(#13550);
#13550 = FILL_AREA_STYLE('',(#13551));
#13551 = FILL_AREA_STYLE_COLOUR('',#12558);
#13552 = STYLED_ITEM('color',(#13553),#7117);
#13553 = PRESENTATION_STYLE_ASSIGNMENT((#13554));
#13554 = SURFACE_STYLE_USAGE(.BOTH.,#13555);
#13555 = SURFACE_SIDE_STYLE('',(#13556));
#13556 = SURFACE_STYLE_FILL_AREA(#13557);
#13557 = FILL_AREA_STYLE('',(#13558));
#13558 = FILL_AREA_STYLE_COLOUR('',#12558);
#13559 = STYLED_ITEM('color',(#13560),#7129);
#13560 = PRESENTATION_STYLE_ASSIGNMENT((#13561));
#13561 = SURFACE_STYLE_USAGE(.BOTH.,#13562);
#13562 = SURFACE_SIDE_STYLE('',(#13563));
#13563 = SURFACE_STYLE_FILL_AREA(#13564);
#13564 = FILL_AREA_STYLE('',(#13565));
#13565 = FILL_AREA_STYLE_COLOUR('',#12671);
#13566 = STYLED_ITEM('color',(#13567),#7160);
#13567 = PRESENTATION_STYLE_ASSIGNMENT((#13568));
#13568 = SURFACE_STYLE_USAGE(.BOTH.,#13569);
#13569 = SURFACE_SIDE_STYLE('',(#13570));
#13570 = SURFACE_STYLE_FILL_AREA(#13571);
#13571 = FILL_AREA_STYLE('',(#13572));
#13572 = FILL_AREA_STYLE_COLOUR('',#12671);
#13573 = STYLED_ITEM('color',(#13574),#7184);
#13574 = PRESENTATION_STYLE_ASSIGNMENT((#13575));
#13575 = SURFACE_STYLE_USAGE(.BOTH.,#13576);
#13576 = SURFACE_SIDE_STYLE('',(#13577));
#13577 = SURFACE_STYLE_FILL_AREA(#13578);
#13578 = FILL_AREA_STYLE('',(#13579));
#13579 = FILL_AREA_STYLE_COLOUR('',#12671);
#13580 = STYLED_ITEM('color',(#13581),#7208);
#13581 = PRESENTATION_STYLE_ASSIGNMENT((#13582));
#13582 = SURFACE_STYLE_USAGE(.BOTH.,#13583);
#13583 = SURFACE_SIDE_STYLE('',(#13584));
#13584 = SURFACE_STYLE_FILL_AREA(#13585);
#13585 = FILL_AREA_STYLE('',(#13586));
#13586 = FILL_AREA_STYLE_COLOUR('',#12671);
#13587 = STYLED_ITEM('color',(#13588),#7225);
#13588 = PRESENTATION_STYLE_ASSIGNMENT((#13589));
#13589 = SURFACE_STYLE_USAGE(.BOTH.,#13590);
#13590 = SURFACE_SIDE_STYLE('',(#13591));
#13591 = SURFACE_STYLE_FILL_AREA(#13592);
#13592 = FILL_AREA_STYLE('',(#13593));
#13593 = FILL_AREA_STYLE_COLOUR('',#12671);
#13594 = STYLED_ITEM('color',(#13595),#7256);
#13595 = PRESENTATION_STYLE_ASSIGNMENT((#13596));
#13596 = SURFACE_STYLE_USAGE(.BOTH.,#13597);
#13597 = SURFACE_SIDE_STYLE('',(#13598));
#13598 = SURFACE_STYLE_FILL_AREA(#13599);
#13599 = FILL_AREA_STYLE('',(#13600));
#13600 = FILL_AREA_STYLE_COLOUR('',#12671);
#13601 = STYLED_ITEM('color',(#13602),#7280);
#13602 = PRESENTATION_STYLE_ASSIGNMENT((#13603));
#13603 = SURFACE_STYLE_USAGE(.BOTH.,#13604);
#13604 = SURFACE_SIDE_STYLE('',(#13605));
#13605 = SURFACE_STYLE_FILL_AREA(#13606);
#13606 = FILL_AREA_STYLE('',(#13607));
#13607 = FILL_AREA_STYLE_COLOUR('',#12671);
#13608 = STYLED_ITEM('color',(#13609),#7304);
#13609 = PRESENTATION_STYLE_ASSIGNMENT((#13610));
#13610 = SURFACE_STYLE_USAGE(.BOTH.,#13611);
#13611 = SURFACE_SIDE_STYLE('',(#13612));
#13612 = SURFACE_STYLE_FILL_AREA(#13613);
#13613 = FILL_AREA_STYLE('',(#13614));
#13614 = FILL_AREA_STYLE_COLOUR('',#12671);
#13615 = STYLED_ITEM('color',(#13616),#7321);
#13616 = PRESENTATION_STYLE_ASSIGNMENT((#13617));
#13617 = SURFACE_STYLE_USAGE(.BOTH.,#13618);
#13618 = SURFACE_SIDE_STYLE('',(#13619));
#13619 = SURFACE_STYLE_FILL_AREA(#13620);
#13620 = FILL_AREA_STYLE('',(#13621));
#13621 = FILL_AREA_STYLE_COLOUR('',#12671);
#13622 = STYLED_ITEM('color',(#13623),#7352);
#13623 = PRESENTATION_STYLE_ASSIGNMENT((#13624));
#13624 = SURFACE_STYLE_USAGE(.BOTH.,#13625);
#13625 = SURFACE_SIDE_STYLE('',(#13626));
#13626 = SURFACE_STYLE_FILL_AREA(#13627);
#13627 = FILL_AREA_STYLE('',(#13628));
#13628 = FILL_AREA_STYLE_COLOUR('',#12671);
#13629 = STYLED_ITEM('color',(#13630),#7376);
#13630 = PRESENTATION_STYLE_ASSIGNMENT((#13631));
#13631 = SURFACE_STYLE_USAGE(.BOTH.,#13632);
#13632 = SURFACE_SIDE_STYLE('',(#13633));
#13633 = SURFACE_STYLE_FILL_AREA(#13634);
#13634 = FILL_AREA_STYLE('',(#13635));
#13635 = FILL_AREA_STYLE_COLOUR('',#12671);
#13636 = STYLED_ITEM('color',(#13637),#7400);
#13637 = PRESENTATION_STYLE_ASSIGNMENT((#13638));
#13638 = SURFACE_STYLE_USAGE(.BOTH.,#13639);
#13639 = SURFACE_SIDE_STYLE('',(#13640));
#13640 = SURFACE_STYLE_FILL_AREA(#13641);
#13641 = FILL_AREA_STYLE('',(#13642));
#13642 = FILL_AREA_STYLE_COLOUR('',#12671);
#13643 = STYLED_ITEM('color',(#13644),#7417);
#13644 = PRESENTATION_STYLE_ASSIGNMENT((#13645));
#13645 = SURFACE_STYLE_USAGE(.BOTH.,#13646);
#13646 = SURFACE_SIDE_STYLE('',(#13647));
#13647 = SURFACE_STYLE_FILL_AREA(#13648);
#13648 = FILL_AREA_STYLE('',(#13649));
#13649 = FILL_AREA_STYLE_COLOUR('',#12671);
#13650 = STYLED_ITEM('color',(#13651),#7448);
#13651 = PRESENTATION_STYLE_ASSIGNMENT((#13652));
#13652 = SURFACE_STYLE_USAGE(.BOTH.,#13653);
#13653 = SURFACE_SIDE_STYLE('',(#13654));
#13654 = SURFACE_STYLE_FILL_AREA(#13655);
#13655 = FILL_AREA_STYLE('',(#13656));
#13656 = FILL_AREA_STYLE_COLOUR('',#12671);
#13657 = STYLED_ITEM('color',(#13658),#7472);
#13658 = PRESENTATION_STYLE_ASSIGNMENT((#13659));
#13659 = SURFACE_STYLE_USAGE(.BOTH.,#13660);
#13660 = SURFACE_SIDE_STYLE('',(#13661));
#13661 = SURFACE_STYLE_FILL_AREA(#13662);
#13662 = FILL_AREA_STYLE('',(#13663));
#13663 = FILL_AREA_STYLE_COLOUR('',#12671);
#13664 = STYLED_ITEM('color',(#13665),#7496);
#13665 = PRESENTATION_STYLE_ASSIGNMENT((#13666));
#13666 = SURFACE_STYLE_USAGE(.BOTH.,#13667);
#13667 = SURFACE_SIDE_STYLE('',(#13668));
#13668 = SURFACE_STYLE_FILL_AREA(#13669);
#13669 = FILL_AREA_STYLE('',(#13670));
#13670 = FILL_AREA_STYLE_COLOUR('',#12671);
#13671 = STYLED_ITEM('color',(#13672),#7513);
#13672 = PRESENTATION_STYLE_ASSIGNMENT((#13673));
#13673 = SURFACE_STYLE_USAGE(.BOTH.,#13674);
#13674 = SURFACE_SIDE_STYLE('',(#13675));
#13675 = SURFACE_STYLE_FILL_AREA(#13676);
#13676 = FILL_AREA_STYLE('',(#13677));
#13677 = FILL_AREA_STYLE_COLOUR('',#12671);
#13678 = STYLED_ITEM('color',(#13679),#7544);
#13679 = PRESENTATION_STYLE_ASSIGNMENT((#13680));
#13680 = SURFACE_STYLE_USAGE(.BOTH.,#13681);
#13681 = SURFACE_SIDE_STYLE('',(#13682));
#13682 = SURFACE_STYLE_FILL_AREA(#13683);
#13683 = FILL_AREA_STYLE('',(#13684));
#13684 = FILL_AREA_STYLE_COLOUR('',#12671);
#13685 = STYLED_ITEM('color',(#13686),#7568);
#13686 = PRESENTATION_STYLE_ASSIGNMENT((#13687));
#13687 = SURFACE_STYLE_USAGE(.BOTH.,#13688);
#13688 = SURFACE_SIDE_STYLE('',(#13689));
#13689 = SURFACE_STYLE_FILL_AREA(#13690);
#13690 = FILL_AREA_STYLE('',(#13691));
#13691 = FILL_AREA_STYLE_COLOUR('',#12671);
#13692 = STYLED_ITEM('color',(#13693),#7592);
#13693 = PRESENTATION_STYLE_ASSIGNMENT((#13694));
#13694 = SURFACE_STYLE_USAGE(.BOTH.,#13695);
#13695 = SURFACE_SIDE_STYLE('',(#13696));
#13696 = SURFACE_STYLE_FILL_AREA(#13697);
#13697 = FILL_AREA_STYLE('',(#13698));
#13698 = FILL_AREA_STYLE_COLOUR('',#12671);
#13699 = STYLED_ITEM('color',(#13700),#7609);
#13700 = PRESENTATION_STYLE_ASSIGNMENT((#13701));
#13701 = SURFACE_STYLE_USAGE(.BOTH.,#13702);
#13702 = SURFACE_SIDE_STYLE('',(#13703));
#13703 = SURFACE_STYLE_FILL_AREA(#13704);
#13704 = FILL_AREA_STYLE('',(#13705));
#13705 = FILL_AREA_STYLE_COLOUR('',#12671);
#13706 = STYLED_ITEM('color',(#13707),#7640);
#13707 = PRESENTATION_STYLE_ASSIGNMENT((#13708));
#13708 = SURFACE_STYLE_USAGE(.BOTH.,#13709);
#13709 = SURFACE_SIDE_STYLE('',(#13710));
#13710 = SURFACE_STYLE_FILL_AREA(#13711);
#13711 = FILL_AREA_STYLE('',(#13712));
#13712 = FILL_AREA_STYLE_COLOUR('',#12671);
#13713 = STYLED_ITEM('color',(#13714),#7664);
#13714 = PRESENTATION_STYLE_ASSIGNMENT((#13715));
#13715 = SURFACE_STYLE_USAGE(.BOTH.,#13716);
#13716 = SURFACE_SIDE_STYLE('',(#13717));
#13717 = SURFACE_STYLE_FILL_AREA(#13718);
#13718 = FILL_AREA_STYLE('',(#13719));
#13719 = FILL_AREA_STYLE_COLOUR('',#12671);
#13720 = STYLED_ITEM('color',(#13721),#7688);
#13721 = PRESENTATION_STYLE_ASSIGNMENT((#13722));
#13722 = SURFACE_STYLE_USAGE(.BOTH.,#13723);
#13723 = SURFACE_SIDE_STYLE('',(#13724));
#13724 = SURFACE_STYLE_FILL_AREA(#13725);
#13725 = FILL_AREA_STYLE('',(#13726));
#13726 = FILL_AREA_STYLE_COLOUR('',#12671);
#13727 = STYLED_ITEM('color',(#13728),#7705);
#13728 = PRESENTATION_STYLE_ASSIGNMENT((#13729));
#13729 = SURFACE_STYLE_USAGE(.BOTH.,#13730);
#13730 = SURFACE_SIDE_STYLE('',(#13731));
#13731 = SURFACE_STYLE_FILL_AREA(#13732);
#13732 = FILL_AREA_STYLE('',(#13733));
#13733 = FILL_AREA_STYLE_COLOUR('',#12671);
#13734 = STYLED_ITEM('color',(#13735),#7736);
#13735 = PRESENTATION_STYLE_ASSIGNMENT((#13736));
#13736 = SURFACE_STYLE_USAGE(.BOTH.,#13737);
#13737 = SURFACE_SIDE_STYLE('',(#13738));
#13738 = SURFACE_STYLE_FILL_AREA(#13739);
#13739 = FILL_AREA_STYLE('',(#13740));
#13740 = FILL_AREA_STYLE_COLOUR('',#12671);
#13741 = STYLED_ITEM('color',(#13742),#7760);
#13742 = PRESENTATION_STYLE_ASSIGNMENT((#13743));
#13743 = SURFACE_STYLE_USAGE(.BOTH.,#13744);
#13744 = SURFACE_SIDE_STYLE('',(#13745));
#13745 = SURFACE_STYLE_FILL_AREA(#13746);
#13746 = FILL_AREA_STYLE('',(#13747));
#13747 = FILL_AREA_STYLE_COLOUR('',#12671);
#13748 = STYLED_ITEM('color',(#13749),#7784);
#13749 = PRESENTATION_STYLE_ASSIGNMENT((#13750));
#13750 = SURFACE_STYLE_USAGE(.BOTH.,#13751);
#13751 = SURFACE_SIDE_STYLE('',(#13752));
#13752 = SURFACE_STYLE_FILL_AREA(#13753);
#13753 = FILL_AREA_STYLE('',(#13754));
#13754 = FILL_AREA_STYLE_COLOUR('',#12671);
#13755 = STYLED_ITEM('color',(#13756),#7801);
#13756 = PRESENTATION_STYLE_ASSIGNMENT((#13757));
#13757 = SURFACE_STYLE_USAGE(.BOTH.,#13758);
#13758 = SURFACE_SIDE_STYLE('',(#13759));
#13759 = SURFACE_STYLE_FILL_AREA(#13760);
#13760 = FILL_AREA_STYLE('',(#13761));
#13761 = FILL_AREA_STYLE_COLOUR('',#12671);
#13762 = STYLED_ITEM('color',(#13763),#7832);
#13763 = PRESENTATION_STYLE_ASSIGNMENT((#13764));
#13764 = SURFACE_STYLE_USAGE(.BOTH.,#13765);
#13765 = SURFACE_SIDE_STYLE('',(#13766));
#13766 = SURFACE_STYLE_FILL_AREA(#13767);
#13767 = FILL_AREA_STYLE('',(#13768));
#13768 = FILL_AREA_STYLE_COLOUR('',#12671);
#13769 = STYLED_ITEM('color',(#13770),#7856);
#13770 = PRESENTATION_STYLE_ASSIGNMENT((#13771));
#13771 = SURFACE_STYLE_USAGE(.BOTH.,#13772);
#13772 = SURFACE_SIDE_STYLE('',(#13773));
#13773 = SURFACE_STYLE_FILL_AREA(#13774);
#13774 = FILL_AREA_STYLE('',(#13775));
#13775 = FILL_AREA_STYLE_COLOUR('',#12671);
#13776 = STYLED_ITEM('color',(#13777),#7880);
#13777 = PRESENTATION_STYLE_ASSIGNMENT((#13778));
#13778 = SURFACE_STYLE_USAGE(.BOTH.,#13779);
#13779 = SURFACE_SIDE_STYLE('',(#13780));
#13780 = SURFACE_STYLE_FILL_AREA(#13781);
#13781 = FILL_AREA_STYLE('',(#13782));
#13782 = FILL_AREA_STYLE_COLOUR('',#12671);
#13783 = STYLED_ITEM('color',(#13784),#7897);
#13784 = PRESENTATION_STYLE_ASSIGNMENT((#13785));
#13785 = SURFACE_STYLE_USAGE(.BOTH.,#13786);
#13786 = SURFACE_SIDE_STYLE('',(#13787));
#13787 = SURFACE_STYLE_FILL_AREA(#13788);
#13788 = FILL_AREA_STYLE('',(#13789));
#13789 = FILL_AREA_STYLE_COLOUR('',#12671);
#13790 = STYLED_ITEM('color',(#13791),#7928);
#13791 = PRESENTATION_STYLE_ASSIGNMENT((#13792));
#13792 = SURFACE_STYLE_USAGE(.BOTH.,#13793);
#13793 = SURFACE_SIDE_STYLE('',(#13794));
#13794 = SURFACE_STYLE_FILL_AREA(#13795);
#13795 = FILL_AREA_STYLE('',(#13796));
#13796 = FILL_AREA_STYLE_COLOUR('',#12671);
#13797 = STYLED_ITEM('color',(#13798),#7952);
#13798 = PRESENTATION_STYLE_ASSIGNMENT((#13799));
#13799 = SURFACE_STYLE_USAGE(.BOTH.,#13800);
#13800 = SURFACE_SIDE_STYLE('',(#13801));
#13801 = SURFACE_STYLE_FILL_AREA(#13802);
#13802 = FILL_AREA_STYLE('',(#13803));
#13803 = FILL_AREA_STYLE_COLOUR('',#12671);
#13804 = STYLED_ITEM('color',(#13805),#7976);
#13805 = PRESENTATION_STYLE_ASSIGNMENT((#13806));
#13806 = SURFACE_STYLE_USAGE(.BOTH.,#13807);
#13807 = SURFACE_SIDE_STYLE('',(#13808));
#13808 = SURFACE_STYLE_FILL_AREA(#13809);
#13809 = FILL_AREA_STYLE('',(#13810));
#13810 = FILL_AREA_STYLE_COLOUR('',#12671);
#13811 = STYLED_ITEM('color',(#13812),#7993);
#13812 = PRESENTATION_STYLE_ASSIGNMENT((#13813));
#13813 = SURFACE_STYLE_USAGE(.BOTH.,#13814);
#13814 = SURFACE_SIDE_STYLE('',(#13815));
#13815 = SURFACE_STYLE_FILL_AREA(#13816);
#13816 = FILL_AREA_STYLE('',(#13817));
#13817 = FILL_AREA_STYLE_COLOUR('',#12671);
#13818 = STYLED_ITEM('color',(#13819),#8024);
#13819 = PRESENTATION_STYLE_ASSIGNMENT((#13820));
#13820 = SURFACE_STYLE_USAGE(.BOTH.,#13821);
#13821 = SURFACE_SIDE_STYLE('',(#13822));
#13822 = SURFACE_STYLE_FILL_AREA(#13823);
#13823 = FILL_AREA_STYLE('',(#13824));
#13824 = FILL_AREA_STYLE_COLOUR('',#12671);
#13825 = STYLED_ITEM('color',(#13826),#8048);
#13826 = PRESENTATION_STYLE_ASSIGNMENT((#13827));
#13827 = SURFACE_STYLE_USAGE(.BOTH.,#13828);
#13828 = SURFACE_SIDE_STYLE('',(#13829));
#13829 = SURFACE_STYLE_FILL_AREA(#13830);
#13830 = FILL_AREA_STYLE('',(#13831));
#13831 = FILL_AREA_STYLE_COLOUR('',#12671);
#13832 = STYLED_ITEM('color',(#13833),#8072);
#13833 = PRESENTATION_STYLE_ASSIGNMENT((#13834));
#13834 = SURFACE_STYLE_USAGE(.BOTH.,#13835);
#13835 = SURFACE_SIDE_STYLE('',(#13836));
#13836 = SURFACE_STYLE_FILL_AREA(#13837);
#13837 = FILL_AREA_STYLE('',(#13838));
#13838 = FILL_AREA_STYLE_COLOUR('',#12671);
#13839 = STYLED_ITEM('color',(#13840),#8089);
#13840 = PRESENTATION_STYLE_ASSIGNMENT((#13841));
#13841 = SURFACE_STYLE_USAGE(.BOTH.,#13842);
#13842 = SURFACE_SIDE_STYLE('',(#13843));
#13843 = SURFACE_STYLE_FILL_AREA(#13844);
#13844 = FILL_AREA_STYLE('',(#13845));
#13845 = FILL_AREA_STYLE_COLOUR('',#12671);
#13846 = STYLED_ITEM('color',(#13847),#8120);
#13847 = PRESENTATION_STYLE_ASSIGNMENT((#13848));
#13848 = SURFACE_STYLE_USAGE(.BOTH.,#13849);
#13849 = SURFACE_SIDE_STYLE('',(#13850));
#13850 = SURFACE_STYLE_FILL_AREA(#13851);
#13851 = FILL_AREA_STYLE('',(#13852));
#13852 = FILL_AREA_STYLE_COLOUR('',#12671);
#13853 = STYLED_ITEM('color',(#13854),#8144);
#13854 = PRESENTATION_STYLE_ASSIGNMENT((#13855));
#13855 = SURFACE_STYLE_USAGE(.BOTH.,#13856);
#13856 = SURFACE_SIDE_STYLE('',(#13857));
#13857 = SURFACE_STYLE_FILL_AREA(#13858);
#13858 = FILL_AREA_STYLE('',(#13859));
#13859 = FILL_AREA_STYLE_COLOUR('',#12671);
#13860 = STYLED_ITEM('color',(#13861),#8168);
#13861 = PRESENTATION_STYLE_ASSIGNMENT((#13862));
#13862 = SURFACE_STYLE_USAGE(.BOTH.,#13863);
#13863 = SURFACE_SIDE_STYLE('',(#13864));
#13864 = SURFACE_STYLE_FILL_AREA(#13865);
#13865 = FILL_AREA_STYLE('',(#13866));
#13866 = FILL_AREA_STYLE_COLOUR('',#12671);
#13867 = STYLED_ITEM('color',(#13868),#8185);
#13868 = PRESENTATION_STYLE_ASSIGNMENT((#13869));
#13869 = SURFACE_STYLE_USAGE(.BOTH.,#13870);
#13870 = SURFACE_SIDE_STYLE('',(#13871));
#13871 = SURFACE_STYLE_FILL_AREA(#13872);
#13872 = FILL_AREA_STYLE('',(#13873));
#13873 = FILL_AREA_STYLE_COLOUR('',#12671);
#13874 = STYLED_ITEM('color',(#13875),#8216);
#13875 = PRESENTATION_STYLE_ASSIGNMENT((#13876));
#13876 = SURFACE_STYLE_USAGE(.BOTH.,#13877);
#13877 = SURFACE_SIDE_STYLE('',(#13878));
#13878 = SURFACE_STYLE_FILL_AREA(#13879);
#13879 = FILL_AREA_STYLE('',(#13880));
#13880 = FILL_AREA_STYLE_COLOUR('',#12671);
#13881 = STYLED_ITEM('color',(#13882),#8240);
#13882 = PRESENTATION_STYLE_ASSIGNMENT((#13883));
#13883 = SURFACE_STYLE_USAGE(.BOTH.,#13884);
#13884 = SURFACE_SIDE_STYLE('',(#13885));
#13885 = SURFACE_STYLE_FILL_AREA(#13886);
#13886 = FILL_AREA_STYLE('',(#13887));
#13887 = FILL_AREA_STYLE_COLOUR('',#12671);
#13888 = STYLED_ITEM('color',(#13889),#8264);
#13889 = PRESENTATION_STYLE_ASSIGNMENT((#13890));
#13890 = SURFACE_STYLE_USAGE(.BOTH.,#13891);
#13891 = SURFACE_SIDE_STYLE('',(#13892));
#13892 = SURFACE_STYLE_FILL_AREA(#13893);
#13893 = FILL_AREA_STYLE('',(#13894));
#13894 = FILL_AREA_STYLE_COLOUR('',#12671);
#13895 = STYLED_ITEM('color',(#13896),#8281);
#13896 = PRESENTATION_STYLE_ASSIGNMENT((#13897));
#13897 = SURFACE_STYLE_USAGE(.BOTH.,#13898);
#13898 = SURFACE_SIDE_STYLE('',(#13899));
#13899 = SURFACE_STYLE_FILL_AREA(#13900);
#13900 = FILL_AREA_STYLE('',(#13901));
#13901 = FILL_AREA_STYLE_COLOUR('',#12671);
#13902 = STYLED_ITEM('color',(#13903),#8312);
#13903 = PRESENTATION_STYLE_ASSIGNMENT((#13904));
#13904 = SURFACE_STYLE_USAGE(.BOTH.,#13905);
#13905 = SURFACE_SIDE_STYLE('',(#13906));
#13906 = SURFACE_STYLE_FILL_AREA(#13907);
#13907 = FILL_AREA_STYLE('',(#13908));
#13908 = FILL_AREA_STYLE_COLOUR('',#12671);
#13909 = STYLED_ITEM('color',(#13910),#8336);
#13910 = PRESENTATION_STYLE_ASSIGNMENT((#13911));
#13911 = SURFACE_STYLE_USAGE(.BOTH.,#13912);
#13912 = SURFACE_SIDE_STYLE('',(#13913));
#13913 = SURFACE_STYLE_FILL_AREA(#13914);
#13914 = FILL_AREA_STYLE('',(#13915));
#13915 = FILL_AREA_STYLE_COLOUR('',#12671);
#13916 = STYLED_ITEM('color',(#13917),#8360);
#13917 = PRESENTATION_STYLE_ASSIGNMENT((#13918));
#13918 = SURFACE_STYLE_USAGE(.BOTH.,#13919);
#13919 = SURFACE_SIDE_STYLE('',(#13920));
#13920 = SURFACE_STYLE_FILL_AREA(#13921);
#13921 = FILL_AREA_STYLE('',(#13922));
#13922 = FILL_AREA_STYLE_COLOUR('',#12671);
#13923 = STYLED_ITEM('color',(#13924),#8377);
#13924 = PRESENTATION_STYLE_ASSIGNMENT((#13925));
#13925 = SURFACE_STYLE_USAGE(.BOTH.,#13926);
#13926 = SURFACE_SIDE_STYLE('',(#13927));
#13927 = SURFACE_STYLE_FILL_AREA(#13928);
#13928 = FILL_AREA_STYLE('',(#13929));
#13929 = FILL_AREA_STYLE_COLOUR('',#12671);
#13930 = STYLED_ITEM('color',(#13931),#8408);
#13931 = PRESENTATION_STYLE_ASSIGNMENT((#13932));
#13932 = SURFACE_STYLE_USAGE(.BOTH.,#13933);
#13933 = SURFACE_SIDE_STYLE('',(#13934));
#13934 = SURFACE_STYLE_FILL_AREA(#13935);
#13935 = FILL_AREA_STYLE('',(#13936));
#13936 = FILL_AREA_STYLE_COLOUR('',#12671);
#13937 = STYLED_ITEM('color',(#13938),#8432);
#13938 = PRESENTATION_STYLE_ASSIGNMENT((#13939));
#13939 = SURFACE_STYLE_USAGE(.BOTH.,#13940);
#13940 = SURFACE_SIDE_STYLE('',(#13941));
#13941 = SURFACE_STYLE_FILL_AREA(#13942);
#13942 = FILL_AREA_STYLE('',(#13943));
#13943 = FILL_AREA_STYLE_COLOUR('',#12671);
#13944 = STYLED_ITEM('color',(#13945),#8456);
#13945 = PRESENTATION_STYLE_ASSIGNMENT((#13946));
#13946 = SURFACE_STYLE_USAGE(.BOTH.,#13947);
#13947 = SURFACE_SIDE_STYLE('',(#13948));
#13948 = SURFACE_STYLE_FILL_AREA(#13949);
#13949 = FILL_AREA_STYLE('',(#13950));
#13950 = FILL_AREA_STYLE_COLOUR('',#12671);
#13951 = STYLED_ITEM('color',(#13952),#8473);
#13952 = PRESENTATION_STYLE_ASSIGNMENT((#13953));
#13953 = SURFACE_STYLE_USAGE(.BOTH.,#13954);
#13954 = SURFACE_SIDE_STYLE('',(#13955));
#13955 = SURFACE_STYLE_FILL_AREA(#13956);
#13956 = FILL_AREA_STYLE('',(#13957));
#13957 = FILL_AREA_STYLE_COLOUR('',#12671);
#13958 = STYLED_ITEM('color',(#13959),#8504);
#13959 = PRESENTATION_STYLE_ASSIGNMENT((#13960));
#13960 = SURFACE_STYLE_USAGE(.BOTH.,#13961);
#13961 = SURFACE_SIDE_STYLE('',(#13962));
#13962 = SURFACE_STYLE_FILL_AREA(#13963);
#13963 = FILL_AREA_STYLE('',(#13964));
#13964 = FILL_AREA_STYLE_COLOUR('',#12671);
#13965 = STYLED_ITEM('color',(#13966),#8528);
#13966 = PRESENTATION_STYLE_ASSIGNMENT((#13967));
#13967 = SURFACE_STYLE_USAGE(.BOTH.,#13968);
#13968 = SURFACE_SIDE_STYLE('',(#13969));
#13969 = SURFACE_STYLE_FILL_AREA(#13970);
#13970 = FILL_AREA_STYLE('',(#13971));
#13971 = FILL_AREA_STYLE_COLOUR('',#12671);
#13972 = STYLED_ITEM('color',(#13973),#8552);
#13973 = PRESENTATION_STYLE_ASSIGNMENT((#13974));
#13974 = SURFACE_STYLE_USAGE(.BOTH.,#13975);
#13975 = SURFACE_SIDE_STYLE('',(#13976));
#13976 = SURFACE_STYLE_FILL_AREA(#13977);
#13977 = FILL_AREA_STYLE('',(#13978));
#13978 = FILL_AREA_STYLE_COLOUR('',#12671);
#13979 = STYLED_ITEM('color',(#13980),#8569);
#13980 = PRESENTATION_STYLE_ASSIGNMENT((#13981));
#13981 = SURFACE_STYLE_USAGE(.BOTH.,#13982);
#13982 = SURFACE_SIDE_STYLE('',(#13983));
#13983 = SURFACE_STYLE_FILL_AREA(#13984);
#13984 = FILL_AREA_STYLE('',(#13985));
#13985 = FILL_AREA_STYLE_COLOUR('',#12671);
#13986 = STYLED_ITEM('color',(#13987),#8600);
#13987 = PRESENTATION_STYLE_ASSIGNMENT((#13988));
#13988 = SURFACE_STYLE_USAGE(.BOTH.,#13989);
#13989 = SURFACE_SIDE_STYLE('',(#13990));
#13990 = SURFACE_STYLE_FILL_AREA(#13991);
#13991 = FILL_AREA_STYLE('',(#13992));
#13992 = FILL_AREA_STYLE_COLOUR('',#12671);
#13993 = STYLED_ITEM('color',(#13994),#8624);
#13994 = PRESENTATION_STYLE_ASSIGNMENT((#13995));
#13995 = SURFACE_STYLE_USAGE(.BOTH.,#13996);
#13996 = SURFACE_SIDE_STYLE('',(#13997));
#13997 = SURFACE_STYLE_FILL_AREA(#13998);
#13998 = FILL_AREA_STYLE('',(#13999));
#13999 = FILL_AREA_STYLE_COLOUR('',#12671);
#14000 = STYLED_ITEM('color',(#14001),#8648);
#14001 = PRESENTATION_STYLE_ASSIGNMENT((#14002));
#14002 = SURFACE_STYLE_USAGE(.BOTH.,#14003);
#14003 = SURFACE_SIDE_STYLE('',(#14004));
#14004 = SURFACE_STYLE_FILL_AREA(#14005);
#14005 = FILL_AREA_STYLE('',(#14006));
#14006 = FILL_AREA_STYLE_COLOUR('',#12671);
#14007 = STYLED_ITEM('color',(#14008),#8665);
#14008 = PRESENTATION_STYLE_ASSIGNMENT((#14009));
#14009 = SURFACE_STYLE_USAGE(.BOTH.,#14010);
#14010 = SURFACE_SIDE_STYLE('',(#14011));
#14011 = SURFACE_STYLE_FILL_AREA(#14012);
#14012 = FILL_AREA_STYLE('',(#14013));
#14013 = FILL_AREA_STYLE_COLOUR('',#12671);
#14014 = STYLED_ITEM('color',(#14015),#8696);
#14015 = PRESENTATION_STYLE_ASSIGNMENT((#14016));
#14016 = SURFACE_STYLE_USAGE(.BOTH.,#14017);
#14017 = SURFACE_SIDE_STYLE('',(#14018));
#14018 = SURFACE_STYLE_FILL_AREA(#14019);
#14019 = FILL_AREA_STYLE('',(#14020));
#14020 = FILL_AREA_STYLE_COLOUR('',#12671);
#14021 = STYLED_ITEM('color',(#14022),#8720);
#14022 = PRESENTATION_STYLE_ASSIGNMENT((#14023));
#14023 = SURFACE_STYLE_USAGE(.BOTH.,#14024);
#14024 = SURFACE_SIDE_STYLE('',(#14025));
#14025 = SURFACE_STYLE_FILL_AREA(#14026);
#14026 = FILL_AREA_STYLE('',(#14027));
#14027 = FILL_AREA_STYLE_COLOUR('',#12671);
#14028 = STYLED_ITEM('color',(#14029),#8744);
#14029 = PRESENTATION_STYLE_ASSIGNMENT((#14030));
#14030 = SURFACE_STYLE_USAGE(.BOTH.,#14031);
#14031 = SURFACE_SIDE_STYLE('',(#14032));
#14032 = SURFACE_STYLE_FILL_AREA(#14033);
#14033 = FILL_AREA_STYLE('',(#14034));
#14034 = FILL_AREA_STYLE_COLOUR('',#12671);
#14035 = STYLED_ITEM('color',(#14036),#8761);
#14036 = PRESENTATION_STYLE_ASSIGNMENT((#14037));
#14037 = SURFACE_STYLE_USAGE(.BOTH.,#14038);
#14038 = SURFACE_SIDE_STYLE('',(#14039));
#14039 = SURFACE_STYLE_FILL_AREA(#14040);
#14040 = FILL_AREA_STYLE('',(#14041));
#14041 = FILL_AREA_STYLE_COLOUR('',#12671);
#14042 = STYLED_ITEM('color',(#14043),#8792);
#14043 = PRESENTATION_STYLE_ASSIGNMENT((#14044));
#14044 = SURFACE_STYLE_USAGE(.BOTH.,#14045);
#14045 = SURFACE_SIDE_STYLE('',(#14046));
#14046 = SURFACE_STYLE_FILL_AREA(#14047);
#14047 = FILL_AREA_STYLE('',(#14048));
#14048 = FILL_AREA_STYLE_COLOUR('',#12671);
#14049 = STYLED_ITEM('color',(#14050),#8816);
#14050 = PRESENTATION_STYLE_ASSIGNMENT((#14051));
#14051 = SURFACE_STYLE_USAGE(.BOTH.,#14052);
#14052 = SURFACE_SIDE_STYLE('',(#14053));
#14053 = SURFACE_STYLE_FILL_AREA(#14054);
#14054 = FILL_AREA_STYLE('',(#14055));
#14055 = FILL_AREA_STYLE_COLOUR('',#12671);
#14056 = STYLED_ITEM('color',(#14057),#8840);
#14057 = PRESENTATION_STYLE_ASSIGNMENT((#14058));
#14058 = SURFACE_STYLE_USAGE(.BOTH.,#14059);
#14059 = SURFACE_SIDE_STYLE('',(#14060));
#14060 = SURFACE_STYLE_FILL_AREA(#14061);
#14061 = FILL_AREA_STYLE('',(#14062));
#14062 = FILL_AREA_STYLE_COLOUR('',#12671);
#14063 = STYLED_ITEM('color',(#14064),#8857);
#14064 = PRESENTATION_STYLE_ASSIGNMENT((#14065));
#14065 = SURFACE_STYLE_USAGE(.BOTH.,#14066);
#14066 = SURFACE_SIDE_STYLE('',(#14067));
#14067 = SURFACE_STYLE_FILL_AREA(#14068);
#14068 = FILL_AREA_STYLE('',(#14069));
#14069 = FILL_AREA_STYLE_COLOUR('',#12671);
#14070 = STYLED_ITEM('color',(#14071),#8888);
#14071 = PRESENTATION_STYLE_ASSIGNMENT((#14072));
#14072 = SURFACE_STYLE_USAGE(.BOTH.,#14073);
#14073 = SURFACE_SIDE_STYLE('',(#14074));
#14074 = SURFACE_STYLE_FILL_AREA(#14075);
#14075 = FILL_AREA_STYLE('',(#14076));
#14076 = FILL_AREA_STYLE_COLOUR('',#12671);
#14077 = STYLED_ITEM('color',(#14078),#8912);
#14078 = PRESENTATION_STYLE_ASSIGNMENT((#14079));
#14079 = SURFACE_STYLE_USAGE(.BOTH.,#14080);
#14080 = SURFACE_SIDE_STYLE('',(#14081));
#14081 = SURFACE_STYLE_FILL_AREA(#14082);
#14082 = FILL_AREA_STYLE('',(#14083));
#14083 = FILL_AREA_STYLE_COLOUR('',#12671);
#14084 = STYLED_ITEM('color',(#14085),#8936);
#14085 = PRESENTATION_STYLE_ASSIGNMENT((#14086));
#14086 = SURFACE_STYLE_USAGE(.BOTH.,#14087);
#14087 = SURFACE_SIDE_STYLE('',(#14088));
#14088 = SURFACE_STYLE_FILL_AREA(#14089);
#14089 = FILL_AREA_STYLE('',(#14090));
#14090 = FILL_AREA_STYLE_COLOUR('',#12671);
#14091 = STYLED_ITEM('color',(#14092),#8953);
#14092 = PRESENTATION_STYLE_ASSIGNMENT((#14093));
#14093 = SURFACE_STYLE_USAGE(.BOTH.,#14094);
#14094 = SURFACE_SIDE_STYLE('',(#14095));
#14095 = SURFACE_STYLE_FILL_AREA(#14096);
#14096 = FILL_AREA_STYLE('',(#14097));
#14097 = FILL_AREA_STYLE_COLOUR('',#12671);
#14098 = STYLED_ITEM('color',(#14099),#8984);
#14099 = PRESENTATION_STYLE_ASSIGNMENT((#14100));
#14100 = SURFACE_STYLE_USAGE(.BOTH.,#14101);
#14101 = SURFACE_SIDE_STYLE('',(#14102));
#14102 = SURFACE_STYLE_FILL_AREA(#14103);
#14103 = FILL_AREA_STYLE('',(#14104));
#14104 = FILL_AREA_STYLE_COLOUR('',#12671);
#14105 = STYLED_ITEM('color',(#14106),#9008);
#14106 = PRESENTATION_STYLE_ASSIGNMENT((#14107));
#14107 = SURFACE_STYLE_USAGE(.BOTH.,#14108);
#14108 = SURFACE_SIDE_STYLE('',(#14109));
#14109 = SURFACE_STYLE_FILL_AREA(#14110);
#14110 = FILL_AREA_STYLE('',(#14111));
#14111 = FILL_AREA_STYLE_COLOUR('',#12671);
#14112 = STYLED_ITEM('color',(#14113),#9032);
#14113 = PRESENTATION_STYLE_ASSIGNMENT((#14114));
#14114 = SURFACE_STYLE_USAGE(.BOTH.,#14115);
#14115 = SURFACE_SIDE_STYLE('',(#14116));
#14116 = SURFACE_STYLE_FILL_AREA(#14117);
#14117 = FILL_AREA_STYLE('',(#14118));
#14118 = FILL_AREA_STYLE_COLOUR('',#12671);
#14119 = STYLED_ITEM('color',(#14120),#9049);
#14120 = PRESENTATION_STYLE_ASSIGNMENT((#14121));
#14121 = SURFACE_STYLE_USAGE(.BOTH.,#14122);
#14122 = SURFACE_SIDE_STYLE('',(#14123));
#14123 = SURFACE_STYLE_FILL_AREA(#14124);
#14124 = FILL_AREA_STYLE('',(#14125));
#14125 = FILL_AREA_STYLE_COLOUR('',#12671);
#14126 = STYLED_ITEM('color',(#14127),#9080);
#14127 = PRESENTATION_STYLE_ASSIGNMENT((#14128));
#14128 = SURFACE_STYLE_USAGE(.BOTH.,#14129);
#14129 = SURFACE_SIDE_STYLE('',(#14130));
#14130 = SURFACE_STYLE_FILL_AREA(#14131);
#14131 = FILL_AREA_STYLE('',(#14132));
#14132 = FILL_AREA_STYLE_COLOUR('',#12671);
#14133 = STYLED_ITEM('color',(#14134),#9104);
#14134 = PRESENTATION_STYLE_ASSIGNMENT((#14135));
#14135 = SURFACE_STYLE_USAGE(.BOTH.,#14136);
#14136 = SURFACE_SIDE_STYLE('',(#14137));
#14137 = SURFACE_STYLE_FILL_AREA(#14138);
#14138 = FILL_AREA_STYLE('',(#14139));
#14139 = FILL_AREA_STYLE_COLOUR('',#12671);
#14140 = STYLED_ITEM('color',(#14141),#9128);
#14141 = PRESENTATION_STYLE_ASSIGNMENT((#14142));
#14142 = SURFACE_STYLE_USAGE(.BOTH.,#14143);
#14143 = SURFACE_SIDE_STYLE('',(#14144));
#14144 = SURFACE_STYLE_FILL_AREA(#14145);
#14145 = FILL_AREA_STYLE('',(#14146));
#14146 = FILL_AREA_STYLE_COLOUR('',#12671);
#14147 = STYLED_ITEM('color',(#14148),#9145);
#14148 = PRESENTATION_STYLE_ASSIGNMENT((#14149));
#14149 = SURFACE_STYLE_USAGE(.BOTH.,#14150);
#14150 = SURFACE_SIDE_STYLE('',(#14151));
#14151 = SURFACE_STYLE_FILL_AREA(#14152);
#14152 = FILL_AREA_STYLE('',(#14153));
#14153 = FILL_AREA_STYLE_COLOUR('',#12671);
#14154 = STYLED_ITEM('color',(#14155),#9176);
#14155 = PRESENTATION_STYLE_ASSIGNMENT((#14156));
#14156 = SURFACE_STYLE_USAGE(.BOTH.,#14157);
#14157 = SURFACE_SIDE_STYLE('',(#14158));
#14158 = SURFACE_STYLE_FILL_AREA(#14159);
#14159 = FILL_AREA_STYLE('',(#14160));
#14160 = FILL_AREA_STYLE_COLOUR('',#12671);
#14161 = STYLED_ITEM('color',(#14162),#9200);
#14162 = PRESENTATION_STYLE_ASSIGNMENT((#14163));
#14163 = SURFACE_STYLE_USAGE(.BOTH.,#14164);
#14164 = SURFACE_SIDE_STYLE('',(#14165));
#14165 = SURFACE_STYLE_FILL_AREA(#14166);
#14166 = FILL_AREA_STYLE('',(#14167));
#14167 = FILL_AREA_STYLE_COLOUR('',#12671);
#14168 = STYLED_ITEM('color',(#14169),#9224);
#14169 = PRESENTATION_STYLE_ASSIGNMENT((#14170));
#14170 = SURFACE_STYLE_USAGE(.BOTH.,#14171);
#14171 = SURFACE_SIDE_STYLE('',(#14172));
#14172 = SURFACE_STYLE_FILL_AREA(#14173);
#14173 = FILL_AREA_STYLE('',(#14174));
#14174 = FILL_AREA_STYLE_COLOUR('',#12671);
#14175 = STYLED_ITEM('color',(#14176),#9241);
#14176 = PRESENTATION_STYLE_ASSIGNMENT((#14177));
#14177 = SURFACE_STYLE_USAGE(.BOTH.,#14178);
#14178 = SURFACE_SIDE_STYLE('',(#14179));
#14179 = SURFACE_STYLE_FILL_AREA(#14180);
#14180 = FILL_AREA_STYLE('',(#14181));
#14181 = FILL_AREA_STYLE_COLOUR('',#12671);
#14182 = STYLED_ITEM('color',(#14183),#9272);
#14183 = PRESENTATION_STYLE_ASSIGNMENT((#14184));
#14184 = SURFACE_STYLE_USAGE(.BOTH.,#14185);
#14185 = SURFACE_SIDE_STYLE('',(#14186));
#14186 = SURFACE_STYLE_FILL_AREA(#14187);
#14187 = FILL_AREA_STYLE('',(#14188));
#14188 = FILL_AREA_STYLE_COLOUR('',#12671);
#14189 = STYLED_ITEM('color',(#14190),#9296);
#14190 = PRESENTATION_STYLE_ASSIGNMENT((#14191));
#14191 = SURFACE_STYLE_USAGE(.BOTH.,#14192);
#14192 = SURFACE_SIDE_STYLE('',(#14193));
#14193 = SURFACE_STYLE_FILL_AREA(#14194);
#14194 = FILL_AREA_STYLE('',(#14195));
#14195 = FILL_AREA_STYLE_COLOUR('',#12671);
#14196 = STYLED_ITEM('color',(#14197),#9320);
#14197 = PRESENTATION_STYLE_ASSIGNMENT((#14198));
#14198 = SURFACE_STYLE_USAGE(.BOTH.,#14199);
#14199 = SURFACE_SIDE_STYLE('',(#14200));
#14200 = SURFACE_STYLE_FILL_AREA(#14201);
#14201 = FILL_AREA_STYLE('',(#14202));
#14202 = FILL_AREA_STYLE_COLOUR('',#12671);
#14203 = STYLED_ITEM('color',(#14204),#9337);
#14204 = PRESENTATION_STYLE_ASSIGNMENT((#14205));
#14205 = SURFACE_STYLE_USAGE(.BOTH.,#14206);
#14206 = SURFACE_SIDE_STYLE('',(#14207));
#14207 = SURFACE_STYLE_FILL_AREA(#14208);
#14208 = FILL_AREA_STYLE('',(#14209));
#14209 = FILL_AREA_STYLE_COLOUR('',#12671);
#14210 = STYLED_ITEM('color',(#14211),#9368);
#14211 = PRESENTATION_STYLE_ASSIGNMENT((#14212));
#14212 = SURFACE_STYLE_USAGE(.BOTH.,#14213);
#14213 = SURFACE_SIDE_STYLE('',(#14214));
#14214 = SURFACE_STYLE_FILL_AREA(#14215);
#14215 = FILL_AREA_STYLE('',(#14216));
#14216 = FILL_AREA_STYLE_COLOUR('',#12671);
#14217 = STYLED_ITEM('color',(#14218),#9392);
#14218 = PRESENTATION_STYLE_ASSIGNMENT((#14219));
#14219 = SURFACE_STYLE_USAGE(.BOTH.,#14220);
#14220 = SURFACE_SIDE_STYLE('',(#14221));
#14221 = SURFACE_STYLE_FILL_AREA(#14222);
#14222 = FILL_AREA_STYLE('',(#14223));
#14223 = FILL_AREA_STYLE_COLOUR('',#12671);
#14224 = STYLED_ITEM('color',(#14225),#9416);
#14225 = PRESENTATION_STYLE_ASSIGNMENT((#14226));
#14226 = SURFACE_STYLE_USAGE(.BOTH.,#14227);
#14227 = SURFACE_SIDE_STYLE('',(#14228));
#14228 = SURFACE_STYLE_FILL_AREA(#14229);
#14229 = FILL_AREA_STYLE('',(#14230));
#14230 = FILL_AREA_STYLE_COLOUR('',#12671);
#14231 = STYLED_ITEM('color',(#14232),#9433);
#14232 = PRESENTATION_STYLE_ASSIGNMENT((#14233));
#14233 = SURFACE_STYLE_USAGE(.BOTH.,#14234);
#14234 = SURFACE_SIDE_STYLE('',(#14235));
#14235 = SURFACE_STYLE_FILL_AREA(#14236);
#14236 = FILL_AREA_STYLE('',(#14237));
#14237 = FILL_AREA_STYLE_COLOUR('',#12671);
#14238 = STYLED_ITEM('color',(#14239),#9464);
#14239 = PRESENTATION_STYLE_ASSIGNMENT((#14240));
#14240 = SURFACE_STYLE_USAGE(.BOTH.,#14241);
#14241 = SURFACE_SIDE_STYLE('',(#14242));
#14242 = SURFACE_STYLE_FILL_AREA(#14243);
#14243 = FILL_AREA_STYLE('',(#14244));
#14244 = FILL_AREA_STYLE_COLOUR('',#12671);
#14245 = STYLED_ITEM('color',(#14246),#9488);
#14246 = PRESENTATION_STYLE_ASSIGNMENT((#14247));
#14247 = SURFACE_STYLE_USAGE(.BOTH.,#14248);
#14248 = SURFACE_SIDE_STYLE('',(#14249));
#14249 = SURFACE_STYLE_FILL_AREA(#14250);
#14250 = FILL_AREA_STYLE('',(#14251));
#14251 = FILL_AREA_STYLE_COLOUR('',#12671);
#14252 = STYLED_ITEM('color',(#14253),#9512);
#14253 = PRESENTATION_STYLE_ASSIGNMENT((#14254));
#14254 = SURFACE_STYLE_USAGE(.BOTH.,#14255);
#14255 = SURFACE_SIDE_STYLE('',(#14256));
#14256 = SURFACE_STYLE_FILL_AREA(#14257);
#14257 = FILL_AREA_STYLE('',(#14258));
#14258 = FILL_AREA_STYLE_COLOUR('',#12671);
#14259 = STYLED_ITEM('color',(#14260),#9529);
#14260 = PRESENTATION_STYLE_ASSIGNMENT((#14261));
#14261 = SURFACE_STYLE_USAGE(.BOTH.,#14262);
#14262 = SURFACE_SIDE_STYLE('',(#14263));
#14263 = SURFACE_STYLE_FILL_AREA(#14264);
#14264 = FILL_AREA_STYLE('',(#14265));
#14265 = FILL_AREA_STYLE_COLOUR('',#12671);
#14266 = STYLED_ITEM('color',(#14267),#9560);
#14267 = PRESENTATION_STYLE_ASSIGNMENT((#14268));
#14268 = SURFACE_STYLE_USAGE(.BOTH.,#14269);
#14269 = SURFACE_SIDE_STYLE('',(#14270));
#14270 = SURFACE_STYLE_FILL_AREA(#14271);
#14271 = FILL_AREA_STYLE('',(#14272));
#14272 = FILL_AREA_STYLE_COLOUR('',#12671);
#14273 = STYLED_ITEM('color',(#14274),#9584);
#14274 = PRESENTATION_STYLE_ASSIGNMENT((#14275));
#14275 = SURFACE_STYLE_USAGE(.BOTH.,#14276);
#14276 = SURFACE_SIDE_STYLE('',(#14277));
#14277 = SURFACE_STYLE_FILL_AREA(#14278);
#14278 = FILL_AREA_STYLE('',(#14279));
#14279 = FILL_AREA_STYLE_COLOUR('',#12671);
#14280 = STYLED_ITEM('color',(#14281),#9608);
#14281 = PRESENTATION_STYLE_ASSIGNMENT((#14282));
#14282 = SURFACE_STYLE_USAGE(.BOTH.,#14283);
#14283 = SURFACE_SIDE_STYLE('',(#14284));
#14284 = SURFACE_STYLE_FILL_AREA(#14285);
#14285 = FILL_AREA_STYLE('',(#14286));
#14286 = FILL_AREA_STYLE_COLOUR('',#12671);
#14287 = STYLED_ITEM('color',(#14288),#9625);
#14288 = PRESENTATION_STYLE_ASSIGNMENT((#14289));
#14289 = SURFACE_STYLE_USAGE(.BOTH.,#14290);
#14290 = SURFACE_SIDE_STYLE('',(#14291));
#14291 = SURFACE_STYLE_FILL_AREA(#14292);
#14292 = FILL_AREA_STYLE('',(#14293));
#14293 = FILL_AREA_STYLE_COLOUR('',#12671);
#14294 = STYLED_ITEM('color',(#14295),#9656);
#14295 = PRESENTATION_STYLE_ASSIGNMENT((#14296));
#14296 = SURFACE_STYLE_USAGE(.BOTH.,#14297);
#14297 = SURFACE_SIDE_STYLE('',(#14298));
#14298 = SURFACE_STYLE_FILL_AREA(#14299);
#14299 = FILL_AREA_STYLE('',(#14300));
#14300 = FILL_AREA_STYLE_COLOUR('',#12671);
#14301 = STYLED_ITEM('color',(#14302),#9680);
#14302 = PRESENTATION_STYLE_ASSIGNMENT((#14303));
#14303 = SURFACE_STYLE_USAGE(.BOTH.,#14304);
#14304 = SURFACE_SIDE_STYLE('',(#14305));
#14305 = SURFACE_STYLE_FILL_AREA(#14306);
#14306 = FILL_AREA_STYLE('',(#14307));
#14307 = FILL_AREA_STYLE_COLOUR('',#12671);
#14308 = STYLED_ITEM('color',(#14309),#9704);
#14309 = PRESENTATION_STYLE_ASSIGNMENT((#14310));
#14310 = SURFACE_STYLE_USAGE(.BOTH.,#14311);
#14311 = SURFACE_SIDE_STYLE('',(#14312));
#14312 = SURFACE_STYLE_FILL_AREA(#14313);
#14313 = FILL_AREA_STYLE('',(#14314));
#14314 = FILL_AREA_STYLE_COLOUR('',#12671);
#14315 = STYLED_ITEM('color',(#14316),#9721);
#14316 = PRESENTATION_STYLE_ASSIGNMENT((#14317));
#14317 = SURFACE_STYLE_USAGE(.BOTH.,#14318);
#14318 = SURFACE_SIDE_STYLE('',(#14319));
#14319 = SURFACE_STYLE_FILL_AREA(#14320);
#14320 = FILL_AREA_STYLE('',(#14321));
#14321 = FILL_AREA_STYLE_COLOUR('',#12671);
#14322 = STYLED_ITEM('color',(#14323),#9752);
#14323 = PRESENTATION_STYLE_ASSIGNMENT((#14324));
#14324 = SURFACE_STYLE_USAGE(.BOTH.,#14325);
#14325 = SURFACE_SIDE_STYLE('',(#14326));
#14326 = SURFACE_STYLE_FILL_AREA(#14327);
#14327 = FILL_AREA_STYLE('',(#14328));
#14328 = FILL_AREA_STYLE_COLOUR('',#12671);
#14329 = STYLED_ITEM('color',(#14330),#9776);
#14330 = PRESENTATION_STYLE_ASSIGNMENT((#14331));
#14331 = SURFACE_STYLE_USAGE(.BOTH.,#14332);
#14332 = SURFACE_SIDE_STYLE('',(#14333));
#14333 = SURFACE_STYLE_FILL_AREA(#14334);
#14334 = FILL_AREA_STYLE('',(#14335));
#14335 = FILL_AREA_STYLE_COLOUR('',#12671);
#14336 = STYLED_ITEM('color',(#14337),#9800);
#14337 = PRESENTATION_STYLE_ASSIGNMENT((#14338));
#14338 = SURFACE_STYLE_USAGE(.BOTH.,#14339);
#14339 = SURFACE_SIDE_STYLE('',(#14340));
#14340 = SURFACE_STYLE_FILL_AREA(#14341);
#14341 = FILL_AREA_STYLE('',(#14342));
#14342 = FILL_AREA_STYLE_COLOUR('',#12671);
#14343 = STYLED_ITEM('color',(#14344),#9817);
#14344 = PRESENTATION_STYLE_ASSIGNMENT((#14345));
#14345 = SURFACE_STYLE_USAGE(.BOTH.,#14346);
#14346 = SURFACE_SIDE_STYLE('',(#14347));
#14347 = SURFACE_STYLE_FILL_AREA(#14348);
#14348 = FILL_AREA_STYLE('',(#14349));
#14349 = FILL_AREA_STYLE_COLOUR('',#12671);
#14350 = STYLED_ITEM('color',(#14351),#9829);
#14351 = PRESENTATION_STYLE_ASSIGNMENT((#14352));
#14352 = SURFACE_STYLE_USAGE(.BOTH.,#14353);
#14353 = SURFACE_SIDE_STYLE('',(#14354));
#14354 = SURFACE_STYLE_FILL_AREA(#14355);
#14355 = FILL_AREA_STYLE('',(#14356));
#14356 = FILL_AREA_STYLE_COLOUR('',#12671);
#14357 = STYLED_ITEM('color',(#14358),#9841);
#14358 = PRESENTATION_STYLE_ASSIGNMENT((#14359));
#14359 = SURFACE_STYLE_USAGE(.BOTH.,#14360);
#14360 = SURFACE_SIDE_STYLE('',(#14361));
#14361 = SURFACE_STYLE_FILL_AREA(#14362);
#14362 = FILL_AREA_STYLE('',(#14363));
#14363 = FILL_AREA_STYLE_COLOUR('',#12671);
#14364 = STYLED_ITEM('color',(#14365),#9853);
#14365 = PRESENTATION_STYLE_ASSIGNMENT((#14366));
#14366 = SURFACE_STYLE_USAGE(.BOTH.,#14367);
#14367 = SURFACE_SIDE_STYLE('',(#14368));
#14368 = SURFACE_STYLE_FILL_AREA(#14369);
#14369 = FILL_AREA_STYLE('',(#14370));
#14370 = FILL_AREA_STYLE_COLOUR('',#12671);
#14371 = STYLED_ITEM('color',(#14372),#9865);
#14372 = PRESENTATION_STYLE_ASSIGNMENT((#14373));
#14373 = SURFACE_STYLE_USAGE(.BOTH.,#14374);
#14374 = SURFACE_SIDE_STYLE('',(#14375));
#14375 = SURFACE_STYLE_FILL_AREA(#14376);
#14376 = FILL_AREA_STYLE('',(#14377));
#14377 = FILL_AREA_STYLE_COLOUR('',#12671);
#14378 = STYLED_ITEM('color',(#14379),#9877);
#14379 = PRESENTATION_STYLE_ASSIGNMENT((#14380));
#14380 = SURFACE_STYLE_USAGE(.BOTH.,#14381);
#14381 = SURFACE_SIDE_STYLE('',(#14382));
#14382 = SURFACE_STYLE_FILL_AREA(#14383);
#14383 = FILL_AREA_STYLE('',(#14384));
#14384 = FILL_AREA_STYLE_COLOUR('',#12671);
#14385 = STYLED_ITEM('color',(#14386),#9889);
#14386 = PRESENTATION_STYLE_ASSIGNMENT((#14387));
#14387 = SURFACE_STYLE_USAGE(.BOTH.,#14388);
#14388 = SURFACE_SIDE_STYLE('',(#14389));
#14389 = SURFACE_STYLE_FILL_AREA(#14390);
#14390 = FILL_AREA_STYLE('',(#14391));
#14391 = FILL_AREA_STYLE_COLOUR('',#12671);
#14392 = STYLED_ITEM('color',(#14393),#9901);
#14393 = PRESENTATION_STYLE_ASSIGNMENT((#14394));
#14394 = SURFACE_STYLE_USAGE(.BOTH.,#14395);
#14395 = SURFACE_SIDE_STYLE('',(#14396));
#14396 = SURFACE_STYLE_FILL_AREA(#14397);
#14397 = FILL_AREA_STYLE('',(#14398));
#14398 = FILL_AREA_STYLE_COLOUR('',#12671);
#14399 = STYLED_ITEM('color',(#14400),#9913);
#14400 = PRESENTATION_STYLE_ASSIGNMENT((#14401));
#14401 = SURFACE_STYLE_USAGE(.BOTH.,#14402);
#14402 = SURFACE_SIDE_STYLE('',(#14403));
#14403 = SURFACE_STYLE_FILL_AREA(#14404);
#14404 = FILL_AREA_STYLE('',(#14405));
#14405 = FILL_AREA_STYLE_COLOUR('',#12671);
#14406 = STYLED_ITEM('color',(#14407),#9925);
#14407 = PRESENTATION_STYLE_ASSIGNMENT((#14408));
#14408 = SURFACE_STYLE_USAGE(.BOTH.,#14409);
#14409 = SURFACE_SIDE_STYLE('',(#14410));
#14410 = SURFACE_STYLE_FILL_AREA(#14411);
#14411 = FILL_AREA_STYLE('',(#14412));
#14412 = FILL_AREA_STYLE_COLOUR('',#12671);
#14413 = STYLED_ITEM('color',(#14414),#9937);
#14414 = PRESENTATION_STYLE_ASSIGNMENT((#14415));
#14415 = SURFACE_STYLE_USAGE(.BOTH.,#14416);
#14416 = SURFACE_SIDE_STYLE('',(#14417));
#14417 = SURFACE_STYLE_FILL_AREA(#14418);
#14418 = FILL_AREA_STYLE('',(#14419));
#14419 = FILL_AREA_STYLE_COLOUR('',#12671);
#14420 = STYLED_ITEM('color',(#14421),#9949);
#14421 = PRESENTATION_STYLE_ASSIGNMENT((#14422));
#14422 = SURFACE_STYLE_USAGE(.BOTH.,#14423);
#14423 = SURFACE_SIDE_STYLE('',(#14424));
#14424 = SURFACE_STYLE_FILL_AREA(#14425);
#14425 = FILL_AREA_STYLE('',(#14426));
#14426 = FILL_AREA_STYLE_COLOUR('',#12671);
#14427 = STYLED_ITEM('color',(#14428),#9961);
#14428 = PRESENTATION_STYLE_ASSIGNMENT((#14429));
#14429 = SURFACE_STYLE_USAGE(.BOTH.,#14430);
#14430 = SURFACE_SIDE_STYLE('',(#14431));
#14431 = SURFACE_STYLE_FILL_AREA(#14432);
#14432 = FILL_AREA_STYLE('',(#14433));
#14433 = FILL_AREA_STYLE_COLOUR('',#12671);
#14434 = STYLED_ITEM('color',(#14435),#9973);
#14435 = PRESENTATION_STYLE_ASSIGNMENT((#14436));
#14436 = SURFACE_STYLE_USAGE(.BOTH.,#14437);
#14437 = SURFACE_SIDE_STYLE('',(#14438));
#14438 = SURFACE_STYLE_FILL_AREA(#14439);
#14439 = FILL_AREA_STYLE('',(#14440));
#14440 = FILL_AREA_STYLE_COLOUR('',#12671);
#14441 = MECHANICAL_DESIGN_GEOMETRIC_PRESENTATION_REPRESENTATION('',(
    #14442,#14449,#14456,#14463,#14470,#14477,#14484,#14491,#14498,
    #14505,#14512,#14519,#14526,#14533,#14540,#14547,#14554,#14561,
    #14568,#14575,#14582,#14589,#14596,#14603,#14610,#14617,#14624,
    #14631,#14638,#14645,#14652,#14659,#14666,#14673,#14680,#14687,
    #14694,#14701,#14708,#14715,#14722,#14729,#14736,#14743,#14750,
    #14757,#14764,#14771,#14778,#14785,#14792,#14799,#14806,#14813,
    #14820,#14827,#14834,#14841,#14848,#14855,#14862,#14869,#14876,
    #14883,#14890,#14897,#14904,#14911,#14918,#14925,#14932,#14939,
    #14946,#14953,#14960,#14967,#14974,#14981,#14988,#14995,#15002,
    #15009,#15016,#15023,#15030,#15037,#15044,#15051,#15058,#15065,
    #15072,#15079,#15086,#15093,#15100,#15107,#15114,#15121,#15128,
    #15135),#2853);
#14442 = STYLED_ITEM('color',(#14443),#75);
#14443 = PRESENTATION_STYLE_ASSIGNMENT((#14444));
#14444 = SURFACE_STYLE_USAGE(.BOTH.,#14445);
#14445 = SURFACE_SIDE_STYLE('',(#14446));
#14446 = SURFACE_STYLE_FILL_AREA(#14447);
#14447 = FILL_AREA_STYLE('',(#14448));
#14448 = FILL_AREA_STYLE_COLOUR('',#12558);
#14449 = STYLED_ITEM('color',(#14450),#115);
#14450 = PRESENTATION_STYLE_ASSIGNMENT((#14451));
#14451 = SURFACE_STYLE_USAGE(.BOTH.,#14452);
#14452 = SURFACE_SIDE_STYLE('',(#14453));
#14453 = SURFACE_STYLE_FILL_AREA(#14454);
#14454 = FILL_AREA_STYLE('',(#14455));
#14455 = FILL_AREA_STYLE_COLOUR('',#12558);
#14456 = STYLED_ITEM('color',(#14457),#146);
#14457 = PRESENTATION_STYLE_ASSIGNMENT((#14458));
#14458 = SURFACE_STYLE_USAGE(.BOTH.,#14459);
#14459 = SURFACE_SIDE_STYLE('',(#14460));
#14460 = SURFACE_STYLE_FILL_AREA(#14461);
#14461 = FILL_AREA_STYLE('',(#14462));
#14462 = FILL_AREA_STYLE_COLOUR('',#12558);
#14463 = STYLED_ITEM('color',(#14464),#177);
#14464 = PRESENTATION_STYLE_ASSIGNMENT((#14465));
#14465 = SURFACE_STYLE_USAGE(.BOTH.,#14466);
#14466 = SURFACE_SIDE_STYLE('',(#14467));
#14467 = SURFACE_STYLE_FILL_AREA(#14468);
#14468 = FILL_AREA_STYLE('',(#14469));
#14469 = FILL_AREA_STYLE_COLOUR('',#12558);
#14470 = STYLED_ITEM('color',(#14471),#506);
#14471 = PRESENTATION_STYLE_ASSIGNMENT((#14472));
#14472 = SURFACE_STYLE_USAGE(.BOTH.,#14473);
#14473 = SURFACE_SIDE_STYLE('',(#14474));
#14474 = SURFACE_STYLE_FILL_AREA(#14475);
#14475 = FILL_AREA_STYLE('',(#14476));
#14476 = FILL_AREA_STYLE_COLOUR('',#12558);
#14477 = STYLED_ITEM('color',(#14478),#835);
#14478 = PRESENTATION_STYLE_ASSIGNMENT((#14479));
#14479 = SURFACE_STYLE_USAGE(.BOTH.,#14480);
#14480 = SURFACE_SIDE_STYLE('',(#14481));
#14481 = SURFACE_STYLE_FILL_AREA(#14482);
#14482 = FILL_AREA_STYLE('',(#14483));
#14483 = FILL_AREA_STYLE_COLOUR('',#12558);
#14484 = STYLED_ITEM('color',(#14485),#852);
#14485 = PRESENTATION_STYLE_ASSIGNMENT((#14486));
#14486 = SURFACE_STYLE_USAGE(.BOTH.,#14487);
#14487 = SURFACE_SIDE_STYLE('',(#14488));
#14488 = SURFACE_STYLE_FILL_AREA(#14489);
#14489 = FILL_AREA_STYLE('',(#14490));
#14490 = FILL_AREA_STYLE_COLOUR('',#12558);
#14491 = STYLED_ITEM('color',(#14492),#869);
#14492 = PRESENTATION_STYLE_ASSIGNMENT((#14493));
#14493 = SURFACE_STYLE_USAGE(.BOTH.,#14494);
#14494 = SURFACE_SIDE_STYLE('',(#14495));
#14495 = SURFACE_STYLE_FILL_AREA(#14496);
#14496 = FILL_AREA_STYLE('',(#14497));
#14497 = FILL_AREA_STYLE_COLOUR('',#12558);
#14498 = STYLED_ITEM('color',(#14499),#886);
#14499 = PRESENTATION_STYLE_ASSIGNMENT((#14500));
#14500 = SURFACE_STYLE_USAGE(.BOTH.,#14501);
#14501 = SURFACE_SIDE_STYLE('',(#14502));
#14502 = SURFACE_STYLE_FILL_AREA(#14503);
#14503 = FILL_AREA_STYLE('',(#14504));
#14504 = FILL_AREA_STYLE_COLOUR('',#12558);
#14505 = STYLED_ITEM('color',(#14506),#903);
#14506 = PRESENTATION_STYLE_ASSIGNMENT((#14507));
#14507 = SURFACE_STYLE_USAGE(.BOTH.,#14508);
#14508 = SURFACE_SIDE_STYLE('',(#14509));
#14509 = SURFACE_STYLE_FILL_AREA(#14510);
#14510 = FILL_AREA_STYLE('',(#14511));
#14511 = FILL_AREA_STYLE_COLOUR('',#12558);
#14512 = STYLED_ITEM('color',(#14513),#920);
#14513 = PRESENTATION_STYLE_ASSIGNMENT((#14514));
#14514 = SURFACE_STYLE_USAGE(.BOTH.,#14515);
#14515 = SURFACE_SIDE_STYLE('',(#14516));
#14516 = SURFACE_STYLE_FILL_AREA(#14517);
#14517 = FILL_AREA_STYLE('',(#14518));
#14518 = FILL_AREA_STYLE_COLOUR('',#12558);
#14519 = STYLED_ITEM('color',(#14520),#937);
#14520 = PRESENTATION_STYLE_ASSIGNMENT((#14521));
#14521 = SURFACE_STYLE_USAGE(.BOTH.,#14522);
#14522 = SURFACE_SIDE_STYLE('',(#14523));
#14523 = SURFACE_STYLE_FILL_AREA(#14524);
#14524 = FILL_AREA_STYLE('',(#14525));
#14525 = FILL_AREA_STYLE_COLOUR('',#12558);
#14526 = STYLED_ITEM('color',(#14527),#954);
#14527 = PRESENTATION_STYLE_ASSIGNMENT((#14528));
#14528 = SURFACE_STYLE_USAGE(.BOTH.,#14529);
#14529 = SURFACE_SIDE_STYLE('',(#14530));
#14530 = SURFACE_STYLE_FILL_AREA(#14531);
#14531 = FILL_AREA_STYLE('',(#14532));
#14532 = FILL_AREA_STYLE_COLOUR('',#12558);
#14533 = STYLED_ITEM('color',(#14534),#971);
#14534 = PRESENTATION_STYLE_ASSIGNMENT((#14535));
#14535 = SURFACE_STYLE_USAGE(.BOTH.,#14536);
#14536 = SURFACE_SIDE_STYLE('',(#14537));
#14537 = SURFACE_STYLE_FILL_AREA(#14538);
#14538 = FILL_AREA_STYLE('',(#14539));
#14539 = FILL_AREA_STYLE_COLOUR('',#12558);
#14540 = STYLED_ITEM('color',(#14541),#988);
#14541 = PRESENTATION_STYLE_ASSIGNMENT((#14542));
#14542 = SURFACE_STYLE_USAGE(.BOTH.,#14543);
#14543 = SURFACE_SIDE_STYLE('',(#14544));
#14544 = SURFACE_STYLE_FILL_AREA(#14545);
#14545 = FILL_AREA_STYLE('',(#14546));
#14546 = FILL_AREA_STYLE_COLOUR('',#12558);
#14547 = STYLED_ITEM('color',(#14548),#1005);
#14548 = PRESENTATION_STYLE_ASSIGNMENT((#14549));
#14549 = SURFACE_STYLE_USAGE(.BOTH.,#14550);
#14550 = SURFACE_SIDE_STYLE('',(#14551));
#14551 = SURFACE_STYLE_FILL_AREA(#14552);
#14552 = FILL_AREA_STYLE('',(#14553));
#14553 = FILL_AREA_STYLE_COLOUR('',#12558);
#14554 = STYLED_ITEM('color',(#14555),#1022);
#14555 = PRESENTATION_STYLE_ASSIGNMENT((#14556));
#14556 = SURFACE_STYLE_USAGE(.BOTH.,#14557);
#14557 = SURFACE_SIDE_STYLE('',(#14558));
#14558 = SURFACE_STYLE_FILL_AREA(#14559);
#14559 = FILL_AREA_STYLE('',(#14560));
#14560 = FILL_AREA_STYLE_COLOUR('',#12558);
#14561 = STYLED_ITEM('color',(#14562),#1039);
#14562 = PRESENTATION_STYLE_ASSIGNMENT((#14563));
#14563 = SURFACE_STYLE_USAGE(.BOTH.,#14564);
#14564 = SURFACE_SIDE_STYLE('',(#14565));
#14565 = SURFACE_STYLE_FILL_AREA(#14566);
#14566 = FILL_AREA_STYLE('',(#14567));
#14567 = FILL_AREA_STYLE_COLOUR('',#12558);
#14568 = STYLED_ITEM('color',(#14569),#1056);
#14569 = PRESENTATION_STYLE_ASSIGNMENT((#14570));
#14570 = SURFACE_STYLE_USAGE(.BOTH.,#14571);
#14571 = SURFACE_SIDE_STYLE('',(#14572));
#14572 = SURFACE_STYLE_FILL_AREA(#14573);
#14573 = FILL_AREA_STYLE('',(#14574));
#14574 = FILL_AREA_STYLE_COLOUR('',#12558);
#14575 = STYLED_ITEM('color',(#14576),#1073);
#14576 = PRESENTATION_STYLE_ASSIGNMENT((#14577));
#14577 = SURFACE_STYLE_USAGE(.BOTH.,#14578);
#14578 = SURFACE_SIDE_STYLE('',(#14579));
#14579 = SURFACE_STYLE_FILL_AREA(#14580);
#14580 = FILL_AREA_STYLE('',(#14581));
#14581 = FILL_AREA_STYLE_COLOUR('',#12558);
#14582 = STYLED_ITEM('color',(#14583),#1090);
#14583 = PRESENTATION_STYLE_ASSIGNMENT((#14584));
#14584 = SURFACE_STYLE_USAGE(.BOTH.,#14585);
#14585 = SURFACE_SIDE_STYLE('',(#14586));
#14586 = SURFACE_STYLE_FILL_AREA(#14587);
#14587 = FILL_AREA_STYLE('',(#14588));
#14588 = FILL_AREA_STYLE_COLOUR('',#12558);
#14589 = STYLED_ITEM('color',(#14590),#1107);
#14590 = PRESENTATION_STYLE_ASSIGNMENT((#14591));
#14591 = SURFACE_STYLE_USAGE(.BOTH.,#14592);
#14592 = SURFACE_SIDE_STYLE('',(#14593));
#14593 = SURFACE_STYLE_FILL_AREA(#14594);
#14594 = FILL_AREA_STYLE('',(#14595));
#14595 = FILL_AREA_STYLE_COLOUR('',#12558);
#14596 = STYLED_ITEM('color',(#14597),#1124);
#14597 = PRESENTATION_STYLE_ASSIGNMENT((#14598));
#14598 = SURFACE_STYLE_USAGE(.BOTH.,#14599);
#14599 = SURFACE_SIDE_STYLE('',(#14600));
#14600 = SURFACE_STYLE_FILL_AREA(#14601);
#14601 = FILL_AREA_STYLE('',(#14602));
#14602 = FILL_AREA_STYLE_COLOUR('',#12558);
#14603 = STYLED_ITEM('color',(#14604),#1141);
#14604 = PRESENTATION_STYLE_ASSIGNMENT((#14605));
#14605 = SURFACE_STYLE_USAGE(.BOTH.,#14606);
#14606 = SURFACE_SIDE_STYLE('',(#14607));
#14607 = SURFACE_STYLE_FILL_AREA(#14608);
#14608 = FILL_AREA_STYLE('',(#14609));
#14609 = FILL_AREA_STYLE_COLOUR('',#12558);
#14610 = STYLED_ITEM('color',(#14611),#1158);
#14611 = PRESENTATION_STYLE_ASSIGNMENT((#14612));
#14612 = SURFACE_STYLE_USAGE(.BOTH.,#14613);
#14613 = SURFACE_SIDE_STYLE('',(#14614));
#14614 = SURFACE_STYLE_FILL_AREA(#14615);
#14615 = FILL_AREA_STYLE('',(#14616));
#14616 = FILL_AREA_STYLE_COLOUR('',#12558);
#14617 = STYLED_ITEM('color',(#14618),#1175);
#14618 = PRESENTATION_STYLE_ASSIGNMENT((#14619));
#14619 = SURFACE_STYLE_USAGE(.BOTH.,#14620);
#14620 = SURFACE_SIDE_STYLE('',(#14621));
#14621 = SURFACE_STYLE_FILL_AREA(#14622);
#14622 = FILL_AREA_STYLE('',(#14623));
#14623 = FILL_AREA_STYLE_COLOUR('',#12558);
#14624 = STYLED_ITEM('color',(#14625),#1192);
#14625 = PRESENTATION_STYLE_ASSIGNMENT((#14626));
#14626 = SURFACE_STYLE_USAGE(.BOTH.,#14627);
#14627 = SURFACE_SIDE_STYLE('',(#14628));
#14628 = SURFACE_STYLE_FILL_AREA(#14629);
#14629 = FILL_AREA_STYLE('',(#14630));
#14630 = FILL_AREA_STYLE_COLOUR('',#12558);
#14631 = STYLED_ITEM('color',(#14632),#1209);
#14632 = PRESENTATION_STYLE_ASSIGNMENT((#14633));
#14633 = SURFACE_STYLE_USAGE(.BOTH.,#14634);
#14634 = SURFACE_SIDE_STYLE('',(#14635));
#14635 = SURFACE_STYLE_FILL_AREA(#14636);
#14636 = FILL_AREA_STYLE('',(#14637));
#14637 = FILL_AREA_STYLE_COLOUR('',#12558);
#14638 = STYLED_ITEM('color',(#14639),#1221);
#14639 = PRESENTATION_STYLE_ASSIGNMENT((#14640));
#14640 = SURFACE_STYLE_USAGE(.BOTH.,#14641);
#14641 = SURFACE_SIDE_STYLE('',(#14642));
#14642 = SURFACE_STYLE_FILL_AREA(#14643);
#14643 = FILL_AREA_STYLE('',(#14644));
#14644 = FILL_AREA_STYLE_COLOUR('',#12671);
#14645 = STYLED_ITEM('color',(#14646),#1252);
#14646 = PRESENTATION_STYLE_ASSIGNMENT((#14647));
#14647 = SURFACE_STYLE_USAGE(.BOTH.,#14648);
#14648 = SURFACE_SIDE_STYLE('',(#14649));
#14649 = SURFACE_STYLE_FILL_AREA(#14650);
#14650 = FILL_AREA_STYLE('',(#14651));
#14651 = FILL_AREA_STYLE_COLOUR('',#12671);
#14652 = STYLED_ITEM('color',(#14653),#1276);
#14653 = PRESENTATION_STYLE_ASSIGNMENT((#14654));
#14654 = SURFACE_STYLE_USAGE(.BOTH.,#14655);
#14655 = SURFACE_SIDE_STYLE('',(#14656));
#14656 = SURFACE_STYLE_FILL_AREA(#14657);
#14657 = FILL_AREA_STYLE('',(#14658));
#14658 = FILL_AREA_STYLE_COLOUR('',#12671);
#14659 = STYLED_ITEM('color',(#14660),#1300);
#14660 = PRESENTATION_STYLE_ASSIGNMENT((#14661));
#14661 = SURFACE_STYLE_USAGE(.BOTH.,#14662);
#14662 = SURFACE_SIDE_STYLE('',(#14663));
#14663 = SURFACE_STYLE_FILL_AREA(#14664);
#14664 = FILL_AREA_STYLE('',(#14665));
#14665 = FILL_AREA_STYLE_COLOUR('',#12671);
#14666 = STYLED_ITEM('color',(#14667),#1317);
#14667 = PRESENTATION_STYLE_ASSIGNMENT((#14668));
#14668 = SURFACE_STYLE_USAGE(.BOTH.,#14669);
#14669 = SURFACE_SIDE_STYLE('',(#14670));
#14670 = SURFACE_STYLE_FILL_AREA(#14671);
#14671 = FILL_AREA_STYLE('',(#14672));
#14672 = FILL_AREA_STYLE_COLOUR('',#12671);
#14673 = STYLED_ITEM('color',(#14674),#1348);
#14674 = PRESENTATION_STYLE_ASSIGNMENT((#14675));
#14675 = SURFACE_STYLE_USAGE(.BOTH.,#14676);
#14676 = SURFACE_SIDE_STYLE('',(#14677));
#14677 = SURFACE_STYLE_FILL_AREA(#14678);
#14678 = FILL_AREA_STYLE('',(#14679));
#14679 = FILL_AREA_STYLE_COLOUR('',#12671);
#14680 = STYLED_ITEM('color',(#14681),#1372);
#14681 = PRESENTATION_STYLE_ASSIGNMENT((#14682));
#14682 = SURFACE_STYLE_USAGE(.BOTH.,#14683);
#14683 = SURFACE_SIDE_STYLE('',(#14684));
#14684 = SURFACE_STYLE_FILL_AREA(#14685);
#14685 = FILL_AREA_STYLE('',(#14686));
#14686 = FILL_AREA_STYLE_COLOUR('',#12671);
#14687 = STYLED_ITEM('color',(#14688),#1396);
#14688 = PRESENTATION_STYLE_ASSIGNMENT((#14689));
#14689 = SURFACE_STYLE_USAGE(.BOTH.,#14690);
#14690 = SURFACE_SIDE_STYLE('',(#14691));
#14691 = SURFACE_STYLE_FILL_AREA(#14692);
#14692 = FILL_AREA_STYLE('',(#14693));
#14693 = FILL_AREA_STYLE_COLOUR('',#12671);
#14694 = STYLED_ITEM('color',(#14695),#1413);
#14695 = PRESENTATION_STYLE_ASSIGNMENT((#14696));
#14696 = SURFACE_STYLE_USAGE(.BOTH.,#14697);
#14697 = SURFACE_SIDE_STYLE('',(#14698));
#14698 = SURFACE_STYLE_FILL_AREA(#14699);
#14699 = FILL_AREA_STYLE('',(#14700));
#14700 = FILL_AREA_STYLE_COLOUR('',#12671);
#14701 = STYLED_ITEM('color',(#14702),#1444);
#14702 = PRESENTATION_STYLE_ASSIGNMENT((#14703));
#14703 = SURFACE_STYLE_USAGE(.BOTH.,#14704);
#14704 = SURFACE_SIDE_STYLE('',(#14705));
#14705 = SURFACE_STYLE_FILL_AREA(#14706);
#14706 = FILL_AREA_STYLE('',(#14707));
#14707 = FILL_AREA_STYLE_COLOUR('',#12671);
#14708 = STYLED_ITEM('color',(#14709),#1468);
#14709 = PRESENTATION_STYLE_ASSIGNMENT((#14710));
#14710 = SURFACE_STYLE_USAGE(.BOTH.,#14711);
#14711 = SURFACE_SIDE_STYLE('',(#14712));
#14712 = SURFACE_STYLE_FILL_AREA(#14713);
#14713 = FILL_AREA_STYLE('',(#14714));
#14714 = FILL_AREA_STYLE_COLOUR('',#12671);
#14715 = STYLED_ITEM('color',(#14716),#1492);
#14716 = PRESENTATION_STYLE_ASSIGNMENT((#14717));
#14717 = SURFACE_STYLE_USAGE(.BOTH.,#14718);
#14718 = SURFACE_SIDE_STYLE('',(#14719));
#14719 = SURFACE_STYLE_FILL_AREA(#14720);
#14720 = FILL_AREA_STYLE('',(#14721));
#14721 = FILL_AREA_STYLE_COLOUR('',#12671);
#14722 = STYLED_ITEM('color',(#14723),#1509);
#14723 = PRESENTATION_STYLE_ASSIGNMENT((#14724));
#14724 = SURFACE_STYLE_USAGE(.BOTH.,#14725);
#14725 = SURFACE_SIDE_STYLE('',(#14726));
#14726 = SURFACE_STYLE_FILL_AREA(#14727);
#14727 = FILL_AREA_STYLE('',(#14728));
#14728 = FILL_AREA_STYLE_COLOUR('',#12671);
#14729 = STYLED_ITEM('color',(#14730),#1540);
#14730 = PRESENTATION_STYLE_ASSIGNMENT((#14731));
#14731 = SURFACE_STYLE_USAGE(.BOTH.,#14732);
#14732 = SURFACE_SIDE_STYLE('',(#14733));
#14733 = SURFACE_STYLE_FILL_AREA(#14734);
#14734 = FILL_AREA_STYLE('',(#14735));
#14735 = FILL_AREA_STYLE_COLOUR('',#12671);
#14736 = STYLED_ITEM('color',(#14737),#1564);
#14737 = PRESENTATION_STYLE_ASSIGNMENT((#14738));
#14738 = SURFACE_STYLE_USAGE(.BOTH.,#14739);
#14739 = SURFACE_SIDE_STYLE('',(#14740));
#14740 = SURFACE_STYLE_FILL_AREA(#14741);
#14741 = FILL_AREA_STYLE('',(#14742));
#14742 = FILL_AREA_STYLE_COLOUR('',#12671);
#14743 = STYLED_ITEM('color',(#14744),#1588);
#14744 = PRESENTATION_STYLE_ASSIGNMENT((#14745));
#14745 = SURFACE_STYLE_USAGE(.BOTH.,#14746);
#14746 = SURFACE_SIDE_STYLE('',(#14747));
#14747 = SURFACE_STYLE_FILL_AREA(#14748);
#14748 = FILL_AREA_STYLE('',(#14749));
#14749 = FILL_AREA_STYLE_COLOUR('',#12671);
#14750 = STYLED_ITEM('color',(#14751),#1605);
#14751 = PRESENTATION_STYLE_ASSIGNMENT((#14752));
#14752 = SURFACE_STYLE_USAGE(.BOTH.,#14753);
#14753 = SURFACE_SIDE_STYLE('',(#14754));
#14754 = SURFACE_STYLE_FILL_AREA(#14755);
#14755 = FILL_AREA_STYLE('',(#14756));
#14756 = FILL_AREA_STYLE_COLOUR('',#12671);
#14757 = STYLED_ITEM('color',(#14758),#1636);
#14758 = PRESENTATION_STYLE_ASSIGNMENT((#14759));
#14759 = SURFACE_STYLE_USAGE(.BOTH.,#14760);
#14760 = SURFACE_SIDE_STYLE('',(#14761));
#14761 = SURFACE_STYLE_FILL_AREA(#14762);
#14762 = FILL_AREA_STYLE('',(#14763));
#14763 = FILL_AREA_STYLE_COLOUR('',#12671);
#14764 = STYLED_ITEM('color',(#14765),#1660);
#14765 = PRESENTATION_STYLE_ASSIGNMENT((#14766));
#14766 = SURFACE_STYLE_USAGE(.BOTH.,#14767);
#14767 = SURFACE_SIDE_STYLE('',(#14768));
#14768 = SURFACE_STYLE_FILL_AREA(#14769);
#14769 = FILL_AREA_STYLE('',(#14770));
#14770 = FILL_AREA_STYLE_COLOUR('',#12671);
#14771 = STYLED_ITEM('color',(#14772),#1684);
#14772 = PRESENTATION_STYLE_ASSIGNMENT((#14773));
#14773 = SURFACE_STYLE_USAGE(.BOTH.,#14774);
#14774 = SURFACE_SIDE_STYLE('',(#14775));
#14775 = SURFACE_STYLE_FILL_AREA(#14776);
#14776 = FILL_AREA_STYLE('',(#14777));
#14777 = FILL_AREA_STYLE_COLOUR('',#12671);
#14778 = STYLED_ITEM('color',(#14779),#1701);
#14779 = PRESENTATION_STYLE_ASSIGNMENT((#14780));
#14780 = SURFACE_STYLE_USAGE(.BOTH.,#14781);
#14781 = SURFACE_SIDE_STYLE('',(#14782));
#14782 = SURFACE_STYLE_FILL_AREA(#14783);
#14783 = FILL_AREA_STYLE('',(#14784));
#14784 = FILL_AREA_STYLE_COLOUR('',#12671);
#14785 = STYLED_ITEM('color',(#14786),#1732);
#14786 = PRESENTATION_STYLE_ASSIGNMENT((#14787));
#14787 = SURFACE_STYLE_USAGE(.BOTH.,#14788);
#14788 = SURFACE_SIDE_STYLE('',(#14789));
#14789 = SURFACE_STYLE_FILL_AREA(#14790);
#14790 = FILL_AREA_STYLE('',(#14791));
#14791 = FILL_AREA_STYLE_COLOUR('',#12671);
#14792 = STYLED_ITEM('color',(#14793),#1756);
#14793 = PRESENTATION_STYLE_ASSIGNMENT((#14794));
#14794 = SURFACE_STYLE_USAGE(.BOTH.,#14795);
#14795 = SURFACE_SIDE_STYLE('',(#14796));
#14796 = SURFACE_STYLE_FILL_AREA(#14797);
#14797 = FILL_AREA_STYLE('',(#14798));
#14798 = FILL_AREA_STYLE_COLOUR('',#12671);
#14799 = STYLED_ITEM('color',(#14800),#1780);
#14800 = PRESENTATION_STYLE_ASSIGNMENT((#14801));
#14801 = SURFACE_STYLE_USAGE(.BOTH.,#14802);
#14802 = SURFACE_SIDE_STYLE('',(#14803));
#14803 = SURFACE_STYLE_FILL_AREA(#14804);
#14804 = FILL_AREA_STYLE('',(#14805));
#14805 = FILL_AREA_STYLE_COLOUR('',#12671);
#14806 = STYLED_ITEM('color',(#14807),#1797);
#14807 = PRESENTATION_STYLE_ASSIGNMENT((#14808));
#14808 = SURFACE_STYLE_USAGE(.BOTH.,#14809);
#14809 = SURFACE_SIDE_STYLE('',(#14810));
#14810 = SURFACE_STYLE_FILL_AREA(#14811);
#14811 = FILL_AREA_STYLE('',(#14812));
#14812 = FILL_AREA_STYLE_COLOUR('',#12671);
#14813 = STYLED_ITEM('color',(#14814),#1828);
#14814 = PRESENTATION_STYLE_ASSIGNMENT((#14815));
#14815 = SURFACE_STYLE_USAGE(.BOTH.,#14816);
#14816 = SURFACE_SIDE_STYLE('',(#14817));
#14817 = SURFACE_STYLE_FILL_AREA(#14818);
#14818 = FILL_AREA_STYLE('',(#14819));
#14819 = FILL_AREA_STYLE_COLOUR('',#12671);
#14820 = STYLED_ITEM('color',(#14821),#1852);
#14821 = PRESENTATION_STYLE_ASSIGNMENT((#14822));
#14822 = SURFACE_STYLE_USAGE(.BOTH.,#14823);
#14823 = SURFACE_SIDE_STYLE('',(#14824));
#14824 = SURFACE_STYLE_FILL_AREA(#14825);
#14825 = FILL_AREA_STYLE('',(#14826));
#14826 = FILL_AREA_STYLE_COLOUR('',#12671);
#14827 = STYLED_ITEM('color',(#14828),#1876);
#14828 = PRESENTATION_STYLE_ASSIGNMENT((#14829));
#14829 = SURFACE_STYLE_USAGE(.BOTH.,#14830);
#14830 = SURFACE_SIDE_STYLE('',(#14831));
#14831 = SURFACE_STYLE_FILL_AREA(#14832);
#14832 = FILL_AREA_STYLE('',(#14833));
#14833 = FILL_AREA_STYLE_COLOUR('',#12671);
#14834 = STYLED_ITEM('color',(#14835),#1893);
#14835 = PRESENTATION_STYLE_ASSIGNMENT((#14836));
#14836 = SURFACE_STYLE_USAGE(.BOTH.,#14837);
#14837 = SURFACE_SIDE_STYLE('',(#14838));
#14838 = SURFACE_STYLE_FILL_AREA(#14839);
#14839 = FILL_AREA_STYLE('',(#14840));
#14840 = FILL_AREA_STYLE_COLOUR('',#12671);
#14841 = STYLED_ITEM('color',(#14842),#1924);
#14842 = PRESENTATION_STYLE_ASSIGNMENT((#14843));
#14843 = SURFACE_STYLE_USAGE(.BOTH.,#14844);
#14844 = SURFACE_SIDE_STYLE('',(#14845));
#14845 = SURFACE_STYLE_FILL_AREA(#14846);
#14846 = FILL_AREA_STYLE('',(#14847));
#14847 = FILL_AREA_STYLE_COLOUR('',#12671);
#14848 = STYLED_ITEM('color',(#14849),#1948);
#14849 = PRESENTATION_STYLE_ASSIGNMENT((#14850));
#14850 = SURFACE_STYLE_USAGE(.BOTH.,#14851);
#14851 = SURFACE_SIDE_STYLE('',(#14852));
#14852 = SURFACE_STYLE_FILL_AREA(#14853);
#14853 = FILL_AREA_STYLE('',(#14854));
#14854 = FILL_AREA_STYLE_COLOUR('',#12671);
#14855 = STYLED_ITEM('color',(#14856),#1972);
#14856 = PRESENTATION_STYLE_ASSIGNMENT((#14857));
#14857 = SURFACE_STYLE_USAGE(.BOTH.,#14858);
#14858 = SURFACE_SIDE_STYLE('',(#14859));
#14859 = SURFACE_STYLE_FILL_AREA(#14860);
#14860 = FILL_AREA_STYLE('',(#14861));
#14861 = FILL_AREA_STYLE_COLOUR('',#12671);
#14862 = STYLED_ITEM('color',(#14863),#1989);
#14863 = PRESENTATION_STYLE_ASSIGNMENT((#14864));
#14864 = SURFACE_STYLE_USAGE(.BOTH.,#14865);
#14865 = SURFACE_SIDE_STYLE('',(#14866));
#14866 = SURFACE_STYLE_FILL_AREA(#14867);
#14867 = FILL_AREA_STYLE('',(#14868));
#14868 = FILL_AREA_STYLE_COLOUR('',#12671);
#14869 = STYLED_ITEM('color',(#14870),#2020);
#14870 = PRESENTATION_STYLE_ASSIGNMENT((#14871));
#14871 = SURFACE_STYLE_USAGE(.BOTH.,#14872);
#14872 = SURFACE_SIDE_STYLE('',(#14873));
#14873 = SURFACE_STYLE_FILL_AREA(#14874);
#14874 = FILL_AREA_STYLE('',(#14875));
#14875 = FILL_AREA_STYLE_COLOUR('',#12671);
#14876 = STYLED_ITEM('color',(#14877),#2044);
#14877 = PRESENTATION_STYLE_ASSIGNMENT((#14878));
#14878 = SURFACE_STYLE_USAGE(.BOTH.,#14879);
#14879 = SURFACE_SIDE_STYLE('',(#14880));
#14880 = SURFACE_STYLE_FILL_AREA(#14881);
#14881 = FILL_AREA_STYLE('',(#14882));
#14882 = FILL_AREA_STYLE_COLOUR('',#12671);
#14883 = STYLED_ITEM('color',(#14884),#2068);
#14884 = PRESENTATION_STYLE_ASSIGNMENT((#14885));
#14885 = SURFACE_STYLE_USAGE(.BOTH.,#14886);
#14886 = SURFACE_SIDE_STYLE('',(#14887));
#14887 = SURFACE_STYLE_FILL_AREA(#14888);
#14888 = FILL_AREA_STYLE('',(#14889));
#14889 = FILL_AREA_STYLE_COLOUR('',#12671);
#14890 = STYLED_ITEM('color',(#14891),#2085);
#14891 = PRESENTATION_STYLE_ASSIGNMENT((#14892));
#14892 = SURFACE_STYLE_USAGE(.BOTH.,#14893);
#14893 = SURFACE_SIDE_STYLE('',(#14894));
#14894 = SURFACE_STYLE_FILL_AREA(#14895);
#14895 = FILL_AREA_STYLE('',(#14896));
#14896 = FILL_AREA_STYLE_COLOUR('',#12671);
#14897 = STYLED_ITEM('color',(#14898),#2116);
#14898 = PRESENTATION_STYLE_ASSIGNMENT((#14899));
#14899 = SURFACE_STYLE_USAGE(.BOTH.,#14900);
#14900 = SURFACE_SIDE_STYLE('',(#14901));
#14901 = SURFACE_STYLE_FILL_AREA(#14902);
#14902 = FILL_AREA_STYLE('',(#14903));
#14903 = FILL_AREA_STYLE_COLOUR('',#12671);
#14904 = STYLED_ITEM('color',(#14905),#2140);
#14905 = PRESENTATION_STYLE_ASSIGNMENT((#14906));
#14906 = SURFACE_STYLE_USAGE(.BOTH.,#14907);
#14907 = SURFACE_SIDE_STYLE('',(#14908));
#14908 = SURFACE_STYLE_FILL_AREA(#14909);
#14909 = FILL_AREA_STYLE('',(#14910));
#14910 = FILL_AREA_STYLE_COLOUR('',#12671);
#14911 = STYLED_ITEM('color',(#14912),#2164);
#14912 = PRESENTATION_STYLE_ASSIGNMENT((#14913));
#14913 = SURFACE_STYLE_USAGE(.BOTH.,#14914);
#14914 = SURFACE_SIDE_STYLE('',(#14915));
#14915 = SURFACE_STYLE_FILL_AREA(#14916);
#14916 = FILL_AREA_STYLE('',(#14917));
#14917 = FILL_AREA_STYLE_COLOUR('',#12671);
#14918 = STYLED_ITEM('color',(#14919),#2181);
#14919 = PRESENTATION_STYLE_ASSIGNMENT((#14920));
#14920 = SURFACE_STYLE_USAGE(.BOTH.,#14921);
#14921 = SURFACE_SIDE_STYLE('',(#14922));
#14922 = SURFACE_STYLE_FILL_AREA(#14923);
#14923 = FILL_AREA_STYLE('',(#14924));
#14924 = FILL_AREA_STYLE_COLOUR('',#12671);
#14925 = STYLED_ITEM('color',(#14926),#2212);
#14926 = PRESENTATION_STYLE_ASSIGNMENT((#14927));
#14927 = SURFACE_STYLE_USAGE(.BOTH.,#14928);
#14928 = SURFACE_SIDE_STYLE('',(#14929));
#14929 = SURFACE_STYLE_FILL_AREA(#14930);
#14930 = FILL_AREA_STYLE('',(#14931));
#14931 = FILL_AREA_STYLE_COLOUR('',#12671);
#14932 = STYLED_ITEM('color',(#14933),#2236);
#14933 = PRESENTATION_STYLE_ASSIGNMENT((#14934));
#14934 = SURFACE_STYLE_USAGE(.BOTH.,#14935);
#14935 = SURFACE_SIDE_STYLE('',(#14936));
#14936 = SURFACE_STYLE_FILL_AREA(#14937);
#14937 = FILL_AREA_STYLE('',(#14938));
#14938 = FILL_AREA_STYLE_COLOUR('',#12671);
#14939 = STYLED_ITEM('color',(#14940),#2260);
#14940 = PRESENTATION_STYLE_ASSIGNMENT((#14941));
#14941 = SURFACE_STYLE_USAGE(.BOTH.,#14942);
#14942 = SURFACE_SIDE_STYLE('',(#14943));
#14943 = SURFACE_STYLE_FILL_AREA(#14944);
#14944 = FILL_AREA_STYLE('',(#14945));
#14945 = FILL_AREA_STYLE_COLOUR('',#12671);
#14946 = STYLED_ITEM('color',(#14947),#2277);
#14947 = PRESENTATION_STYLE_ASSIGNMENT((#14948));
#14948 = SURFACE_STYLE_USAGE(.BOTH.,#14949);
#14949 = SURFACE_SIDE_STYLE('',(#14950));
#14950 = SURFACE_STYLE_FILL_AREA(#14951);
#14951 = FILL_AREA_STYLE('',(#14952));
#14952 = FILL_AREA_STYLE_COLOUR('',#12671);
#14953 = STYLED_ITEM('color',(#14954),#2308);
#14954 = PRESENTATION_STYLE_ASSIGNMENT((#14955));
#14955 = SURFACE_STYLE_USAGE(.BOTH.,#14956);
#14956 = SURFACE_SIDE_STYLE('',(#14957));
#14957 = SURFACE_STYLE_FILL_AREA(#14958);
#14958 = FILL_AREA_STYLE('',(#14959));
#14959 = FILL_AREA_STYLE_COLOUR('',#12671);
#14960 = STYLED_ITEM('color',(#14961),#2332);
#14961 = PRESENTATION_STYLE_ASSIGNMENT((#14962));
#14962 = SURFACE_STYLE_USAGE(.BOTH.,#14963);
#14963 = SURFACE_SIDE_STYLE('',(#14964));
#14964 = SURFACE_STYLE_FILL_AREA(#14965);
#14965 = FILL_AREA_STYLE('',(#14966));
#14966 = FILL_AREA_STYLE_COLOUR('',#12671);
#14967 = STYLED_ITEM('color',(#14968),#2356);
#14968 = PRESENTATION_STYLE_ASSIGNMENT((#14969));
#14969 = SURFACE_STYLE_USAGE(.BOTH.,#14970);
#14970 = SURFACE_SIDE_STYLE('',(#14971));
#14971 = SURFACE_STYLE_FILL_AREA(#14972);
#14972 = FILL_AREA_STYLE('',(#14973));
#14973 = FILL_AREA_STYLE_COLOUR('',#12671);
#14974 = STYLED_ITEM('color',(#14975),#2373);
#14975 = PRESENTATION_STYLE_ASSIGNMENT((#14976));
#14976 = SURFACE_STYLE_USAGE(.BOTH.,#14977);
#14977 = SURFACE_SIDE_STYLE('',(#14978));
#14978 = SURFACE_STYLE_FILL_AREA(#14979);
#14979 = FILL_AREA_STYLE('',(#14980));
#14980 = FILL_AREA_STYLE_COLOUR('',#12671);
#14981 = STYLED_ITEM('color',(#14982),#2404);
#14982 = PRESENTATION_STYLE_ASSIGNMENT((#14983));
#14983 = SURFACE_STYLE_USAGE(.BOTH.,#14984);
#14984 = SURFACE_SIDE_STYLE('',(#14985));
#14985 = SURFACE_STYLE_FILL_AREA(#14986);
#14986 = FILL_AREA_STYLE('',(#14987));
#14987 = FILL_AREA_STYLE_COLOUR('',#12671);
#14988 = STYLED_ITEM('color',(#14989),#2428);
#14989 = PRESENTATION_STYLE_ASSIGNMENT((#14990));
#14990 = SURFACE_STYLE_USAGE(.BOTH.,#14991);
#14991 = SURFACE_SIDE_STYLE('',(#14992));
#14992 = SURFACE_STYLE_FILL_AREA(#14993);
#14993 = FILL_AREA_STYLE('',(#14994));
#14994 = FILL_AREA_STYLE_COLOUR('',#12671);
#14995 = STYLED_ITEM('color',(#14996),#2452);
#14996 = PRESENTATION_STYLE_ASSIGNMENT((#14997));
#14997 = SURFACE_STYLE_USAGE(.BOTH.,#14998);
#14998 = SURFACE_SIDE_STYLE('',(#14999));
#14999 = SURFACE_STYLE_FILL_AREA(#15000);
#15000 = FILL_AREA_STYLE('',(#15001));
#15001 = FILL_AREA_STYLE_COLOUR('',#12671);
#15002 = STYLED_ITEM('color',(#15003),#2469);
#15003 = PRESENTATION_STYLE_ASSIGNMENT((#15004));
#15004 = SURFACE_STYLE_USAGE(.BOTH.,#15005);
#15005 = SURFACE_SIDE_STYLE('',(#15006));
#15006 = SURFACE_STYLE_FILL_AREA(#15007);
#15007 = FILL_AREA_STYLE('',(#15008));
#15008 = FILL_AREA_STYLE_COLOUR('',#12671);
#15009 = STYLED_ITEM('color',(#15010),#2500);
#15010 = PRESENTATION_STYLE_ASSIGNMENT((#15011));
#15011 = SURFACE_STYLE_USAGE(.BOTH.,#15012);
#15012 = SURFACE_SIDE_STYLE('',(#15013));
#15013 = SURFACE_STYLE_FILL_AREA(#15014);
#15014 = FILL_AREA_STYLE('',(#15015));
#15015 = FILL_AREA_STYLE_COLOUR('',#12671);
#15016 = STYLED_ITEM('color',(#15017),#2524);
#15017 = PRESENTATION_STYLE_ASSIGNMENT((#15018));
#15018 = SURFACE_STYLE_USAGE(.BOTH.,#15019);
#15019 = SURFACE_SIDE_STYLE('',(#15020));
#15020 = SURFACE_STYLE_FILL_AREA(#15021);
#15021 = FILL_AREA_STYLE('',(#15022));
#15022 = FILL_AREA_STYLE_COLOUR('',#12671);
#15023 = STYLED_ITEM('color',(#15024),#2548);
#15024 = PRESENTATION_STYLE_ASSIGNMENT((#15025));
#15025 = SURFACE_STYLE_USAGE(.BOTH.,#15026);
#15026 = SURFACE_SIDE_STYLE('',(#15027));
#15027 = SURFACE_STYLE_FILL_AREA(#15028);
#15028 = FILL_AREA_STYLE('',(#15029));
#15029 = FILL_AREA_STYLE_COLOUR('',#12671);
#15030 = STYLED_ITEM('color',(#15031),#2565);
#15031 = PRESENTATION_STYLE_ASSIGNMENT((#15032));
#15032 = SURFACE_STYLE_USAGE(.BOTH.,#15033);
#15033 = SURFACE_SIDE_STYLE('',(#15034));
#15034 = SURFACE_STYLE_FILL_AREA(#15035);
#15035 = FILL_AREA_STYLE('',(#15036));
#15036 = FILL_AREA_STYLE_COLOUR('',#12671);
#15037 = STYLED_ITEM('color',(#15038),#2596);
#15038 = PRESENTATION_STYLE_ASSIGNMENT((#15039));
#15039 = SURFACE_STYLE_USAGE(.BOTH.,#15040);
#15040 = SURFACE_SIDE_STYLE('',(#15041));
#15041 = SURFACE_STYLE_FILL_AREA(#15042);
#15042 = FILL_AREA_STYLE('',(#15043));
#15043 = FILL_AREA_STYLE_COLOUR('',#12671);
#15044 = STYLED_ITEM('color',(#15045),#2620);
#15045 = PRESENTATION_STYLE_ASSIGNMENT((#15046));
#15046 = SURFACE_STYLE_USAGE(.BOTH.,#15047);
#15047 = SURFACE_SIDE_STYLE('',(#15048));
#15048 = SURFACE_STYLE_FILL_AREA(#15049);
#15049 = FILL_AREA_STYLE('',(#15050));
#15050 = FILL_AREA_STYLE_COLOUR('',#12671);
#15051 = STYLED_ITEM('color',(#15052),#2644);
#15052 = PRESENTATION_STYLE_ASSIGNMENT((#15053));
#15053 = SURFACE_STYLE_USAGE(.BOTH.,#15054);
#15054 = SURFACE_SIDE_STYLE('',(#15055));
#15055 = SURFACE_STYLE_FILL_AREA(#15056);
#15056 = FILL_AREA_STYLE('',(#15057));
#15057 = FILL_AREA_STYLE_COLOUR('',#12671);
#15058 = STYLED_ITEM('color',(#15059),#2661);
#15059 = PRESENTATION_STYLE_ASSIGNMENT((#15060));
#15060 = SURFACE_STYLE_USAGE(.BOTH.,#15061);
#15061 = SURFACE_SIDE_STYLE('',(#15062));
#15062 = SURFACE_STYLE_FILL_AREA(#15063);
#15063 = FILL_AREA_STYLE('',(#15064));
#15064 = FILL_AREA_STYLE_COLOUR('',#12671);
#15065 = STYLED_ITEM('color',(#15066),#2692);
#15066 = PRESENTATION_STYLE_ASSIGNMENT((#15067));
#15067 = SURFACE_STYLE_USAGE(.BOTH.,#15068);
#15068 = SURFACE_SIDE_STYLE('',(#15069));
#15069 = SURFACE_STYLE_FILL_AREA(#15070);
#15070 = FILL_AREA_STYLE('',(#15071));
#15071 = FILL_AREA_STYLE_COLOUR('',#12671);
#15072 = STYLED_ITEM('color',(#15073),#2716);
#15073 = PRESENTATION_STYLE_ASSIGNMENT((#15074));
#15074 = SURFACE_STYLE_USAGE(.BOTH.,#15075);
#15075 = SURFACE_SIDE_STYLE('',(#15076));
#15076 = SURFACE_STYLE_FILL_AREA(#15077);
#15077 = FILL_AREA_STYLE('',(#15078));
#15078 = FILL_AREA_STYLE_COLOUR('',#12671);
#15079 = STYLED_ITEM('color',(#15080),#2740);
#15080 = PRESENTATION_STYLE_ASSIGNMENT((#15081));
#15081 = SURFACE_STYLE_USAGE(.BOTH.,#15082);
#15082 = SURFACE_SIDE_STYLE('',(#15083));
#15083 = SURFACE_STYLE_FILL_AREA(#15084);
#15084 = FILL_AREA_STYLE('',(#15085));
#15085 = FILL_AREA_STYLE_COLOUR('',#12671);
#15086 = STYLED_ITEM('color',(#15087),#2757);
#15087 = PRESENTATION_STYLE_ASSIGNMENT((#15088));
#15088 = SURFACE_STYLE_USAGE(.BOTH.,#15089);
#15089 = SURFACE_SIDE_STYLE('',(#15090));
#15090 = SURFACE_STYLE_FILL_AREA(#15091);
#15091 = FILL_AREA_STYLE('',(#15092));
#15092 = FILL_AREA_STYLE_COLOUR('',#12671);
#15093 = STYLED_ITEM('color',(#15094),#2769);
#15094 = PRESENTATION_STYLE_ASSIGNMENT((#15095));
#15095 = SURFACE_STYLE_USAGE(.BOTH.,#15096);
#15096 = SURFACE_SIDE_STYLE('',(#15097));
#15097 = SURFACE_STYLE_FILL_AREA(#15098);
#15098 = FILL_AREA_STYLE('',(#15099));
#15099 = FILL_AREA_STYLE_COLOUR('',#12671);
#15100 = STYLED_ITEM('color',(#15101),#2781);
#15101 = PRESENTATION_STYLE_ASSIGNMENT((#15102));
#15102 = SURFACE_STYLE_USAGE(.BOTH.,#15103);
#15103 = SURFACE_SIDE_STYLE('',(#15104));
#15104 = SURFACE_STYLE_FILL_AREA(#15105);
#15105 = FILL_AREA_STYLE('',(#15106));
#15106 = FILL_AREA_STYLE_COLOUR('',#12671);
#15107 = STYLED_ITEM('color',(#15108),#2793);
#15108 = PRESENTATION_STYLE_ASSIGNMENT((#15109));
#15109 = SURFACE_STYLE_USAGE(.BOTH.,#15110);
#15110 = SURFACE_SIDE_STYLE('',(#15111));
#15111 = SURFACE_STYLE_FILL_AREA(#15112);
#15112 = FILL_AREA_STYLE('',(#15113));
#15113 = FILL_AREA_STYLE_COLOUR('',#12671);
#15114 = STYLED_ITEM('color',(#15115),#2805);
#15115 = PRESENTATION_STYLE_ASSIGNMENT((#15116));
#15116 = SURFACE_STYLE_USAGE(.BOTH.,#15117);
#15117 = SURFACE_SIDE_STYLE('',(#15118));
#15118 = SURFACE_STYLE_FILL_AREA(#15119);
#15119 = FILL_AREA_STYLE('',(#15120));
#15120 = FILL_AREA_STYLE_COLOUR('',#12671);
#15121 = STYLED_ITEM('color',(#15122),#2817);
#15122 = PRESENTATION_STYLE_ASSIGNMENT((#15123));
#15123 = SURFACE_STYLE_USAGE(.BOTH.,#15124);
#15124 = SURFACE_SIDE_STYLE('',(#15125));
#15125 = SURFACE_STYLE_FILL_AREA(#15126);
#15126 = FILL_AREA_STYLE('',(#15127));
#15127 = FILL_AREA_STYLE_COLOUR('',#12671);
#15128 = STYLED_ITEM('color',(#15129),#2829);
#15129 = PRESENTATION_STYLE_ASSIGNMENT((#15130));
#15130 = SURFACE_STYLE_USAGE(.BOTH.,#15131);
#15131 = SURFACE_SIDE_STYLE('',(#15132));
#15132 = SURFACE_STYLE_FILL_AREA(#15133);
#15133 = FILL_AREA_STYLE('',(#15134));
#15134 = FILL_AREA_STYLE_COLOUR('',#12671);
#15135 = STYLED_ITEM('color',(#15136),#2841);
#15136 = PRESENTATION_STYLE_ASSIGNMENT((#15137));
#15137 = SURFACE_STYLE_USAGE(.BOTH.,#15138);
#15138 = SURFACE_SIDE_STYLE('',(#15139));
#15139 = SURFACE_STYLE_FILL_AREA(#15140);
#15140 = FILL_AREA_STYLE('',(#15141));
#15141 = FILL_AREA_STYLE_COLOUR('',#12671);
#15142 = MECHANICAL_DESIGN_GEOMETRIC_PRESENTATION_REPRESENTATION('',(
    #15143,#15151,#15158,#15165,#15172,#15179,#15186,#15193,#15200,
    #15207,#15214,#15221,#15228,#15235,#15242,#15249),#5159);
#15143 = STYLED_ITEM('color',(#15144),#4736);
#15144 = PRESENTATION_STYLE_ASSIGNMENT((#15145));
#15145 = SURFACE_STYLE_USAGE(.BOTH.,#15146);
#15146 = SURFACE_SIDE_STYLE('',(#15147));
#15147 = SURFACE_STYLE_FILL_AREA(#15148);
#15148 = FILL_AREA_STYLE('',(#15149));
#15149 = FILL_AREA_STYLE_COLOUR('',#15150);
#15150 = COLOUR_RGB('',0.699999984889,9.999999991362E-02,
  5.000000142576E-02);
#15151 = STYLED_ITEM('color',(#15152),#4763);
#15152 = PRESENTATION_STYLE_ASSIGNMENT((#15153));
#15153 = SURFACE_STYLE_USAGE(.BOTH.,#15154);
#15154 = SURFACE_SIDE_STYLE('',(#15155));
#15155 = SURFACE_STYLE_FILL_AREA(#15156);
#15156 = FILL_AREA_STYLE('',(#15157));
#15157 = FILL_AREA_STYLE_COLOUR('',#15150);
#15158 = STYLED_ITEM('color',(#15159),#4788);
#15159 = PRESENTATION_STYLE_ASSIGNMENT((#15160));
#15160 = SURFACE_STYLE_USAGE(.BOTH.,#15161);
#15161 = SURFACE_SIDE_STYLE('',(#15162));
#15162 = SURFACE_STYLE_FILL_AREA(#15163);
#15163 = FILL_AREA_STYLE('',(#15164));
#15164 = FILL_AREA_STYLE_COLOUR('',#15150);
#15165 = STYLED_ITEM('color',(#15166),#4816);
#15166 = PRESENTATION_STYLE_ASSIGNMENT((#15167));
#15167 = SURFACE_STYLE_USAGE(.BOTH.,#15168);
#15168 = SURFACE_SIDE_STYLE('',(#15169));
#15169 = SURFACE_STYLE_FILL_AREA(#15170);
#15170 = FILL_AREA_STYLE('',(#15171));
#15171 = FILL_AREA_STYLE_COLOUR('',#15150);
#15172 = STYLED_ITEM('color',(#15173),#4848);
#15173 = PRESENTATION_STYLE_ASSIGNMENT((#15174));
#15174 = SURFACE_STYLE_USAGE(.BOTH.,#15175);
#15175 = SURFACE_SIDE_STYLE('',(#15176));
#15176 = SURFACE_STYLE_FILL_AREA(#15177);
#15177 = FILL_AREA_STYLE('',(#15178));
#15178 = FILL_AREA_STYLE_COLOUR('',#15150);
#15179 = STYLED_ITEM('color',(#15180),#4865);
#15180 = PRESENTATION_STYLE_ASSIGNMENT((#15181));
#15181 = SURFACE_STYLE_USAGE(.BOTH.,#15182);
#15182 = SURFACE_SIDE_STYLE('',(#15183));
#15183 = SURFACE_STYLE_FILL_AREA(#15184);
#15184 = FILL_AREA_STYLE('',(#15185));
#15185 = FILL_AREA_STYLE_COLOUR('',#15150);
#15186 = STYLED_ITEM('color',(#15187),#4943);
#15187 = PRESENTATION_STYLE_ASSIGNMENT((#15188));
#15188 = SURFACE_STYLE_USAGE(.BOTH.,#15189);
#15189 = SURFACE_SIDE_STYLE('',(#15190));
#15190 = SURFACE_STYLE_FILL_AREA(#15191);
#15191 = FILL_AREA_STYLE('',(#15192));
#15192 = FILL_AREA_STYLE_COLOUR('',#13158);
#15193 = STYLED_ITEM('color',(#15194),#4974);
#15194 = PRESENTATION_STYLE_ASSIGNMENT((#15195));
#15195 = SURFACE_STYLE_USAGE(.BOTH.,#15196);
#15196 = SURFACE_SIDE_STYLE('',(#15197));
#15197 = SURFACE_STYLE_FILL_AREA(#15198);
#15198 = FILL_AREA_STYLE('',(#15199));
#15199 = FILL_AREA_STYLE_COLOUR('',#13158);
#15200 = STYLED_ITEM('color',(#15201),#4998);
#15201 = PRESENTATION_STYLE_ASSIGNMENT((#15202));
#15202 = SURFACE_STYLE_USAGE(.BOTH.,#15203);
#15203 = SURFACE_SIDE_STYLE('',(#15204));
#15204 = SURFACE_STYLE_FILL_AREA(#15205);
#15205 = FILL_AREA_STYLE('',(#15206));
#15206 = FILL_AREA_STYLE_COLOUR('',#13158);
#15207 = STYLED_ITEM('color',(#15208),#5022);
#15208 = PRESENTATION_STYLE_ASSIGNMENT((#15209));
#15209 = SURFACE_STYLE_USAGE(.BOTH.,#15210);
#15210 = SURFACE_SIDE_STYLE('',(#15211));
#15211 = SURFACE_STYLE_FILL_AREA(#15212);
#15212 = FILL_AREA_STYLE('',(#15213));
#15213 = FILL_AREA_STYLE_COLOUR('',#13158);
#15214 = STYLED_ITEM('color',(#15215),#5039);
#15215 = PRESENTATION_STYLE_ASSIGNMENT((#15216));
#15216 = SURFACE_STYLE_USAGE(.BOTH.,#15217);
#15217 = SURFACE_SIDE_STYLE('',(#15218));
#15218 = SURFACE_STYLE_FILL_AREA(#15219);
#15219 = FILL_AREA_STYLE('',(#15220));
#15220 = FILL_AREA_STYLE_COLOUR('',#13158);
#15221 = STYLED_ITEM('color',(#15222),#5070);
#15222 = PRESENTATION_STYLE_ASSIGNMENT((#15223));
#15223 = SURFACE_STYLE_USAGE(.BOTH.,#15224);
#15224 = SURFACE_SIDE_STYLE('',(#15225));
#15225 = SURFACE_STYLE_FILL_AREA(#15226);
#15226 = FILL_AREA_STYLE('',(#15227));
#15227 = FILL_AREA_STYLE_COLOUR('',#13158);
#15228 = STYLED_ITEM('color',(#15229),#5094);
#15229 = PRESENTATION_STYLE_ASSIGNMENT((#15230));
#15230 = SURFACE_STYLE_USAGE(.BOTH.,#15231);
#15231 = SURFACE_SIDE_STYLE('',(#15232));
#15232 = SURFACE_STYLE_FILL_AREA(#15233);
#15233 = FILL_AREA_STYLE('',(#15234));
#15234 = FILL_AREA_STYLE_COLOUR('',#13158);
#15235 = STYLED_ITEM('color',(#15236),#5118);
#15236 = PRESENTATION_STYLE_ASSIGNMENT((#15237));
#15237 = SURFACE_STYLE_USAGE(.BOTH.,#15238);
#15238 = SURFACE_SIDE_STYLE('',(#15239));
#15239 = SURFACE_STYLE_FILL_AREA(#15240);
#15240 = FILL_AREA_STYLE('',(#15241));
#15241 = FILL_AREA_STYLE_COLOUR('',#13158);
#15242 = STYLED_ITEM('color',(#15243),#5135);
#15243 = PRESENTATION_STYLE_ASSIGNMENT((#15244));
#15244 = SURFACE_STYLE_USAGE(.BOTH.,#15245);
#15245 = SURFACE_SIDE_STYLE('',(#15246));
#15246 = SURFACE_STYLE_FILL_AREA(#15247);
#15247 = FILL_AREA_STYLE('',(#15248));
#15248 = FILL_AREA_STYLE_COLOUR('',#13158);
#15249 = STYLED_ITEM('color',(#15250),#5147);
#15250 = PRESENTATION_STYLE_ASSIGNMENT((#15251));
#15251 = SURFACE_STYLE_USAGE(.BOTH.,#15252);
#15252 = SURFACE_SIDE_STYLE('',(#15253));
#15253 = SURFACE_STYLE_FILL_AREA(#15254);
#15254 = FILL_AREA_STYLE('',(#15255));
#15255 = FILL_AREA_STYLE_COLOUR('',#13158);
#15256 = MECHANICAL_DESIGN_GEOMETRIC_PRESENTATION_REPRESENTATION('',(
    #15257),#12539);
#15257 = STYLED_ITEM('color',(#15258),#10791);
#15258 = PRESENTATION_STYLE_ASSIGNMENT((#15259));
#15259 = SURFACE_STYLE_USAGE(.BOTH.,#15260);
#15260 = SURFACE_SIDE_STYLE('',(#15261));
#15261 = SURFACE_STYLE_FILL_AREA(#15262);
#15262 = FILL_AREA_STYLE('',(#15263));
#15263 = FILL_AREA_STYLE_COLOUR('',#15264);
#15264 = COLOUR_RGB('',0.313304153717,0.484529207832,0.410020903123);
ENDSEC;
END-ISO-10303-21;
